english,ru,uk,pl,bg,ja,zh,fr,pt,pt_br,es
"<font color=""#66cc99"">Free</font> updates for new features, <font color=""#66cc99"">$5</font> for arbitrary changes","<font color=""#66cc99"">Бесплатные</font> изменения для новых функций, <font color=""#66cc99"">$5</font> за произвольные правки","<font color=""#66cc99"">Безкоштовні</font> оновлення для нових функцій, <font color=""#66cc99"">$5</font> за довільні зміни","<font color=""#66cc99"">Bezpłatne</font> aktualizacje nowych funkcji, <font color=""#66cc99"">5 USD</font> za dowolne zmiany","<font color=""#66cc99"">Безплатни</font> актуализации за нови функции, <font color=""#66cc99"">$5</font> за произволни промени","新機能のアップデートは<font color=""#66cc99"">無料</font>、任意の変更には<font color=""#66cc99"">5 ドル</font>がかかります","<font color=""#66cc99"">Free</font> updates for new features, <font color=""#66cc99"">$5</font> for arbitrary changes","Mises à  jour <font color=""#66cc99"">gratuites</font> pour les nouvelles fonctionnalités, <font color=""#66cc99"">5Â $</font> pour les modifications arbitraires","Atualizações <font color=""#66cc99"">gratuitas</font> para novos recursos, <font color=""#66cc99"">$5</font> para alterações arbitrárias","Atualizações <font color=""#66cc99"">gratuitas</font> para novos recursos, <font color=""#66cc99"">$5</font> para alterações arbitrárias","Actualizaciones <font color=""#66cc99"">gratuitas</font> para nuevas funciones, <font color=""#66cc99"">$5 USD</font> por cambios arbitrarios."
16:10 Support,Поддержка 16:10,16:10 Підтримка,16:10 Wsparcie,16:10 Подкрепа,16:10 応援,16:10 支持,16:10 Fix,16h10 Suporte,16:10 Suporte,Soporte para 16:10
1st,1-й,1-й,1,1-во,1位,1st,1er,1º,1º,1er
21:9 Stream Fix,Фикс 21:9 для стримов,Виправлення потоку 21:9,Poprawka strumieniowa 21:9,21:9 Stream Fix,21:9 ストリーム修正,21:9 Stream 修复,21:9 Stream Fix,Correção de transmissão 21:9,Correção 21:9,Corrección para 21:9
2nd,2-й,2-й,2,2-ро,2番目,2nd,2ème,2º,2º,2do
3rd,3-й,3-й,3,3-то,3位,3rd,3ème,3º,3º,3er
4:3 Support,Поддержка 4:3,Підтримка 4:3,Wsparcie 4:3,4:3 поддръжка,4:3 サポート,4:3 支持,4:3 Fix,4:3 Suporte,4:3 Suporte,Soporte para 4:3
Ability Cooldown %: --,"Время восстановления способности, %: --",Зарядка здатності %: --,% czasu odnowienia umiejętności: --,% на изчакване на способността: --,アビリティクールダウン%: --,技能冷却时间%: --,% de temps de recharge de la capacité : --,% de Tempo de Recarga da Habilidade: --,% de Tempo de Recarga da Habilidade: --,% de enfriamiento de habilidad: --
Ability Menu Open,Открыто меню скиллов,Відкрити меню можливостей,Menu umiejętności otwarte,Отворете менюто за способности,アビリティメニューオープン,能力菜单打开,Menu de capacité ouvert,Menu de habilidades aberto,Menu de habilidades aberto,Menú de habilidades abierto
Ability Suggestion,Рекомендация способности,Пропозиція здібностей,Sugestia umiejętności,Предложение за способности,能力の提案,能力建议,Suggestion de capacité,Sugestão de habilidade,Sugestão de habilidade,Sugerencia de habilidad
Accent Color,Акцентный цвет,Колір акценту,Kolor akcentujący,Цвят на акцента,アクセントカラー,强调色,Couleur d'accentuation,Cor de destaque,Cor de destaque,Color de acento
Accuracy:,Точность:,Точність:,Dokładność:,Точност:,正確さ：,准确性：,Précision:,Exatidão:,Precisão:,Exactitud:
Accuracy: ,Точность:,Точність:,Dokładność:,Точност:,正確さ：,准确性：,Précision:,Exatidão:,Precisão:,Exactitud:
actionbutton,кнопка действия,кнопка дії,przycisk akcji,бутон за действие,アクションボタン,动作按钮,bouton d'action,botão de ação,botão de ação,botón de acción
Addons,Аддоны,Аддони,Dodatki,добавки,アドオン,插件,Modules complémentaires,Complementos,Complementos,Complementos
Adds a STAT button on profile rows that opens Statlocker for that account.,Добавляет кнопку STAT в строки профиля и открывает Statlocker для этого account ID.,"Додає кнопку STAT до рядків профілю, яка відкриває Statlocker для цього облікового запису.","Dodaje przycisk STAT w wierszach profilu, który otwiera Statlocker dla tego konta.","Добавя бутон STAT в редовете на профила, който отваря Statlocker за този акаунт.",そのアカウントの Statlocker を開く STAT ボタンをプロファイル行に追加します。,在资料行上添加 STAT 按钮，并为该账号打开 Statlocker,Ajoute un bouton STAT sur le profil qui ouvre Statlocker pour ce profil,Adiciona um botão STAT nas linhas do perfil que abre o Statlocker para essa conta.,Adiciona um botão STAT nas linhas do perfil que abre o Statlocker para essa conta.,Agrega un botón STAT en las filas del perfil que abre Statlocker para esa cuenta.
Adjust horizontal position of the in-game chat.,Настраивает горизонтальное положение игрового чата.,Відрегулюйте горизонтальне положення чату в грі.,Dostosuj poziomą pozycję czatu w grze.,Коригирайте хоризонталната позиция на чата в играта.,ゲーム内チャットの水平位置を調整します。,调整游戏内聊天的水平位置。,Ajuste la position horizontale du chat en jeu.,Ajuste a posição horizontal do chat do jogo.,Ajuste a posição horizontal do bate-papo do jogo.,Ajusta la posición horizontal del chat del juego.
Adjust horizontal position of the player healthbar.,Изменяет горизонтальное положение панели здоровья игрока.,Відрегулюйте горизонтальне положення панелі здоров'я гравця.,Dostosuj poziomą pozycję paska zdrowia gracza.,Коригирайте хоризонталната позиция на здравната лента на играча.,プレイヤーのヘルスバーの水平位置を調整します。,调整玩家血条水平位置,Ajuste la position horizontale de la barre de vie du joueur.,Ajuste a posição horizontal da barra de saúde do jogador.,Ajuste a posição horizontal da barra de saúde do jogador.,Ajusta la posición horizontal de la barra de salud del jugador.
Adjust opacity of the player healthbar.,Изменяет прозрачность панели здоровья игрока.,Налаштуйте непрозорість панелі здоров’я гравця.,Dostosuj przezroczystość paska zdrowia gracza.,Регулиране на непрозрачността на лентата за здраве на плейъра.,プレイヤーのヘルスバーの不透明度を調整します。,调整玩家血条不透明度,Ajuste l'opacité de la barre de vie du joueur.,Ajuste a opacidade da barra de saúde do jogador.,Ajuste a opacidade da barra de saúde do jogador.,Ajusta la opacidad de la barra de salud del jugador.
Adjust size of the in-game chat.,Настраивает размер игрового чата.,Налаштуйте розмір чату в грі.,Dostosuj rozmiar czatu w grze.,Регулирайте размера на чата в играта.,ゲーム内チャットのサイズを調整します。,调整游戏内聊天的大小。,Ajuste la taille du chat en jeu.,Ajuste o tamanho do chat do jogo.,Ajuste o tamanho do bate-papo do jogo.,Ajusta el tamaño del chat del juego.
Adjust size of the player healthbar.,Изменяет размер панели здоровья игрока.,Налаштуйте розмір панелі здоров'я гравця.,Dostosuj rozmiar paska zdrowia gracza.,Регулирайте размера на лентата за здраве на играча.,プレーヤーのヘルスバーのサイズを調整します。,调整玩家血条大小,Ajuste la taille de la barre de vie du joueur.,Ajuste o tamanho da barra de saúde do jogador.,Ajuste o tamanho da barra de saúde do jogador.,Ajusta el tamaño de la barra de salud del jugador.
Adjust the in-game chat position and scale.,Настраивает позицию и масштаб игрового чата.,Налаштуйте позицію та масштаб чату в грі.,Dostosuj pozycję i skalę czatu w grze.,Регулирайте позицията и мащаба на чата в играта.,ゲーム内チャットの位置とスケールを調整します。,调整游戏内聊天的位置和缩放。,Ajuste la position et l'échelle du chat en jeu.,Ajuste a posição e a escala do bate-papo no jogo.,Ajuste a posição e a escala do bate-papo no jogo.,Ajusta la posición y escala del chat en el juego.
Adjust vertical position of the in-game chat.,Настраивает вертикальное положение игрового чата.,Відрегулюйте вертикальне положення чату в грі.,Dostosuj pionową pozycję czatu w grze.,Регулирайте вертикалната позиция на чата в играта.,ゲーム内チャットの垂直位置を調整します。,调整游戏内聊天的垂直位置。,Ajuste la position verticale du chat en jeu.,Ajuste a posição vertical do chat do jogo.,Ajuste a posição vertical do bate-papo do jogo.,Ajusta la posición vertical del chat del juego.
Adjust vertical position of the player healthbar.,Изменяет вертикальное положение панели здоровья игрока.,Відрегулюйте вертикальне положення панелі здоров'я гравця.,Dostosuj pionową pozycję paska zdrowia gracza.,Регулирайте вертикалната позиция на здравната лента на играча.,プレーヤーのヘルスバーの垂直位置を調整します。,调整玩家血条垂直位置,Ajuste la position verticale de la barre de vie du joueur.,Ajuste a posição vertical da barra de saúde do jogador.,Ajuste a posição vertical da barra de saúde do jogador.,Ajusta la posición vertical de la barra de salud del jugador.
Advanced,Передовой,Просунутий,Zaawansowany,Разширено,高度な,先进的,Avancé,Avançado,Avançado,Avanzado
Advanced Filter,Расширенный фильтр,Розширений фільтр,Zaawansowany filtr,Разширен филтър,高度なフィルター,高级过滤,Filtre avancé,Filtro avançado,Filtro avançado,Filtro avanzado
Advanced Mode,Расширенный режим,Розширений режим,Tryb zaawansowany,Разширен режим,アドバンスモード,高级模式,Mode avancé,Modo avançado,Modo avançado,Modo avanzado
Skyrunner switch sent.,Запрос на смену героя на Skyrunner,Перемикач Skyrunner надіслано.,Skyrunner przełącznik wysłany.,Превключвателят Skyrunner е изпратен.,Skyrunner スイッチが送信されました。,已发送切换到 Skyrunner 的指令。,Changement de perso Skyrunner,Interruptor Skyrunner enviado.,Interruptor Skyrunner enviado.,Se envió el interruptor Skyrunner.
All commissioned additions are released publicly and available to everyone.,Все заказанные изменения добавляются в публичную версию и доступны всем.,Усі замовлені доповнення опубліковані та доступні кожному.,Wszystkie zamówione dodatki są udostępniane publicznie i dostępne dla każdego.,Всички поръчани допълнения се пускат публично и са достъпни за всички.,委託された追加内容はすべて公開され、誰でも利用できるようになります。,所有委托添加的内容都会公开发布并提供给所有人。,Tous les ajouts commandés sont rendus publics et accessibles à  tous.,Todas as adições comissionadas são divulgadas publicamente e estão disponíveis para todos.,Todas as adições comissionadas são divulgadas publicamente e estão disponíveis para todos.,Todas las funciones por encargo se publican y están disponibles para todos.
Allows you to drag move some menus.,Позволяет перетаскивать некоторые меню.,Дозволяє перетягувати та переміщувати деякі меню.,Umożliwia przeciąganie i przesuwanie niektórych menu.,Позволява ви да плъзгате и премествате някои менюта.,一部のメニューをドラッグして移動できます。,允许您拖动一些菜单。,Vous permet de déplacer certains menus par glisser-déplacer.,Permite arrastar e mover alguns menus.,Permite arrastar e mover alguns menus.,Le permite arrastrar y mover algunos menús.
Ally HP Warning,предупреждение о ОЗ союзника,Союзник HP Попередження,Sojusznik HP Ostrzeżenie,Съюзник HP Предупреждение,味方 HP 警告,友方生命值警告,Avertissement HP allié,Aviso de HP aliado,Aviso de Vida aliado,Aviso de vida baja del aliado
Already at default value.,Уже по умолчанию.,Уже встановлено значення за замовчуванням.,Już przy wartości domyślnej.,Вече е на стойност по подразбиране.,すでにデフォルト値になっています。,已经是默认值了。,Déjà à la valeur par défaut.,Já está no valor por defeito.,Já está no valor padrão.,Ya en el valor predeterminado.
Alt Zoom,Зум миникарты на ALT,Alt Zoom,Alternatywne powiększenie,Alt Zoom,Alt ズーム,Alt 缩放,Zoom ALT,Zoom alternativo,Alt Zoom,Zoom alternativo
Always Hidden,Принудит. всегда скрыто,Завжди прихований,Zawsze ukryty,Винаги скрит,常に非表示,始终隐藏,Toujours caché,Sempre oculto,Sempre oculto,Siempre oculto
Always Shown,всегда отображать чит-меню,Завжди показується,Zawsze pokazane,Винаги се показва,常に表示される,始终显示,Toujours affiché,Sempre mostrado,Sempre mostrado,Siempre visible
Always Visible Boost,Всегда видно ускорение,Завжди видиме підвищення,Zawsze widoczne wzmocnienie,Винаги видимо усилване,常に表示されるブースト,始终可见的提升,Boost toujours visible,Impulso sempre visível,Impulso sempre visível,Boost siempre visible
Always Visible Override,Принудит. всегда видимо,Завжди видиме перевизначення,Zawsze widoczne zastąpienie,Винаги видимо заместване,常に表示されるオーバーライド,始终可见覆盖,Remplacement toujours visible,Substituição sempre visível,Substituição sempre visível,Forzar visibilidad permanente
Ammo,Боезапас,Боєприпаси,Amunicja,Амуниции,弾薬,弹药,Munitions,Munição,Munição,Munición
An always visible zipline boost overlay.,Постоянно отображаемый оверлей буста зиплайна.,Завжди видима накладка для посилення зіплайну.,Zawsze widoczna nakładka doładowania zipline.,Винаги видимо наслагване на zipline.,常に表示されるジップライン ブースト オーバーレイ。,始终可见的滑索加速（zipline boost）叠加层,Un overlay du boost tyrolienne tjrs visible,Uma sobreposição de tirolesa sempre visível.,Uma sobreposição de tirolesa sempre visível.,Una superposición de refuerzo de tirolesa siempre visible.
Angle and Speed,Угол и скорость,Кут і швидкість,Kąt i prędkość,Ъгъл и скорост,角度と速度,角度和速度,Angle et vitesse,Ângulo e Velocidade,Ângulo e Velocidade,Ángulo y velocidad
Announcer,Озвучка событий,Диктор,Spiker,Говорител,アナウンサー,提示音效,Annonceur,Locutor,Locutor,Locutor
Append the selected build title after the build ID.,Добавьте название выбранной сборки после идентификатора сборки.,Додайте назву вибраної збірки після ідентифікатора збірки.,Dołącz wybrany tytuł kompilacji po identyfikatorze kompilacji.,Добавете избраното заглавие на компилация след ИД на компилация.,選択したビルド タイトルをビルド ID の後に追加します。,将选定的构建标题附加到构建 ID 后。,Ajoutez le titre de build sélectionné après l’ID de build.,Anexe o título da compilação selecionada após o ID da compilação.,Anexe o título da compilação selecionada após o ID da compilação.,Agregue el título de la compilación seleccionada después del ID de la compilación.
APPLIED,ПРИМЕНЕНО,ЗАСТОСОВАНО,ZASTOSOWANO,ПРИЛОЖЕНО,適用済み,已应用,APPLIQUÉ,APPLIED,APPLIED,APPLIED
APPLY,ПРИМЕНИТЬ,ЗАСТОСУВАТИ,ZASTOSUJ,ПРИЛОЖИ,適用,应用,APPLIQUER,APPLY,APPLY,APPLY
Arcade,Аркада,Аркада,Arkada,Аркада,アーケード,小游戏,Arcade,Arcada,Fliperama,Arcade
Asmon,Asmon,Асмон,Asmon,Асмон,アスモン,阿斯蒙,Asmon,Asmon,Asmon,Asmón
Audio,Аудио,Аудіо,Dźwięk,Аудио,オーディオ,声音的,Audio,Áudio,Áudio,Audio
Author:,Автор:,Автор:,Autor:,Автор:,著者：,作者：,Auteur:,Autor:,Autor:,Autor:
Automatically selects Lane Preference: With Party for matchmaking.,Автоматически выбирает предпочтение линии: с группой.,Автоматично вибирає Lane Preference: With Party для пошуку партнерів.,Automatycznie wybiera Preferencje pasa: Z drużyną do dobierania graczy.,Автоматично избира Lane Preference: With Party за намиране на партньори.,マッチメイキングにはレーン設定: パーティーありが自動的に選択されます。,匹配时自动选择“分路偏好：与队伍一起,Sélectionne automatiquement la préférence de lane : Avec le groupe pour le matchmaking.,Seleciona automaticamente Preferência de pista: Com grupo para matchmaking.,Seleciona automaticamente Preferência de lane: Com grupo para matchmaking.,Selecciona automáticamente Preferencia de carril: Con grupo para emparejamiento.
Backup & Restore,Резервное копирование и восстановление,Резервне копіювання та відновлення,Kopia zapasowa i przywracanie,Архивиране и възстановяване,バックアップと復元,备份与恢复,Sauvegarde et restauration,Backup e restauro,Backup e restauração,Copia de seguridad y restauración
Base,База,База,Opierać,База,ベース,根据,Base,Base,Base,Base
Be conscious of the features you are using and read carefully.,"Помните о функциях, которые вы используете, и внимательно читайте.","Будьте уважні до функцій, які ви використовуєте, і уважно читайте.","Bądź świadomy funkcji, których używasz i czytaj uważnie.","Бъдете наясно с функциите, които използвате, и прочетете внимателно.",使用している機能に注意して、よく読んでください。,请注意您正在使用的功能并仔细阅读。,Soyez conscient des fonctionnalités que vous utilisez et lisez attentivement.,Esteja ciente dos recursos que está a utilizar e leia com atenção.,Esteja ciente dos recursos que você está usando e leia com atenção.,Sea consciente de las funciones que está utilizando y léalas atentamente.
Bebop Sweeper,Bebop Sweeper,Бібоп Свіпер,Zamiatarka Bebopa,Бибоп Метач,ビバップ・スイーパー,比波普扫雷,Bebop le démineur,Bebop Sweeper,Bebop Sweeper,Bebop Sweeper
Beep,Beep,Звуковий сигнал,Brzęczyk,Звуков сигнал,ビープ,Beep,Bip,Bip,Beep,Pitido
Behavior Summary,Плашка поведения,Резюме поведінки,Podsumowanie zachowania,Резюме на поведението,行動の概要,行为总结,Trust Factor/Comportement,Resumo de comportamento,Resumo de comportamento,Resumen de comportamiento
Best:,Лучший:,Найкраще:,"To, co najlepsze:",Най-добър:,最高：,最好的：,Meilleur:,Melhor:,Melhor:,Mejor:
Best: ,Лучший:,Найкраще:,"To, co najlepsze:",Най-добър:,最高：,最好的：,Meilleur:,Melhor:,Melhor:,Mejor:
Better Item Cooldowns,Улучшенные перезарядки предметов,Кращі часи відновлення предметів,Lepsze czasy odnowienia przedmiotów,По-добро охлаждане на предмети,アイテムのクールダウンの改善,更好的物品冷却时间,Meilleurs cooldowns,Melhores tempos de espera de itens,Melhores Cooldowns,Mejores tiempos de recarga
Better Unsecured,улучшение теряемых душ,Краще незабезпечений,Lepiej niezabezpieczone,По-добре необезпечен,無担保の方が良い,更好的无保障,Better Unsecured,Melhor inseguro,Better Unsecured,Better Unsecured
Better Unsecured Souls,Улучшенные ненадежные души,Краще незахищені душі,Lepsze niezabezpieczone dusze,По-добри незащитени души,より良い安全のない魂,更好的无保障的灵魂,Better Unsecured Souls,Almas melhores e inseguras,Almas Inseguras Melhoradas,Mejores almas sin asegurar
BHOP UI,БХОП UI,BHOP UI,BHOP UI,BHOP UI,BHOP UI,BHOP UI,BHOP UI,BHOP UI,BHOP UI,BHOP UI
Big Number,Большие числа,Велике число,Duża liczba,Голямо число,ビッグナンバー,大数字,Grand nombre,Grande número,Grande número,Número grande
Big Numbers,Большие числа,Великі числа,Wielkie liczby,Големи числа,大きな数字,大数字,Grands nombres,Grandes números,Grandes números,Grandes números
Big Red,Большой и красный,Великий Червоний,Wielki Czerwony,Голямо червено,ビッグレッド,大红色,Grand rouge,Grande Vermelho,Grande Vermelho,Rojo grande
Blackjack,Wraithjack,блекджек,Maczuga,Блекджек,ブラックジャック,Wraithjack,Wraithjack,Wraithjack,Wraithjack,Wraithjack
Blackjack - You win.,Блэкджек – Вы выиграли.,Блекджек - Ви виграли.,Blackjack – wygrywasz.,Блекджек - Вие печелите.,ブラックジャック - あなたの勝ちです。,二十一点 - 你赢了。,Blackjack - Vous gagnez.,Blackjack - Ganha.,Blackjack - Você ganha.,Blackjack: tú ganas.
Blur,Размытие,Розмиття,Plama,Размазване,ぼかし,模糊,Flou,Borrão,Borrão,Desenfoque
Boom. Press New Game.,Бум. Нажмите «Новая игра».,Бум. Натисніть Нова гра.,Wysięgnik. Naciśnij Nowa gra.,Бум. Натиснете Нова игра.,ブーム。新しいゲームを押します。,繁荣。按新游戏。,Boom. Appuyez sur Nouveau jeu.,Bum. Prima Novo Jogo.,Bum. Pressione Novo Jogo.,Auge. Pulsa Nuevo juego.
Bottom Bar,Нижняя панель,Нижня панель,Dolny pasek,Долна лента,ボトムバー,底栏,Barre inférieure,Barra inferior,Barra inferior,Barra inferior
BR Portuguese,БР Португальский,Португальська (Бразилія),Portugalski (Brazylia),Португалски (Бразилия),ブラジルポルトガル語,巴西葡萄牙语,BR Portugais,Português do Brasil,BR Portuguese,Portugués (Brasil)
Bridge Buff,Руна,Міст Бафф,Wzmacniacz mostu,Bridge Buff,ブリッジバフ,桥牌爱好者,Bridge Buff,Bridge Buff,Buff da ponte,Mejoras del puente
Bridge Buff Delay,Время до напоминания о рунах,Затримка Bridge Buff,Opóźnienie wzmocnienia mostu,Bridge Buff Delay,ブリッジバフディレイ,桥增益延迟,Délai du Bridge Buff,Atraso de Buff da Ponte,Atraso de Buff da Ponte,Retraso de mejora del puente
Bridge Buff Timer,Таймер рун,Таймер Bridge Buff,Zegar wzmocnienia mostu,Bridge Buff Timer,ブリッジバフタイマー,桥梁 Buff  计时器,Bridge Buff Timer,Temporizador de Buff de Ponte,Temporizador de Buff de Ponte,Temporizador de mejora del puente
Bridge Buffs,Руны,Бридж баффи,Miłośnicy mostów,Bridge Buffs,ブリッジバフ,桥牌爱好者,Bridge Buffs,Bônus da ponte,Buff da ponte,Mejoras del puente
Budhud,Будхуд,Будхуд,Budhud,Будхуд,ブドゥド,Budhud,Budhud,Budhud,Budhud,Budhud
Buff,Бафф,Бафф,Polerować,Баф,バフ,Buff,Buff,Buff,Buff,Mejora
Buff Delay,Задержка баффа,Затримка баффа,Opóźnienie wzmocnienia,Buff Delay,バフディレイ,Buff 延迟,Délai du buff,Atraso de bônus,Atraso de Buff,Retraso de mejora
Buff Filter,Фильтр баффов,Бафф-фільтр,Filtr wzmacniający,Buff филтър,バフフィルター,Buff 过滤,Filtre des buffs,Filtro de bônus,Filtro de Buff,Filtro de mejora
Buff Reminder,Напоминание о рунах,Нагадування про бафф,Przypomnienie o wzmocnieniu,Напомняне за баф,バフリマインダー,增益提醒,Rappel de buff,Lembrete de bônus,Lembrete de Buff,Recordatorio de mejora
Buff Timer,Таймер баффов,Бафф таймер,Zegar wzmocnienia,Buff Timer,バフタイマー,增益计时器,Buff Timer,Temporizador de bônus,Temporizador de Buff,Temporizador de mejora
Bulgarian,болгарский,Болгарська,Bułgarski,Български,ブルガリア語,保加利亚语,bulgare,búlgaro,búlgaro,búlgaro
Bust - Dealer wins.,Перебор – победа дилера.,Перебір – виграє дилер.,Popiersie – krupier wygrywa.,Бюст - Дилърът печели.,バスト - ディーラーの勝ち。,爆牌 - 庄家获胜。,Buste - Le croupier gagne.,Busto - O dealer ganha.,Busto - O dealer vence.,Busto: el crupier gana.
by,к,за,przez,от,による,经过,par,por,por,por
By default everything is disabled and has nearly zero performance cost.,По умолчанию все отключено и имеет почти нулевую производительность.,За замовчуванням усе вимкнено та має майже нульову вартість продуктивності.,Domyślnie wszystko jest wyłączone i ma prawie zerowy koszt wydajności.,По подразбиране всичко е деактивирано и има почти нулеви разходи за производителност.,デフォルトではすべてが無効になっており、パフォーマンスコストはほぼゼロです。,默认情况下，一切都被禁用，并且性能成本几乎为零。,"Par défaut, tout est désactivé et le coût en performances est presque nul.","Por defeito, tudo está desativado e tem um custo de desempenho quase nulo.","Por padrão, tudo está desabilitado e tem custo de desempenho quase zero.","De forma predeterminada, todo está deshabilitado y tiene un costo de rendimiento casi nulo."
Cancel,Отменить,Скасувати,Anuluj,Отказ,キャンセル,取消,Annuler,Cancelar,Cancelar,Cancelar
Captions,Подписи,Підписи,Napisy,Надписи,キャプション,字幕,Légendes,Legendas,Legendas,Subtítulos
Centered ESC Menu,Отцентровать меню паузы,Меню ESC по центру,Wyśrodkowane menu ESC,Центрирано ESC меню,中央の ESC メニュー,居中 ESC 菜单,Menu ESC centré,Menu ESC centralizado,Menu ESC centralizado,Menú ESC centrado
Centered Friends List,Отцентровать список друзей,Центрований список друзів,Wyśrodkowana lista znajomych,Центриран списък с приятели,中心にある友達リスト,居中好友列表,Liste d'amis centrée,Lista de amigos centralizada,Lista de amigos centralizada,Lista de amigos centrada
Centers ESC menu elements to make them easier to access.,Центрирует элементы меню ESC для более удобного доступа.,"Центрує елементи меню ESC, щоб полегшити до них доступ.","Wyśrodkowuje elementy menu ESC, aby ułatwić do nich dostęp.","Центрира елементите на менюто ESC, за да ги направи по-лесни за достъп.",ESC メニュー要素を中央に配置してアクセスしやすくします。,将 ESC 菜单元素居中，便于操作,Centre les éléments du menu ESC pour les rendre plus faciles d'accès.,Centraliza os elementos do menu ESC para torná-los mais fáceis de acessar.,Centraliza os elementos do menu ESC para torná-los mais fáceis de acessar.,Centra los elementos del menú ESC para facilitar el acceso a ellos.
Centers friends list area in ESC menu.,Центрирует блок списка друзей в меню ESC.,Центрує область списку друзів у меню ESC.,Wyśrodkowuje obszar listy znajomych w menu ESC.,Центрира областта със списъка с приятели в менюто ESC.,ESC メニューのフレンド リスト領域を中央に配置します。,将 ESC 菜单中的好友列表区域居中,Centre la liste d'amis dans le menu ESC.,Centraliza a área da lista de amigos no menu ESC.,Centraliza a área da lista de amigos no menu ESC.,Centros de área de lista de amigos en el menú ESC.
Centers the friends list area within the ESC menu.,Отцентровывает список друзей в ESC,Центрує область списку друзів у меню ESC.,Wyśrodkowuje obszar listy znajomych w menu ESC.,Центрира областта на списъка с приятели в ESC менюто.,ESC メニュー内のフレンド リスト領域を中央に配置します。,在 ESC 菜单中将好友列表区域居中。,Centre la zone de liste d'amis dans le menu ESC.,Centraliza a área da lista de amigos no menu ESC.,Centraliza a área da lista de amigos no menu ESC.,Centra el área de la lista de amigos dentro del menú ESC.
Change Log,Список изменений,Журнал змін,Zmień dziennik,Дневник на промените,変更ログ,变更日志,Journal des modifications,Registro de alterações,Registro de alterações,Registro de cambios
CHANGE LOG,СПИСОК ИЗМЕНЕНИЙ,ЖУРНАЛ ЗМІН,ZMIEŃ LOG,ДНЕВНИК НА ПРОМЯНАТА,変更ログ,更新日志,CHANGE LOG,CHANGE LOG,CHANGE LOG,CHANGE LOG
Changes the element's transparency.,Изменяет прозрачность элемента,Змінює прозорість елемента.,Zmienia przezroczystość elementu.,Променя прозрачността на елемента.,要素の透明度を変更します。,更改该元素的透明度。,Modifie la transparence de l'élément.,Altera a transparência do elemento.,Altera a transparência do elemento.,Cambia la transparencia del elemento.
"Changes the visual theme used by the settings menu, modals, loader, and save menus.","Изменяет визуальную тему, используемую меню настроек, модальными окнами, меню загрузчика и сохранения.","Змінює візуальну тему, яка використовується в меню налаштувань, режимах, меню завантажувача та збереження.","Zmienia motyw wizualny używany przez menu ustawień, moduły, moduł ładujący i menu zapisywania.","Променя визуалната тема, използвана от менюто с настройки, модалните менюта, менютата за зареждане и запазване.",設定メニュー、モーダル、ローダー、および保存メニューで使用されるビジュアルテーマを変更します。,更改设置菜单、模式、加载器和保存菜单使用的视觉主题。,"Modifie le thème visuel utilisé par le menu des paramètres, les modaux, le chargeur et les menus de sauvegarde.","Altera o tema visual utilizado pelo menu de definições, modais, carregador e menus de guardar.","Altera o tema visual usado pelo menu de configurações, modais, carregador e menus de salvamento.","Cambia el tema visual utilizado por el menú de configuración, los modales, el cargador y los menús de guardar."
"Changes urn color to know which side is favored, green for your team, red for the enemy.",Перекрашивает урну в зависимости от перевеса команд.,"Змінює колір урни, щоб знати, яка сторона надає перевагу: зелений для вашої команди, червоний для ворога.","Zmienia kolor urny, aby wiedzieć, która strona jest faworyzowana, zielony dla twojej drużyny, czerwony dla wroga.","Променя цвета на урната, за да разбере коя страна е предпочитана, зелено за вашия отбор, червено за врага.",どちら側が有利かを知るために壺の色を変更します。緑は自分のチーム、赤は敵です。,根据喜欢哪一边来重新着色瓮。,"Change la couleur de l'urne pour savoir quel camp est favorisé, vert pour votre équipe, rouge pour l'ennemi.","Muda a cor da urna para saber qual lado é o favorito, verde para o seu time, vermelho para o inimigo.","Muda a cor da urna para saber qual lado é o favorito, verde para o seu time, vermelho para o inimigo.","Cambia el color de la urna para saber qué bando es el favorito, verde para tu equipo, rojo para el enemigo."
Changes:,Изменения:,Зміни:,Zmiany:,Промени:,変更点:,更改：,Modifications :,Mudanças:,Mudanças:,Cambios:
Changes: ,Изменения:,Зміни:,Zmiany:,Промени:,変更点:,变化：,Modifications : ,Mudanças: ,Mudanças: ,Cambios:
Chat,Чат,Чат,Pogawędzić,Чат,チャット,聊天,Chat,Bater papo,Bate-papo,Chat
Check out our site to join,"Посетите наш сайт, чтобы присоединиться","Перегляньте наш сайт, щоб приєднатися","Sprawdź naszą stronę, aby dołączyć","Разгледайте нашия сайт, за да се присъедините",参加するにはサイトをチェックしてください,查看我们的网站加入,Consultez notre site pour vous inscrire,Consulte o nosso site para participar,Confira nosso site para participar,Visita nuestro sitio para unirte
Chinese,Китайский,Китайська,Chiński,Китайски,中国語,中文,Chinois,Chinese,Chinese,Chino
Choose a preset accent color for the player healthbar frame.,Выберите предустановленный акцентный цвет для рамки панели здоровья игрока.,Виберіть попередньо встановлений колір акценту для рамки панелі здоров’я гравця.,Wybierz wstępnie ustawiony kolor akcentu dla ramki paska zdrowia gracza.,Изберете предварително зададен цвят на акцента за рамката на здравната лента на играча.,プレーヤーのヘルスバー フレームのプリセットのアクセント カラーを選択します。,为玩家生命条框架选择预设强调色。,Choisissez une couleur d'accent prédéfinie pour le cadre de la barre de santé du joueur.,Escolha uma cor de destaque predefinida para o quadro da barra de saúde do jogador.,Escolha uma cor de destaque predefinida para o quadro da barra de saúde do jogador.,Elija un color de acento preestablecido para el marco de la barra de salud del jugador.
Choose a preset border color for stamina charge indicators.,Выберите предустановленный цвет рамки для индикаторов заряда выносливости.,Виберіть попередньо встановлений колір рамки для індикаторів заряду витривалості.,Wybierz wstępnie ustawiony kolor obramowania wskaźników naładowania wytrzymałości.,Изберете предварително зададен цвят на рамката за индикаторите за заряд на издръжливост.,スタミナチャージインジケーターのプリセット境界線の色を選択します。,选择耐力充电指示器的预设边框颜色。,Choisissez une couleur de bordure prédéfinie pour les indicateurs de charge d'endurance.,Escolha uma cor de bordo predefinida para os indicadores de carga de resistência.,Escolha uma cor de borda predefinida para indicadores de carga de resistência.,Elija un color de borde preestablecido para los indicadores de carga de resistencia.
Choose a preset color wash for minimap icons.,Выберите предустановленную цветовую заливку для значков мини-карты.,Виберіть попередньо встановлений відтінок для значків на міні-карті.,Wybierz wstępnie ustawione rozmycie kolorów ikon na minimapie.,Изберете предварително зададено измиване на цветовете за иконите на миникарта.,ミニマップ アイコンのプリセット カラー ウォッシュを選択します。,为小地图图标选择预设颜色清洗。,Choisissez un rendu de couleur prédéfini pour les icônes de la mini-carte.,Escolha uma cor predefinida para os ícones do minimapa.,Escolha uma cor predefinida para os ícones do minimapa.,Elija un lavado de color preestablecido para los íconos del minimapa.
Choose a preset color wash for the bottom ability bar.,Выберите предустановленную цветовую заливку для нижней панели способностей.,Виберіть попередньо встановлений відтінок кольору для нижньої панелі можливостей.,Wybierz wstępnie ustawione rozmycie kolorów dla dolnego paska umiejętności.,Изберете предварително зададено измиване на цвета за долната лента на способностите.,下部のアビリティバーのプリセットカラーウォッシュを選択します。,为底部能力栏选择预设颜色清洗。,Choisissez un lavage de couleur prédéfini pour la barre de capacités inférieure.,Escolha uma cor predefinida para a barra de habilidades inferior.,Escolha uma cor predefinida para a barra de habilidades inferior.,Elija un lavado de color preestablecido para la barra de habilidades inferior.
Choose a preset color wash for the item bar.,Выберите предустановленную цветовую заливку для панели элементов.,Виберіть попередньо встановлений відтінок для панелі елементів.,Wybierz wstępnie ustawione rozmycie kolorów dla paska elementów.,Изберете предварително зададено измиване на цвета за лентата на артикула.,アイテムバーのプリセットカラーウォッシュを選択します。,为项目栏选择预设颜色清洗。,Choisissez un lavage de couleur prédéfini pour la barre d’articles.,Escolha uma cor predefinida para a barra de itens.,Escolha uma cor predefinida para a barra de itens.,Elija un lavado de color preestablecido para la barra de elementos.
Choose a preset color wash for the keyboard overlay.,Выберите предустановленную цветовую заливку для наложения клавиатуры.,Виберіть попередньо встановлений відтінок кольору для накладання клавіатури.,Wybierz wstępnie ustawione rozmycie kolorów dla nakładki klawiatury.,Изберете предварително зададено измиване на цвета за наслагването на клавиатурата.,キーボード オーバーレイのプリセット カラー ウォッシュを選択します。,为键盘覆盖层选择预设颜色清洗。,Choisissez une couleur prédéfinie pour la superposition du clavier.,Escolha uma cor predefinida para a sobreposição do teclado.,Escolha uma cor predefinida para a sobreposição do teclado.,Elija un lavado de color preestablecido para la superposición del teclado.
Choose a preset text color for the ammo display.,Выберите предустановленный цвет текста для отображения боеприпасов.,Виберіть попередньо встановлений колір тексту для дисплея боєприпасів.,Wybierz wstępnie ustawiony kolor tekstu dla wyświetlacza amunicji.,Изберете предварително зададен цвят на текста за дисплея на амунициите.,弾薬表示のプリセットテキストの色を選択します。,选择弹药显示的预设文本颜色。,Choisissez une couleur de texte prédéfinie pour l'affichage des munitions.,Escolha uma cor de texto predefinida para a apresentação da munição.,Escolha uma cor de texto predefinida para a exibição da munição.,Elija un color de texto preestablecido para la visualización de munición.
Choose which bridge buff sound variants can play.,"Выберите, какие варианты звука руны могут воспроизводиться.","Виберіть, які варіанти звуку бридж баф можна відтворювати.","Wybierz, które warianty dźwiękowe wzmocnienia mostu mogą być odtwarzane.",Изберете кои варианти на звук за бридж баф могат да се възпроизвеждат.,どのブリッジ バフ サウンド バリアントを再生できるかを選択します。,选择 桥梁buff 可播放的音效变体,Choisit quelles variantes sonores du buff de pont peuvent jouer.,Escolha quais variantes de som de buff de ponte podem ser reproduzidas.,Escolha quais variantes de som de buff de ponte podem ser reproduzidas.,Elija qué variantes de sonido de mejora del puente pueden reproducir.
Circle,Круг,Коло,Koło,кръг,丸,圆圈,Cercle,Círculo,Círculo,Círculo
Clean Indicators,Чистые индикаторы,Чисті індикатори,Czyste wskaźniki,Чисти индикатори,クリーンインジケーター,清洁指标,Indicateurs propres,Indicadores Limpos,Indicadores Limpos,Indicadores limpios
Clean Stacks,Чистые стаки,Чисті стеки,Czyste stosy,Чисти стекове,クリーンスタック,启用整洁层数显示,Activer des stacks plus clean,Habilitar pilhas limpas,Habilitar pilhas limpas,Habilitar pilas limpias
Cleaner Items,Убрать фон у предметов,Предмети очищення,Czystsze przedmioty,По-чисти предмети,クリーナーアイテム,清洁用品,Articles plus propres,Itens mais limpos,Itens mais limpos,Objetos más limpios
Cleaner Skills,Убрать фон способностей,Навички очищення,Umiejętności sprzątania,По-чисти умения,クリーナースキル,清洁技能,Compétences plus propres,Habilidades de limpeza,Habilidades mais limpas,Habilidades más limpias
Cleans up the styling of reticle hints.,Улучшает стиль подсказок прицела.,Очищає стиль натяків на сітку.,Poprawia styl wskazówek celownika.,Почиства стайлинга на намеци за решетки.,レティクルヒントのスタイルをクリーンアップします。,清理准星提示（reticle hints）的样式,Nettoie le style des indices du réticule.,Limpa o estilo das dicas do retículo.,Limpa o estilo das dicas do retículo.,Limpia el estilo de las sugerencias de retícula.
Cleans up the visuals of the shop stats display without changing the rest of the shop.,"Очищает визуальное отображение статистики магазина, не изменяя остальную часть магазина.","Очищає візуальні елементи відображення статистики магазину, не змінюючи решту магазину.",Czyści wygląd statystyk sklepu bez zmiany reszty sklepu.,"Почиства визуалните елементи на дисплея със статистика на магазина, без да променя останалата част от магазина.",ショップの残りの部分を変更せずに、ショップ統計表示のビジュアルをクリーンアップします。,清理商店统计显示的视觉效果，而不更改商店的其余部分。,Nettoie les visuels de l'affichage des statistiques de la boutique sans modifier le reste de la boutique.,Limpa o aspeto da visualização de estatísticas da loja sem alterar o resto da loja.,Limpa o visual da exibição de estatísticas da loja sem alterar o resto da loja.,Limpia las imágenes de la visualización de estadísticas de la tienda sin cambiar el resto de la tienda.
Cleans up visuals of abilities significantly to reduce clutter.,"Сильно упрощает визуал способностей, уменьшая перегрузку.","Значно очищає візуальні елементи здібностей, щоб зменшити безлад.","Znacznie oczyszcza grafikę umiejętności, aby zmniejszyć bałagan.","Почиства значително визуалните елементи на способностите, за да намали безпорядъка.",アビリティのビジュアルを大幅に整理して乱雑さを軽減します。,大幅清理技能特效以减少画面杂乱,Nettoie considérablement les visuels des capacités pour faciliter la vue,Limpa significativamente o visual das habilidades para reduzir a desordem.,Limpa significativamente o visual das habilidades para reduzir a confusão.,Limpia significativamente las imágenes de las habilidades para reducir el desorden.
Cleans up visuals of the item bar significantly to reduce clutter.,"Сильно упрощает визуал панели предметов, уменьшая перегрузку.","Значно очищає візуальні елементи панелі елементів, щоб зменшити безлад.","Znacznie czyści wygląd paska elementów, aby zmniejszyć bałagan.","Почиства значително визуалните елементи на лентата с елементи, за да намали безпорядъка.",アイテムバーのビジュアルを大幅に整理して乱雑さを軽減します。,大幅清理物品栏视觉效果以减少杂乱,Nettoie considérablement les visuels de la barre d'éléments pour faciliter la vue,Limpa significativamente o visual da barra de itens para reduzir a confusão.,Limpa significativamente o visual da barra de itens para reduzir a confusão.,Limpia significativamente las imágenes de la barra de elementos para reducir el desorden.
Cleans up visuals of the minimap significantly to reduce clutter.,"Сильно упрощает визуал миникарты, уменьшая перегрузку.","Значно очищає візуальні елементи міні-карти, щоб зменшити безлад.","Znacznie oczyszcza wygląd minimapy, aby zmniejszyć bałagan.","Почиства значително визуалните елементи на миникартата, за да намали безпорядъка.",ミニマップのビジュアルを大幅に整理して乱雑さを軽減します。,大幅清理小地图视觉效果以减少杂乱,Simplifie fortement les visuels de la mini-carte pour faciliter la vue,Limpa significativamente o visual do minimapa para reduzir a confusão.,Limpa significativamente o visual do minimapa para reduzir a confusão.,Limpia significativamente las imágenes del minimapa para reducir el desorden.
Cleans up visuals of the shop menu significantly to reduce clutter.,"Сильно упрощает визуал магазина, уменьшая перегрузку.","Значно очищає візуальні елементи меню магазину, щоб зменшити безлад.","Znacznie oczyszcza grafikę menu sklepu, aby zmniejszyć bałagan.","Изчиства значително визуалните елементи на менюто на магазина, за да намали безпорядъка.",ショップ メニューのビジュアルを大幅に整理して乱雑さを軽減します。,大幅清理商店菜单视觉效果以减少杂乱,Simplifie fortement les visuels du menu boutique pour faciliter la vue,Limpa significativamente o visual do menu da loja para reduzir a desordem.,Limpa significativamente o visual do menu da loja para reduzir a confusão.,Limpia significativamente las imágenes del menú de la tienda para reducir el desorden.
CLEAR,ОЧИСТИТЬ,ОЧИСТИТИ,WYCZYŚĆ,ИЗЧИСТИ,クリア,清除,EFFACER,CLEAR,CLEAR,CLEAR
Clear completed.,Очистка завершена.,Очищення завершено.,Wyczyść zakończone.,Изчистването е завършено.,クリア完了しました。,清除完成,Effacement terminé.,Limpeza concluída.,Limpeza concluída.,Borrar completado.
Clear failed.,Очистка не удалась.,Не вдалося очистити.,Wyczyść nie powiodło się.,Изчистването не бе успешно.,クリア失敗しました。,清除失败,Échec de la suppression.,Falha ao limpar.,Falha ao limpar.,Borrado fallido.
Clear in progress...,Идёт очистка...,Триває очищення...,Trwa usuwanie...,Изчистване в ход...,クリア中…,清除进行中……,Suppression en cours...,Limpeza em andamento...,Limpeza em andamento...,Borrado en progreso...
Clear timed out. Try again.,Очистка не вернула ответ вовремя. Попробуйте ещё раз.,Час очікування минув. Спробуйте знову.,Wyczyść upłynął limit czasu. Spróbuj ponownie.,Времето за изчакване за изчистване изтече. Опитайте отново.,クリアタイムアウトになりました。もう一度やり直してください。,清除超时请重试,Le délai d'effacement a expiré. Essayer à  nouveau.,A limpeza expirou. Tente novamente.,A limpeza expirou. Tente novamente.,Se agotó el tiempo de borrado. Intentar otra vez.
CLEARED,ОЧИЩЕНО,ОЧИЩЕНО,WYCZYSZCZONE,ИЗЧИСТЕН,クリア済み,已清除,EFFACÉ,CLEARED,CLEARED,CLEARED
Cleared in,Очистено в,Очищено,Wyczyszczono,Изчистено,クリア済み,清算于,Effacé dans,Liberado em,Liberado em,Borrado en
Clearing builds...,Очищаем билды...,Очищення збірок...,Czyszczenie kompilacji...,Изчистване на компилации...,ビルドをクリアしています...,正在清除构筑……,Effacement des builds...,Limpando compilações...,Limpando compilações...,Borrando compilaciones...
click here,нажмите сюда,натисніть тут,kliknij tutaj,щракнете тук,ここをクリック,点击这里,Clique ici,Clique aqui,Clique aqui,haga clic aquí
Click Radius,Радиус клика,Натисніть Радіус,Kliknij Promień,Кликнете върху Радиус,クリック半径,单击半径,Zone de clic,Clique em Raio,Raio do click,Haga clic en Radio
Click to Notify,"Нажмите, чтобы уведомить","Натисніть, щоб сповістити","Kliknij, aby powiadomić","Щракнете, за да уведомите",クリックして通知,点击通知,Cliquez pour notifier,Clique para notificar,Clique para notificar,Haga clic para notificar
Clip Size % Increase: --,Увеличение размера клипа в %: --,% збільшення розміру кліпу: --,Procentowe zwiększenie rozmiaru klipu: --,% увеличение на размера на клипа: --,クリップ サイズ % 増加: --,剪辑尺寸增加百分比：--,Augmentation en % de la taille du clip : --,Aumento percentual do tamanho do clipe: -,Aumento percentual do tamanho do clipe: -,Aumento % del tamaño del clip: --
Clipboard copy failed.,Копирование в буфер обмена не удалось.,Не вдалося скопіювати буфер обміну.,Kopiowanie do schowka nie powiodło się.,Неуспешно копиране на клипборда.,クリップボードのコピーに失敗しました。,剪贴板复制失败。,La copie du Presse-papiers a échoué.,Falha na cópia da área de transferência.,Falha na cópia da área de transferência.,Error al copiar el portapapeles.
Color,Цвет,Колір,Kolor,Цвят,色,颜色,Couleur,Cor,Cor,Color
Color Warning,Цветовое предупреждение,Кольорове попередження,Ostrzeżenie dotyczące koloru,Цветно предупреждение,色の警告,颜色警告,Couleur d'alerte,Aviso de cor,Aviso de colorido,Advertencia por color
Colored ally top-bar health warnings when at significant thresholds.,Цветные предупреждения о состоянии здоровья союзников на верхней панели при достижении значительных порогов.,"Кольорові сповіщення про стан здоров’я у верхній смузі, коли досягаються значні порогові значення.",Kolorowe ostrzeżenia o stanie zdrowia sojusznika na górnym pasku w przypadku osiągnięcia znacznych progów.,Цветни съюзнически предупреждения за здравето в горната лента при значителни прагове.,重大なしきい値に達した場合、味方のトップバーに色付きのヘルス警告が表示されます。,当达到重要阈值时，彩色盟友顶栏健康警告。,Avertissements de santé colorés dans la barre supérieure des alliés en cas de seuils importants.,Avisos de saúde coloridos na barra superior do aliado quando em limites significativos.,Avisos de saúde coloridos na barra superior do aliado quando em limites significativos.,Advertencias de salud coloreadas de los aliados en la barra superior cuando se encuentran en umbrales significativos.
Colored enemy healthbar warnings when at significant thresholds.,Цветовые предупреждения по HP врага на важных порогах.,"Кольорові попередження про смужку здоров’я ворога, коли досягаються значні пороги.",Kolorowe ostrzeżenia na pasku zdrowia wroga przy znaczących progach.,"Предупреждения за цветна лента за здраве на врага, когато достигнете значителни прагове.",重大なしきい値に達した場合、敵のヘルスバーに色付きの警告が表示されます。,当敌人的生命值达到重要阈值时，会发出彩色的敌人生命值警告。,Avertissements colorés de barre de vie ennemie à  des seuils importants,Avisos coloridos da barra de saúde do inimigo quando em limites significativos.,Avisos coloridos da barra de saúde do inimigo quando em limites significativos.,Advertencias coloreadas en la barra de salud del enemigo cuando se encuentran en umbrales significativos.
Colored enemy top-bar health warnings when at significant thresholds.,Цветные предупреждения о состоянии здоровья противника на верхней панели при достижении значительных порогов.,"Кольорові попередження про здоров’я ворогів у верхній панелі, коли досягаються значні порогові значення.",Kolorowe ostrzeżenia o stanie zdrowia wroga na górnym pasku w przypadku osiągnięcia znacznych progów.,"Цветни предупреждения за здравето на врага в горната лента, когато са на значителни прагове.",重大なしきい値に達した場合、敵のトップバーの体力警告が色付きで表示されます。,当达到重要阈值时，彩色敌人顶栏健康警告。,Avertissements de santé colorés de la barre supérieure de l'ennemi lorsqu'il atteint des seuils importants.,Avisos de saúde coloridos na barra superior do inimigo quando em limites significativos.,Avisos de saúde coloridos na barra superior do inimigo quando em limites significativos.,Advertencias de salud coloreadas del enemigo en la barra superior cuando se encuentran en umbrales significativos.
Colored Health,Цветное здоровье,Кольорове здоров'я,Kolorowe zdrowie,Цветно здраве,色の健康,有色健康,Santé colorée,Saúde Colorida,Saúde Colorida,Vida coloreada
Colored Healthbar,Цветной HP-бар,Кольорова панель здоров'я,Kolorowy pasek zdrowia,Цветна здравна лента,カラーヘルスバー,彩色健康条,Barre de santé colorée,Barra de saúde colorida,Barra de saúde colorida,Barra de vida coloreada
Colored healthbar warnings when at significant thresholds.,Цветовые предупреждения полосы здоровья на важных порогах.,"Кольорові попередження на панелі здоров’я, коли досягаються значні порогові значення.",Kolorowe ostrzeżenia na pasku zdrowia przy znaczących progach.,Предупреждения в цветни здравни ленти при значителни прагове.,重大なしきい値に達すると、ヘルスバーに色付きの警告が表示されます。,生命值在关键阈值时的彩色血条警告,Avertissements colorés de barre de vie à  des seuils importants.,Avisos coloridos da barra de saúde quando em limites significativos.,Avisos coloridos da barra de saúde quando em limites significativos.,Advertencias de colores en la barra de salud cuando se encuentran en umbrales significativos.
Combat Indicator,Индикатор боя,Бойовий індикатор,Wskaźnik walki,Боен индикатор,戦闘インジケーター,战斗指示器,Indicateur de combat,Indicador de Combate,Indicador de Combate,Indicador de combate
Combat Status,Состояние боя,Бойовий статус,Stan walki,Боен статус,戦闘ステータス,战斗状态,Statut de combat,Status de Combate,Status de Combate,Estado de combate
Commission,Комиссия,Комісія,Zamawiać,комисия,手数料,委员会,Commission,Comissão,Comissão,Comisión
Community acknowledgements,Благодарности сообществу,Подяки спільноти,Podziękowania wspólnotowe,Признания на общността,コミュニティの謝辞,社区致谢,Remerciements de la communauté,Reconhecimentos da comunidade,Reconhecimentos da comunidade,Reconocimientos a la comunidad
Compact Layout,Компактный вид,Компактний план,Kompaktowy układ,Компактно оформление,コンパクトなレイアウト,布局紧凑,Disposition compacte,Layout compacto,Layout compacto,Diseño compacto
Compass,Компас,компас,Kompas,Компас,コンパス,罗盘,Boussole,Bússola,Bússola,Brújula
Compass & Speed,Компас и скорость,Компас і швидкість,Kompas i prędkość,Компас и скорост,コンパスとスピード,指南针和速度,Boussole et vitesse,Bússola e velocidade,Bússola e velocidade,Brújula y velocidad
Config,Конфиг,Конфіг,Konfiguracja,Конфиг,設定,配置,Configuration,Configuração,Configurações,Configuración
Confirm,Подтвердить,Підтвердити,Potwierdź,Потвърди,確認,确认,Confirmer,Confirmar,Confirmar,Confirmar
Confirming Skyrunner for clear...,Проверка Skyrunner для чистки...,Підтвердження Skyrunner для очищення...,Potwierdzenie Skyrunner w celu wyczyszczenia...,Потвърждава се Skyrunner за изчистване...,Skyrunner がクリアされていることを確認しています...,正在确认用于清除的 Skyrunner……,Confirmation d'Skyrunner pour la suppression...,Confirmando Skyrunner para limpar...,Confirmando Skyrunner para limpar...,Confirmando Skyrunner para claro...
Console,Консоль,Консоль,Konsola,Конзола,コンソール,安慰,Console,Console,Console,Consola
Console Notes,Примечания к консоли,Примітки до консолі,Notatki konsoli,Бележки за конзолата,コンソールノート,控制台注释,Remarques sur la console,Notas da consola,Notas do console,Notas de la consola
Contact,Контакт,контакт,Kontakt,Контакт,接触,接触,Contact,Contato,Contato,Contacto
Contributors,Участники,Учасники,Twórcy,Сътрудници,コントリビューター,贡献者,Contributeurs,Colaboradores,Colaboradores,Colaboradores
Controls how many enhanced quickbuy preview items are shown.,Управляет количеством отображаемых элементов предпросмотра Enhanced Quickbuy.,Керує кількістю показаних елементів попереднього перегляду Enhanced Quickbuy.,"Określa, ile elementów podglądu Enhanced Quickbuy jest wyświetlanych.",Контролира колко елемента за преглед на Enhanced Quickbuy се показват.,Enhanced Quickbuy のプレビュー項目をいくつ表示するかを制御します。,控制显示多少个 Enhanced Quickbuy 预览物品。,Contrôle le nombre d'éléments d'aperçu Enhanced Quickbuy affichés.,Controla quantos itens de pré-visualização do Enhanced Quickbuy são mostrados.,Controla quantos itens de prévia do Enhanced Quickbuy são mostrados.,Controla cuántos elementos de vista previa de Enhanced Quickbuy se muestran.
COPIED,СКОПИРОВАНО,СКОПІЙОВАНО,SKOPIOWANO,КОПИРАНО,コピー済み,已复制,COPIÉ,COPIED,COPIED,COPIED
COPY,СКОПИРОВАТЬ,КОПІЮВАТИ,KOPIUJ,КОПИРАЙ,コピー,复制,COPIER,COPY,COPY,COPY
Cosmetic Ability,Ивентовые способности,Косметична здатність,Zdolność kosmetyczna,Козметична способност,美容能力,装饰技能,Capacités cosmétique,Habilidade cosmética,Habilidade cosmética,Habilidad cosmética
Crashed. Click playfield to restart.,"Разбился. Нажмите игровое поле, чтобы перезапустить.","Розбився. Натисніть ігрове поле, щоб перезапустити.","Rozbił się. Kliknij pole gry, aby uruchomić ponownie.","Разби се. Щракнете върху игралното поле, за да рестартирате.",クラッシュしました。プレイフィールドをクリックして再起動します。,坠毁了。单击游戏场重新启动。,Crashé. Cliquez sur le terrain de jeu pour redémarrer.,Caiu. Clique no campo de jogo para reiniciar.,Caiu. Clique no campo de jogo para reiniciar.,Se estrelló. Haz clic en el campo de juego para reiniciar.
Crate Overlay,Наложение ящика,Накладка на ящик,Nakładka na skrzynię,Наслагване на каси,クレートオーバーレイ,板条箱覆盖,Superposition de caisse,Sobreposição de caixa,Sobreposição de caixa,Superposición de cajas
Created By,Создатель,Автор,Autor,Създател,作成者,创建者,Créateur,Criador,Criador,Creador
Created By:,Автор фичи:,Створено:,Utworzony przez:,Създаден от:,作成者:,创建者：,Créé par :,Criado por:,Criado por:,Creado por:
Credits,Кредиты,Кредити,Kredyty,Кредити,クレジット,制作人员,Crédits,Créditos,Créditos,Créditos
Crosshair,Прицел,Приціл,Celownik,Мерник,クロスヘア,十字线,Réticule,Mira,Mira,Mira
Current,Текущее кол-во,поточний,Aktualny,Текущ,現在,当前尺寸,Actuel,Atual,Atual,Actual
Current ammo inside of your magazine.,Текущее количество патронов в магазине.,Поточні боєприпаси у вашому магазині.,Aktualna amunicja w twoim magazynku.,Актуални амуниции във вашето списание.,マガジン内の現在の弾薬。,弹匣内当前子弹数,La quantité actuelle de munitions dans votre chargeur.,Munição atual dentro da sua revista.,Munição atual dentro do seu pente.,Munición actual dentro de tu cargador.
Current Size,Размер текущего,Поточний розмір,Aktualny rozmiar,Текущ размер,現在のサイズ,当前尺寸,Taille actuelle,Tamanho atual,Tamanho atual,Tamaño actual
Custom,Кастомный,Custom,Zwyczaj,По поръчка,カスタム,风俗,Personnalisée,Personalizado,Personalizado,Personalizado
"Custom Preset Commission: <font color=""#66cc99"">$25</font>","Заказ персонального пресета: <font color=""#66cc99"">$25</font>","Спеціальна попередньо встановлена ​​комісія: <font color=""#66cc99"">25 доларів США</font>","Niestandardowa wstępnie ustalona prowizja: <font color=""#66cc99"">25 USD</font>","Персонализирана предварително зададена комисионна: <font color=""#66cc99"">$25</font>","カスタムプリセット手数料: <font color=""#66cc99"">$25</font>","自定义预设委托：<font color=""#66cc99"">$25</font>","Commission d'un préréglage : <font color=""#66cc99"">25Â $</font>","Comissão predefinida personalizada: <font color=""#66cc99"">$25</font>","Comissão predefinida personalizada: <font color=""#66cc99"">$25</font>","Preajuste personalizado por encargo: <font color=""#66cc99"">$25 USD</font>"
Customizable Unsecured Souls,Настраиваемые ненадежные души,Настроювані незахищені душі,Konfigurowalne niezabezpieczone dusze,Необезпечени души с възможност за персонализиране,カスタマイズ可能な安全でない魂,可定制的无保障灵魂,Âmes non-sécurisées personnalisables,Almas Inseguras Personalizáveis,Almas Inseguras Personalizáveis,Almas no seguras personalizables
Customize the styling of damage numbers.,Настраивает стиль чисел урона.,Налаштуйте стиль номерів пошкоджень.,Dostosuj styl liczb obrażeń.,Персонализирайте стила на номерата на щетите.,ダメージ数値のスタイルをカスタマイズします。,自定义伤害数字的样式,Personnalise le style des nombres de dégâts.,Personalize o estilo dos números de danos.,Personalize o estilo dos números de danos.,Personaliza el estilo de los números de daños.
Customize the visuals of the incoming damage panel.,Настраивает внешний вид панели входящего урона.,Налаштуйте візуальні ефекти панелі вхідних пошкоджень.,Dostosuj wygląd panelu nadchodzących obrażeń.,Персонализирайте визуализациите на входящия панел за щети.,受けるダメージパネルのビジュアルをカスタマイズします。,自定义受击面板的视觉效果,Personnalise les visuels du panneau de dégâts subis.,Personalize o visual do painel de danos recebidos.,Personalize o visual do painel de danos recebidos.,Personaliza las imágenes del panel de daños entrante.
Customize unsecured souls visuals.,Настраивает внешний вид ненадёжных душ.,Налаштуйте візуальні ефекти незахищених душ.,Dostosuj wygląd niezabezpieczonych dusz.,Персонализирайте визуалните елементи на незащитените души.,安全でない魂のビジュアルをカスタマイズします。,自定义“未稳获魂魄”的视觉效果,Personnalise les visuels des âmes non sécurisées.,Personalize o visual das almas inseguras.,Personalize o visual das almas inseguras.,Personaliza imágenes de almas no seguras.
Customize visibility of target reticle when abilities or items visually show on allies and enemies.,"Настраивает видимость ромба-цели, когда способности или предметы отображаются на союзниках и врагах.","Налаштуйте видимість цільової сітки, коли здібності або предмети візуально відображаються на союзниках і ворогах.","Dostosuj widoczność celownika celu, gdy zdolności lub przedmioty są widoczne na sojusznikach i wrogach.","Персонализирайте видимостта на целевия прицел, когато способностите или предметите се показват визуално на съюзници и врагове.",アビリティやアイテムが味方や敵に視覚的に表示されるときに、ターゲットのレティクルの可視性をカスタマイズします。,自定义目标准星可见性（当技能/物品在友军和敌人身上有视觉表现时）,Personnalise la visibilité du réticule lorsque des capacités ou objets s'affichent sur alliés et ennemis.,Personalize a visibilidade do retículo alvo quando habilidades ou itens aparecerem visualmente em aliados e inimigos.,Personalize a visibilidade do retículo alvo quando habilidades ou itens aparecerem visualmente em aliados e inimigos.,Personaliza la visibilidad de la retícula del objetivo cuando las habilidades o los elementos se muestran visualmente en aliados y enemigos.
Customized healthbars for better visibility or flair.,Кастомные полосы здоровья для лучшей читаемости и стиля.,Індивідуальні смужки здоров'я для кращої видимості або чуття.,Dostosowane paski zdrowia dla lepszej widoczności i stylu.,Персонализирани здравни ленти за по-добра видимост или усет.,ヘルスバーをカスタマイズして視認性やセンスを向上させます。,自定义血条，以提升可见性或风格效果,Barres de vie personnalisées pour une meilleure lisibilité ou un meilleur style.,Barras de saúde personalizadas para melhor visibilidade ou talento.,Barras de saúde personalizadas para melhor visibilidade ou talento.,Barras de salud personalizadas para una mejor visibilidad o estilo.
Damage Fountain,Эффект фонтана на урон,Фонтан пошкоджень,Fontanna uszkodzeń,Фонтан за щети,ダメージファウンテン,伤害数字喷泉特效,Fontaine de dégâts,Fonte de Dano,Dano estilo Fonte,Daño estilo fuente
Damage Numbers,Числа урона,Номери пошкоджень,Liczby uszkodzeń,Числа на щетите,ダメージ数値,伤害数字,Numéros de dégâts,Números de danos,Números de danos,Números de daño
Damage Report,Отчет урона,Звіт про пошкодження,Raport o szkodach,Доклад за щети,被害報告書,伤害报告,Rapport de dégâts,Relatório de danos,Relatório de danos,Reporte de daño
DAMAGE REPORT,ОТЧЕТ О ПОВРЕЖДЕНИЯХ,ЗВІТ ПРО ЗБИТКИ,PROTOKÓŁ SZKODÓW,ДОКЛАД ЗА ЩЕТИ,ダメージレポート,损坏报告,RAPPORT DE DOMMAGES,RELATÓRIO DE DANOS,RELATÓRIO DE DANOS,INFORME DE DAÑOS
Dealer,Дилер,дилер,Kupiec,Дилър,ディーラー,经销商,Revendeur,Distribuidor,Distribuidor,Distribuidor
Dealer blackjack.,Дилерский блэкджек.,Дилерський блекджек.,Blackjack krupiera.,Дилър блекджек.,ディーラーのブラックジャック。,经销商二十一点。,Blackjack avec croupier.,Blackjack do revendedor.,Blackjack do revendedor.,Blackjack del crupier.
Dealer busts - You win.,Ограбление дилера – вы выиграли.,Розбій дилера - ви виграли.,Dealer odpada – wygrywasz.,Арестувани дилъри - Вие печелите.,ディーラーの破綻 - あなたの勝ちです。,荷官破产——你赢了。,Un croupier s'arrête - Vous gagnez.,Apreensões de revendedores - Ganha.,Apreensões de revendedores - Você vence.,El crupier se quiebra: tú ganas.
Dealer wins.,Дилер выигрывает.,Дилер виграє.,Dealer wygrywa.,Дилърът печели.,ディーラーの勝ちです。,经销商获胜。,Le croupier gagne.,O revendedor ganha.,O revendedor vence.,El repartidor gana.
Decide what style of item to display the cooldown of.,"Выберите, какие типы предметов показывать в кулдаунах.","Вирішіть, який стиль предмета відображати час відновлення.","Zdecyduj, w jakim stylu przedmiotu ma być wyświetlany czas odnowienia.",Решете какъв стил на артикула да покажете времето за охлаждане.,クールダウンを表示するアイテムのスタイルを決定します。,决定用哪种物品样式来显示冷却,Détermine quel style d'objet affiche le cooldown,Decida qual estilo de item exibir o tempo de espera.,Decida qual estilo de item exibir o tempo de espera.,Decide de qué estilo de elemento mostrar el tiempo de reutilización.
Deck:,Палуба:,колода:,Pokład:,колода:,デッキ：,甲板：,Pont:,Convés:,Convés:,Cubierta:
Deck: ,Палуба:,колода:,Pokład:,колода:,デッキ：,甲板：,Pont:,Convés:,Convés:,Cubierta:
Default,По умолчанию,За замовчуванням,Domyślne,По подразбиране,デフォルト,默认,Défaut,Predefinição,Padrão,Por defecto
Default 18,По умолчанию 18,За замовчуванням 18,Domyślnie 18,По подразбиране 18,デフォルト 18,默认 18,Par défaut 18,Padrão 18,Padrão 18,Predeterminado 18
Default 400,По умолчанию 400,За замовчуванням 400,Domyślnie 400,По подразбиране 400,デフォルト 400,默认 400,Par défaut 400,Padrão 400,Padrão 400,Predeterminado 400
Default difficulty when opening games.,Сложность по умолчанию при открытии игр.,Стандартна складність при відкритті ігор.,Domyślny poziom trudności podczas otwierania gier.,Трудност по подразбиране при отваряне на игри.,ゲームを開くときのデフォルトの難易度。,打开游戏时默认难度。,Difficulté par défaut lors de l'ouverture des jeux.,Dificuldade padrão ao abrir jogos.,Dificuldade padrão ao abrir jogos.,Dificultad predeterminada al abrir juegos.
Default Hero,Герой по умолчанию,Герой за замовчуванням,Domyślny bohater,Герой по подразбиране,デフォルトヒーロー,默认英雄,Héro par défaut,Herói padrão,Herói padrão,Héroe predeterminado
Defensive Active,Оборонительные активные,Захисний активний,Defensywa aktywna,Дефанзивен активен,ディフェンスアクティブ,防御主动,Défensifs actifs,Ativo Defensivo,Ativo Defensivo,Defensivo Activo
Defensive Passive,Оборонительные пассивные,Захисний пасив,Defensywa pasywna,Защитен пасивен,守備的パッシブ,防御被动,Défensifs passif,Passivo Defensivo,Passivo Defensivo,Pasivo Defensivo
Depending on complexity and work involved,Зависит от сложности и объема работ,Залежно від складності та обсягу роботи,W zależności od złożoności i wymaganego nakładu pracy,В зависимост от сложността и вложената работа,複雑さと関連する作業に応じて,取决于复杂性和涉及的工作,En fonction de la complexité et du travail impliqué,Dependendo da complexidade e do trabalho envolvido,Dependendo da complexidade e do trabalho envolvido,Según la complejidad y el trabajo requerido
"Depending on complexity and work involved, contact me on","В зависимости от сложности и объема работ, свяжитесь со мной в","Залежно від складності та обсягу роботи, зв'яжіться зі мною","W zależności od złożoności i wymaganego nakładu pracy, skontaktuj się ze mną","В зависимост от сложността и работата, свържете се с мен на",複雑さや関連する作業に応じて、私に連絡してください,具体价格取决于复杂度和工作量，请通过以下方式联系我：,"En fonction de la complexité et du travail à  réaliser, contactez-moi au","Dependendo da complexidade e do trabalho envolvido, entre em contato comigo pelo telefone","Dependendo da complexidade e do trabalho envolvido, entre em contato comigo pelo telefone","Dependiendo de la complejidad y el trabajo involucrado, contácteme al"
Difficulty,Сложность,Складність,Trudność,Трудност,困難,难度,Difficulté,Dificuldade,Dificuldade,Dificultad
Ding to Check Minimap,Звуковое напоминание о миникарте,Перевірте мінікарту,"Ding, aby sprawdzić minimapę","Динг, за да проверите миникарта",ミニマップをチェックするために打ってください,叮查看小地图,Ding de rappel pour vérifier la mini-carte,Ding para verificar o minimapa,Ding para verificar o minimapa,Ding para comprobar el minimapa
Disabled,Неполноценный,Вимкнено,Wyłączone,Изключено,無効,残疾人,Désactivé,Desativado,Desabilitado,Desactivado
Discord,Discord,Discord,Discord,Discord,Discord,不和谐,Discord,Discord,Discord,Discord
DISCORD,РАЗНОСЬ,ДИСКОРД,NIEZGODA,ДИСКОРД,不和,不和谐,DISCORDE,DISCÓRDIA,DISCÓRDIA,DISCORDIA
"Discord: <font color=""#66cc99"">civocivocivo</font>","Discord: <font color=""#66cc99"">civocivocivo</font>","Discord: <font color=""#66cc99"">civocivocivo</font>","Discord: <font color=""#66cc99"">civocivocivo</font>","Discord: <font color=""#66cc99"">civocivocivo</font>","Discord: <font color=""#66cc99"">civocivocivo</font>","Discord: <font color=""#66cc99"">civocivocivo</font>","Discord: <font color=""#66cc99"">civocivocivo</font>","Discord: <font color=""#66cc99"">civocivocivo</font>","Discord: <font color=""#66cc99"">civocivocivo</font>","Discord: <font color=""#66cc99"">civocivocivo</font>"
Display Hero,Показать героя,Показати героя,Bohater pokazowy,Герой на дисплея,ディスプレイヒーロー,显示英雄,Afficher le héro,Herói de exibição,Exibir Herói,Mostrar héroe
Display Stats,Показать статистику героя,Показати статистику,Wyświetl statystyki,Показване на статистика,統計の表示,显示统计数据,Afficher les statistiques,Exibir estatísticas,Exibir estatísticas,Mostrar estadísticas
DO NOT PRESS ANY KEYS UNTIL COMPLETE UNLESS PROMPTED,НЕ НАЖИМАЙТЕ КЛАВИШИ ДО ЗАВЕРШЕНИЯ ЕСЛИ НЕ БЫЛО ЗАПРОСОВ НА ЭТО,"НЕ НАТИСНУЙТЕ ЖОДНУ КЛАВІШУ, ДО ЗАВЕРШЕННЯ, ЯКЩО НЕ З’ЯВИТЬСЯ ЗАПИТ","NIE WCISKAJ ŻADNEGO KLAWISZY DO ZAKOŃCZENIA, CHYBA ŻE ZOSTANIE POPROSZONY","НЕ НАТИСКАЙТЕ НИКОЙ КЛАВИШ, ДОКАТО ЗАВЪРШИТЕ, ОСВЕН АКО НЕ СЕ ПОКАЗВАТЕ",プロンプトが表示されない限り、完了するまでキーを押さないでください,除非出现提示，否则请勿按任何键直至完成,APPUIE SUR RIEN DU TOUT SAUF SI PRÉCISÉ (JE TE VOIS HYN),"NÃO PRESSIONE NENHUMA TECLA ATÉ CONCLUIR, A MENOS QUE SOLICITADO","NÃO PRESSIONE NENHUMA TECLA ATÉ CONCLUIR, A MENOS QUE SOLICITADO",NO PRESIONE NINGUNA TECLA HASTA COMPLETAR A MENOS QUE SE LE SOLICITE
Download,Скачать,Завантажити,Pobierać,Изтегляне,ダウンロード,下载,Télécharger,Download,Download,Descargar
Drag,Перетаскивание,Перетягування,Przeciąganie,Плъзгане,ドラッグ,拖,Déplaçable,Arrastar,Arrastar,Arrastrar
Draggable UI,перетаскиваемый интерфейс,Перетягування UI,Przeciągalny UI,UI с възможност за плъзгане,ドラッグ可能なUI,可拖动的用户界面,Interface utilisateur déplaçable,IU arrastável,IU arrastável,UI arrastrable
Draw Over UI,Рисовать поверх интерфейса,Нічия більше UI,Narysuj UI,Теглене върху UI,UIを引き継ぐ,覆盖在 UI 上方绘制,Apparaître au-dessus de l'UI,Desenhar sobre a IU,Desenhar sobre a UI,Dibujar sobre la interfaz de usuario
Draws the minimap over all other UI elements for improved visibility.,Рисует миникарту поверх всех элементов интерфейса для лучшей видимости.,Малює мінікарту поверх усіх інших елементів UI для кращої видимості.,"Rysuje minimapę na wszystkich innych elementach UI, aby poprawić widoczność.",Чертае миникартата върху всички други елементи на UI за подобрена видимост.,視認性を向上させるために、他のすべての UI 要素の上にミニマップを描画します。,将小地图绘制在所有其他 UI 元素之上，以提升可见性,Affiche la mini-carte au-dessus des autres éléments d'interface pour une meilleure visibilité.,Desenha o minimapa sobre todos os outros elementos da IU para melhorar a visibilidade.,Desenha o minimapa sobre todos os outros elementos da UI para melhorar a visibilidade.,Dibuja el minimapa sobre todos los demás elementos de la interfaz de usuario para mejorar la visibilidad.
dropdown,падать,спадний список,menu rozwijane,падащо меню,落ちる,下拉菜单,dérouler,suspenso,suspenso,menú desplegable
Duration,Продолжительность,Тривалість,Czas trwania,Продължителност,間隔,期间,Durée,Duração,Duração,Duración
Easier Access,Облегченный доступ,Простіший доступ,Łatwiejszy dostęp,По-лесен достъп,より簡単なアクセス,更方便的访问,Accès plus facile,Acesso mais fácil,Acesso mais fácil,Acceso más fácil
Easy,Легкий,легко,Łatwy,лесно,簡単,简单,Facile,Fácil,Fácil,Fácil
Elevation Markers,Маркеры высоты,Мітки висоти,Znaczniki wysokości,Маркери за надморска височина,標高マーカー,海拔标记,Marqueurs d'élévation,Marcadores de elevação,Marcadores de elevação,Marcadores de elevación
en,en,en,pl,en,jp,en,fr,pt,pt,es
Enable,Включить,Увімкнути,Włącz,Включи,有効化,启用,Activer,Habilitar,Habilitar,Activar
Enable sounds in arcade games.,Включите звуки в аркадных играх.,Увімкніть звуки в аркадних іграх.,Włącz dźwięki w grach zręcznościowych.,Активиране на звуци в аркадни игри.,アーケード ゲームのサウンドを有効にします。,在街机游戏中启用声音。,Activez les sons dans les jeux d'arcade.,Ative os sons em jogos de arcade.,Habilite sons em jogos de arcade.,Habilitar sonidos en juegos arcade.
Enabled,Включено,Увімкнено,Włączone,Включено,有効,启用,Activé,Habilitado,Habilitado,Activado
Enemy,Враг,Ворог,Wróg,Враг,敵,敌人,Ennemi,Inimigo,Inimigo,Enemigo
Enemy healthbar enhancements.,Улучшения полосы здоровья врага.,Покращення панелі здоров'я противника.,Ulepszenia paska zdrowia wrogów.,Подобрения в здравната лента на противника.,敵のヘルスバーの強化。,敌人生命值栏增强。,Améliorations des barres de vie ennemies,Melhorias na barra de saúde do inimigo.,Melhorias na barra de saúde do inimigo.,Mejoras en la barra de salud del enemigo.
Enemy HP Warning,меняется от здоровья врага,Ворог HP Попередження,Ostrzeżenie HP wroga,Враг HP Предупреждение,敵HP警告,敌方生命值警告,Avertissement HP ennemi,Aviso de HP inimigo,Aviso de Vida inimigo,Aviso de vida baja del enemigo
English,Английский,Англійська,Angielski,Английски,英語,英语,Anglais,English,English,Inglés
Enhanced Count,Количество Enhanced,Кількість Enhanced,Liczba Enhanced,Брой Enhanced,Enhanced 数,Enhanced 数量,Nombre Enhanced,Contagem Enhanced,Contagem Enhanced,Cantidad Enhanced
Enhanced V2 enemy healthbar visuals and readability.,Улучшенный стиль полосок здоровья v2 ,Покращено візуальні ефекти та читабельність панелі здоров’я противника V2.,Ulepszona grafika i czytelność paska zdrowia wroga V2.,Подобрена визуализация и четливост на лентата за здраве на врага V2.,V2 の敵のヘルスバーのビジュアルと読みやすさが強化されました。,增强版 V2 敌人生命条的视觉效果与可读性。,Améliore les visuels et la lisibilité des barres de vie ennemies V2.,Visual e legibilidade aprimorados da barra de saúde do inimigo V2.,Visual e legibilidade aprimorados da barra de saúde do inimigo V2.,Imágenes y legibilidad mejoradas de la barra de salud del enemigo V2.
error,ошибка,помилка,błąd,грешка,エラー,错误,erreur,erro,erro,error
ERROR: Invalid String,ОШИБКА: неверная строка,ПОМИЛКА: Недійсний рядок,BŁĄD: nieprawidłowy ciąg,ГРЕШКА: Невалиден низ,エラー: 無効な文字列,错误：无效字符串,ERREUR : chaîne non valide,ERRO: String inválida,ERRO: String inválida,ERROR: Cadena no válida
Estimated ult cooldowns under top-bar ult icons,Примерная оценка кулдаунов ульт под иконками сверху,Приблизний час відновлення ульта під значками ульта на верхній панелі,Szacowane czasy odnowienia superumiejętności pod ikonami superumiejętności na górnym pasku,Прогнозно време за изчакване на ult под иконите на ult в горната лента,上部バーの ult アイコンの下にある推定 ult クールダウン,顶栏 ult 图标下的预计 ult 冷却时间,Cooldown Ulti estimé en-dessous des icônes des persos,Cooldowns estimados de ult nos ícones de ult da barra superior,Cooldowns estimados de suprema nos ícones de suprema da barra superior,Tiempos de reutilización estimados de ult bajo los íconos de ult de la barra superior
Export Settings,Экспорт настроек,Експорт налаштувань,Eksportuj ustawienia,Експорт на настройки,設定をエクスポート,导出设置,Exporter les paramètres,Exportar configurações,Exportar configurações,Exportar configuración
Export String,Строка экспорта,Експорт рядка,Eksportuj ciąg,Експортиране на низ,文字列のエクスポート,导出字符串,Exporter la chaîne de code,Exportar sequência,Exportar sequência,Exportar cadena
Export string copied.,Строка экспорта скопирована.,Рядок експорту скопійовано.,Eksportuj ciąg znaków skopiowany.,Низът за експортиране е копиран.,エクスポート文字列がコピーされました。,导出字符串已复制。,Chaîne d'exportation copiée.,String de exportação copiada.,String de exportação copiada.,Cadena de exportación copiada.
F,Ф,Ф,F,Е,F,F,F,F,F,F
FAILED,ОШИБКА,ПОМИЛКА,BŁĄD,ГРЕШКА,失敗,失败,ÉCHEC,FAILED,FAILED,FAILED
Failed Hint,Уведомления выносливости,Невдала підказка,Nieudana wskazówka,Неуспешен съвет,失敗したヒント,失败提示,Stamina fail pop-up,Dica falhada,Dica de falha,Fallo de resistencia
Failed to queue save request.,Ошибка при добавлении сохранения в очередь.,Не вдалося поставити запит на збереження в чергу.,Nie udało się ustawić w kolejce żądania zapisania.,Неуспешно поставяне на заявка за запазване на опашка.,保存リクエストをキューに入れることができませんでした。,保存请求加入队列失败,Échec de la mise en file d'attente de la demande de sauvegarde.,Falha ao colocar a solicitação de salvamento na fila.,Falha ao colocar a solicitação de salvamento na fila.,No se pudo poner en cola la solicitud para guardar.
Failed to switch hero.,Не удалось поменять героя.,Не вдалося змінити героя.,Nie udało się zmienić bohatera.,Неуспешно превключване на героя.,ヒーローの切り替えに失敗しました。,切换英雄失败。,Échec du changement de héros.,Falha ao trocar de herói.,Falha ao trocar de herói.,No se pudo cambiar de héroe.
Fighting Game,Файтинг,файтинг,Gra walki,Бойна игра,格闘ゲーム,格斗游戏,Jeu de combat,Jogo de luta,Jogo de luta,Juego de lucha
Filters,Фильтры,Фільтри,Filtry,Филтри,フィルター,过滤器,Filtres,Filtros,Filtros,Filtros
Find all safe tiles. Right-click to flag.,"Найдите все безопасные плитки. Щелкните правой кнопкой мыши, чтобы отметить.","Знайдіть усі безпечні плитки. Клацніть правою кнопкою миші, щоб позначити.","Znajdź wszystkie bezpieczne płytki. Kliknij prawym przyciskiem myszy, aby oznaczyć.","Намерете всички безопасни плочки. Щракнете с десния бутон, за да маркирате.",安全なタイルをすべて見つけます。右クリックしてフラグを立てます。,找到所有安全的瓷砖。右键单击即可标记。,Trouvez toutes les tuiles sûres. Cliquez avec le bouton droit pour signaler.,Encontre todas as peças seguras. Clique com o botão direito para sinalizar.,Encontre todas as peças seguras. Clique com o botão direito para sinalizar.,Encuentra todas las fichas seguras. Haga clic derecho para marcar.
Fire Rate: --,Скорострельность: --,Швидкість вогню: --,Szybkostrzelność: --,Скорост на пожар: --,発射速度: --,射速：--,Cadence de tir : --,Taxa de incêndio: -,Taxa de incêndio: -,Tasa de fuego: --
First Spawns,Первые спавны,Перші нерести,Pierwsze spawnowanie,Първи хайвери,最初のスポーン,第一个产卵,Premières apparitions,Primeiras desovas,Primeiro Nascimento,Primeros engendros
Flags:,Флаги:,Прапори:,Flagi:,Флагове:,フラグ:,标志：,Drapeaux :,Bandeiras:,Bandeiras:,Banderas:
Flags: ,Флаги:,Прапори:,Flagi:,Флагове:,フラグ:,标志：,Drapeaux :,Bandeiras:,Bandeiras:,Banderas:
Flappy Bat,Flappy Bat,Flappy кажан,Flappy Bat,Flappy Bat,フラッピーバット,下坠的蝙蝠,Flappy Bat,Flappy Bat,Flappy Bat,Flappy Bat
Flip,Подбросить,Перевернути,Trzepnięcie,Обръщане,フリップ,翻动,Retourner,Piparote,Virar,Voltear
For custom BHop gamemode UI changes.,Для пользовательского режима игры BHop изменяется UI.,Для спеціального ігрового режиму BHop змінено UI.,W przypadku niestandardowych zmian trybu gry BHop UI.,За персонализирани промени в режима на игра BHop UI.,カスタム BHop ゲームモードの場合、UI が変更されます。,对于自定义 BHop 游戏模式 UI 更改。,Pour les modifications UI du mode de jeu BHop personnalisé.,Para alterações personalizadas do modo de jogo BHop UI.,Para alterações personalizadas do modo de jogo BHop UI.,Para cambios personalizados en el modo de juego BHop UI.
Force Testing Tools,Всегда показывать инструменты,Інструменти тестування сили,Narzędzia do testowania siły,Инструменти за тестване на сила,力試験ツール,力测试工具,Forcer les outils de test,Ferramentas de teste de força,Forçar Ferramentas de Teste,Forzar herramientas de prueba
Forcibly hides testing tools at all times.,Принудительно скрывает инструменты тестирования всегда.,Завжди примусово приховує інструменти тестування.,Zawsze na siłę ukrywa narzędzia testowe.,Принудително скрива инструментите за тестване по всяко време.,テストツールを常に強制的に非表示にします。,强制始终隐藏测试工具,Force le masquage permanent des outils de test.,Oculta à força as ferramentas de teste em todos os momentos.,Oculta à força as ferramentas de teste em todos os momentos.,Oculta a la fuerza las herramientas de prueba en todo momento.
Forcibly shows testing tools at all times.,Принудительно показывает инструменты тестирования всегда.,Завжди примусово показує інструменти тестування.,Wymuszone przez cały czas wyświetlanie narzędzi testowych.,Принудително показва инструменти за тестване по всяко време.,テストツールを常に強制的に表示します。,强制始终显示测试工具,Force l'affichage permanent des outils de test.,Mostra à força ferramentas de teste em todos os momentos.,Mostra à força ferramentas de teste em todos os momentos.,Muestra a la fuerza herramientas de prueba en todo momento.
Fountain-style damage number animation.,"Стиль урона, в котором числа вылетают как фонтан",Анімація кількості пошкоджень у стилі фонтану.,Animacja liczby obrażeń w stylu fontanny.,Анимация с номера на щетите в стил фонтан.,噴水風のダメージ数値アニメーション。,喷泉风格的伤害数字动画。,Animation du numéro de dégâts de style fontaine.,Animação do número de danos no estilo fonte.,Animação do número de danos no estilo de Chafariz.,Animación de números de daños estilo fuente.
FPS Impact:,Влияние на FPS:,Вплив FPS:,Wpływ na liczbę klatek na sekundę:,FPS въздействие:,FPS への影響:,FPS 影响：,Impact sur les FPS  :,Impacto FPS:,Impacto no FPS:,Impacto de FPS:
French,Французский,Французька,Francuski,Френски,フランス語,法语,Français,French,French,Francés
Full Keybinds,Полная раскладка,Повні клавіші,Pełne skróty klawiszowe,Пълни клавишни връзки,完全なキーバインド,完整按键绑定,Raccourcis clavier complets,Atalhos de teclado completos,Atalhos de teclado completos,Combinaciones de teclas completas
Full Keys,Полные клавиши,Повні ключі,Pełne klucze,Пълни ключове,フルキー,全键位,Toutes les touches,Chaves completas,Chaves completas,Teclas completas
Game Audio,Звуки игр,Аудіо гри,Dźwięk z gry,Аудио на играта,ゲームオーディオ,游戏音效,Audio du jeu,Áudio do jogo,Áudio do jogo,Audio del juego
Game Settings,Настройки игр,Налаштування гри,Ustawienia gry,Настройки на играта,ゲーム設定,游戏设置,Paramètres du jeu,Configurações do jogo,Configurações do jogo,Configuración del juego
Gamemodes,Режимы игры,Ігрові режими,Tryby gry,Режими на игра,ゲームモード,游戏模式,Modes de jeu,Modos de jogo,Modos de jogo,Modos de juego
Games,Игры,Ігри,Zawody sportowe,игри,ゲーム,游戏,Jeux,Jogos,Jogos,Juegos
General,Общее,Загальне,Ogólne,Общи,一般,常规,Général,Em geral,Geral,General
Get Filter,Получить фильтр,Отримати фільтр,Pobierz filtr,Вземете филтър,フィルターの取得,获取过滤器,Obtenir le filtre,Obter filtro,Obter filtro,Obtener filtro
Get Filter File Only,Взять только файл фильтра,Отримати лише файл фільтра,Pobierz tylko plik filtra,Вземете само филтърен файл,フィルターファイルのみを取得,仅获取过滤器文件,Télécharger le filtre uniquement,Obter apenas arquivo de filtro,Obter apenas arquivo de filtro,Obtener solo archivo de filtro
Graves Trainer,Graves Trainer,Трейнер Graves,Trener Gravesa,Graves Trainer,グレイブストレーナー,格瑞墓瞄准训练,Graves aim trainer,Treinador de Túmulos,Graves Trainer,Graves Trainer
Greys out heros in the top bar when missing on the map.,"Затемняет героев на верхней панели, когда они пропали с карты.","Засірює героїв у верхній панелі, якщо вони відсутні на карті.","Wyszarza bohaterów na górnym pasku, gdy ich brakuje na mapie.","Оцветява героите в горната лента, когато ги няма на картата.",マップ上でヒーローが見つからない場合、上部のバーでヒーローがグレー表示されます。,当英雄在地图上消失时，在顶栏将其置灰,Assombris fortement les héros dans la barre supérieure lorsqu'ils ne sont pas visibles,Desaparece os heróis na barra superior quando faltam no mapa.,Acinzenta os heróis na barra superior quando somem do mapa.,Atenúa a los héroes en la barra superior cuando faltan en el mapa.
Hard,Тяжелый,важко,Twardy,трудно,難しい,困难,Difficile,Duro,Difícil,Duro
Health Numbers,Цифры здоровья,Числа здоров'я,Liczby zdrowia,Здравни числа,健康数値,健康数据,Numéros de santé,Números de saúde,Números de saúde,Números de salud
Healthbar,Полоса здоровья,Панель здоров'я,Pasek zdrowia,Healthbar,ヘルスバー,健康栏,Barre de vie,Barra de saúde,Barra de saúde,Barra de vida
Help and feedback,Помощь и обратная связь,Довідка та відгук,Pomoc i opinie,Помощ и обратна връзка,ヘルプとフィードバック,帮助和反馈,Aide et commentaires,Ajuda e comentários,Ajuda e comentários,Ayuda y comentarios
Help fund continued development,Помогите финансировать дальнейшее развитие,Допоможіть профінансувати подальший розвиток,Pomóż finansować dalszy rozwój,Помогнете за финансирането на продължаващото развитие,継続的な開発に資金を提供する,帮助资助持续发展,Aidez à financer le développement continu,Ajude a financiar o desenvolvimento contínuo,Ajude a financiar o desenvolvimento contínuo,Ayudar a financiar el desarrollo continuo
"Help, Contact & Support","Помощь, контакты и поддержка","Допомога, контакти та підтримка","Pomoc, kontakt i wsparcie","Помощ, контакт и поддръжка",ヘルプ、連絡先、サポート,帮助、联系和支持,"Aide, contact et support","Ajuda, contacto e suporte","Ajuda, contato e suporte","Ayuda, contacto y soporte"
"Help, feedback, and community","Помощь, обратная связь и сообщество","Допомога, відгуки та спільнота","Pomoc, opinie i społeczność","Помощ, обратна връзка и общност",ヘルプ、フィードバック、コミュニティ,帮助、反馈和社区,"Aide, commentaires et communauté","Ajuda, feedback e comunidade","Ajuda, feedback e comunidade","Ayuda, comentarios y comunidad"
Hero,Герой,Герой,Bohater,Герой,ヒーロー,英雄,Héro,Herói,Herói,Héroe
Hero Icon Size,Размер иконок героев,Розмір значка героя,Rozmiar ikony bohatera,Размер на иконата на героя,ヒーローアイコンのサイズ,英雄图标大小,Taille de l'icône des héros,Tamanho do ícone do herói,Tamanho do ícone do herói,Tamaño del icono del héroe
Hero on Load or Save,Герой для загрузки или сохранения,Герой під час завантаження або збереження,Bohater podczas wczytywania lub zapisywania,Герой при зареждане или запазване,ロードまたは保存時のヒーロー,加载或保存时的英雄,Héros en chargement ou en sauvegarde,Herói ao carregar ou salvar,Herói ao carregar ou salvar,Héroe al cargar o guardar
Hide Ability Suggestion,Скрыть рекомендации способностей,Приховати пропозицію здібностей,Ukryj sugestię umiejętności,Скриване на предложението за способности,能力の提案を隠す,隐藏能力建议,Masquer la suggestion de capacité,Ocultar sugestão de habilidade,Ocultar sugestão de habilidade,Ocultar sugerencia de habilidad
Hide All,Скрыть все,Приховати все,Ukryj wszystko,Скриване на всички,すべて隠す,全部隐藏,Tout masquer,Ocultar tudo,Ocultar tudo,Ocultar todo
Hide Behavior Summary,Скрыть плашку поведения,Приховати зведення про поведінку,Ukryj podsumowanie zachowania,Скриване на резюмето на поведението,動作の概要を非表示にする,隐藏行为摘要,Masquer le Trust Factor/Comportement,Ocultar resumo de comportamento,Ocultar resumo de comportamento,Ocultar resumen de comportamiento
Hide Big Number,Скрыть большие числа,Приховати велике число,Ukryj dużą liczbę,Скриване на големия номер,大きな数字を隠す,隐藏大数字,Masquer les gros nombres,Ocultar grande número,Ocultar grande número,Ocultar número grande
Hide Blur,Убрать размытие,Приховати розмиття,Ukryj rozmycie,Скриване на замъгляването,ぼかしを隠す,隐藏模糊,Masquer le flou,Ocultar desfoque,Ocultar desfoque,Ocultar desenfoque
Hide Circle,Скрыть общее кол-во,Приховати коло,Ukryj okrąg,Скриване на кръг,サークルを隠す,隐藏圆圈,Masquer le cercle,Ocultar Círculo,Ocultar Círculo,Ocultar círculo
Hide Cosmetic Ability,Скрыть косметическую способность,Приховати косметичні здібності,Ukryj zdolność kosmetyczną,Скриване на козметичните способности,美容能力を隠す,隐藏装饰能力,Masquer la capacité cosmétique,Ocultar habilidade cosmética,Ocultar habilidade cosmética,Ocultar habilidad cosmética
Hide Current,Скрыть текущие,Приховати поточний,Ukryj bieżący,Скриване на текущия,現在を隠す,隐藏当前,Masquer l'actuel,Ocultar atual,Ocultar atual,Ocultar actual
Hide Damage Report,Скрыть отчет урона,Приховати звіт про пошкодження,Ukryj raport o szkodach,Скриване на доклада за щети,被害報告を隠す,隐藏损坏报告,Masquer le rapport de dégâts,Ocultar relatório de danos,Ocultar relatório de danos,Ocultar reporte de daños
Hide Failed Hint,Скрыть уведомления выносливости,Сховати невдалу підказку,Ukryj nieudaną wskazówkę,Скриване на неуспешен съвет,失敗したヒントを非表示にする,隐藏失败提示,Masquer le pop-up d'échec de stamina,Ocultar dica com falha,Ocultar dica de falha,Ocultar fallo de resistencia
Hide Icon,Скрыть иконку,Приховати значок,Ukryj ikonę,Скриване на икона,アイコンを隠す,隐藏图标,Masquer l'icône,Ocultar ícone,Ocultar ícone,Ocultar icono
Hide Quick Buy,Скрыть быструю покупку,Приховати Quick Buy,Ukryj Szybki zakup,Скриване на Quick Buy,クイック購入を隠す,隐藏快速购买,Masquer le menu d'achat rapide,Ocultar compra rápida,Ocultar compra rápida,Ocultar compra rápida
Hide Small Numbers,Скрыть малые числа,Приховати маленькі числа,Ukryj małe liczby,Скриване на малки числа,小さい数字を非表示にする,隐藏小数字,Masquer les petits nombres,Ocultar números pequenos,Ocultar números pequenos,Ocultar números pequeños
Hide Testing Tools,Скрыть инструменты,Приховати інструменти тестування,Ukryj narzędzia testowe,Скриване на инструментите за тестване,テストツールを非表示にする,隐藏测试工具,Masquer les outils de test,Ocultar ferramentas de teste,Ocultar Ferramentas de Teste,Ocultar herramientas de prueba
Hide Total,Скрыть общее,Приховати загальну суму,Ukryj sumę,Скриване на общо,合計を隠す,隐藏总计,Masquer le total,Ocultar total,Ocultar total,Ocultar total
Hide Trooper Damage,Скрыть урон по крипам,Приховати пошкодження Trooper,Ukryj obrażenia żołnierza,Скриване на щетите на Trooper,トルーパーのダメージを隠す,隐藏士兵伤害,Masquer les dégâts faits aux troopers,Ocultar dano do soldado,Ocultar dano do soldado,Ocultar daño a los soldado
High,Высокая,Високий,Wysoki,високо,高い,高的,Haut,Alto,Alto,Alto
HIGH FPS IMPACT WARNING!,ВНИМАНИЕ: ВЫСОКАЯ НАГРУЗКА НА FPS!,ПОПЕРЕДЖЕННЯ ЩОДО ВИСОКОГО КАДРУ В СІН!,OSTRZEŻENIE O WPŁYWIE WYSOKIEJ FPS!,ПРЕДУПРЕЖДЕНИЕ ЗА УДАР С ВИСОК FPS!,高 FPS の影響に関する警告!,高帧率冲击警告！,AVERTISSEMENT D'IMPACT FPS ÉLEVÉ !,AVISO DE IMPACTO DE ALTO FPS!,AVISO DE IMPACTO DE FPS ALTO!,¡ADVERTENCIA DE IMPACTO DE ALTOS FPS!
Highlight Mode,Улучшенная видимость,Режим виділення,Tryb podświetlenia,Режим на маркиране,ハイライトモード,高亮模式,Mode surbrillance,Modo de destaque,Modo de destaque,Modo de resaltado
Highlight regeneration in red for when in combat.,Выделите регенерацию красным цветом в бою.,Виділіть регенерацію червоним кольором під час бою.,Zaznacz regenerację na czerwono podczas walki.,"Маркирайте регенерацията в червено, когато сте в битка.",戦闘中の再生を赤で強調表示します。,在战斗中以红色突出显示再生。,Mettez en surbrillance la régénération en rouge pendant le combat.,Destaque a regeneração a vermelho para quando estiver em combate.,Destaque a regeneração em vermelho para quando estiver em combate.,Resalte la regeneración en rojo para cuando esté en combate.
Highlighted abilities showing you what you should upgrade depending on build.,"Подсвечивает способности, которые стоит улучшать в зависимости от билда.","Виділені здібності, які показують вам, що вам слід покращити залежно від збірки.","Podświetlone umiejętności pokazujące, co powinieneś ulepszyć w zależności od kompilacji.","Подчертани способности, които ви показват какво трябва да надстроите в зависимост от компилацията.",強調表示された能力は、ビルドに応じて何をアップグレードする必要があるかを示します。,高亮技能，提示你根据流派/构筑应该升级什么,Montre ou non les capacités suggérées du build,Habilidades destacadas mostrando o que você deve atualizar dependendo da construção.,Habilidades destacadas mostrando o que você deve melhorar dependendo da build.,Habilidades resaltadas que te muestran lo que debes actualizar según la compilación.
Hit,Ударять,хіт,Uderzyć,Хит,打つ,打,Frapper,Bater,Bater,Golpear
Hitmarkers,Хитмаркеры,Хітмаркери,Znaczniki trafień,Hitmarkers,ヒットマーカー,命中标记,Hitmarkers,Marcadores de sucesso,Hitmarkers,Indicadores de impacto
Hits:,Хиты:,хіти:,Hity:,хитове:,ヒット数:,点击次数：,Coups :,Acessos:,Acessos:,Visitas:
Hits: ,Хиты:,хіти:,Hity:,хитове:,ヒット数:,点击次数：,Coups :,Acessos:,Acessos:,Visitas:
Horizontal Offset,Гориз. положение,Горизонтальний зсув,Przesunięcie poziome,Хоризонтално отместване,横方向オフセット,水平偏移,Décalage horizontal,Deslocamento Horizontal,Deslocamento Horizontal,Desplazamiento horizontal
Horizontal Stretch,Гориз. размер,Горизонтальна розтяжка,Rozciągnięcie poziome,Хоризонтално разтягане,水平方向のストレッチ,水平拉伸,Étirement horizontal,Alongamento horizontal,Alongamento horizontal,Estiramiento horizontal
How fast the minimap refreshes.,Частота обновлений миникарты.,Як швидко оновлюється мінікарта.,Jak szybko odświeża się minimapa.,Колко бързо се опреснява миникартата.,ミニマップが更新される速度。,小地图刷新速度,La fréquence de rafraîchissement de la carte,A rapidez com que o minimapa é atualizado.,A rapidez com que o minimapa é atualizado.,Qué tan rápido se actualiza el minimapa.
How much icons will shrink when overlapping with others.,Насколько иконки сжимаются при перекрытии.,Наскільки піктограми зменшаться при накладенні на інші.,Jak bardzo ikony zmniejszą się w przypadku nakładania się na inne.,Колко икони ще се свият при припокриване с други.,アイコンが他のアイコンと重なったときにどれだけ縮小するか。,图标重叠时缩小的幅度,Comment les icônes se rétrécissent quand elles se superposent,Quanto os ícones diminuirão ao se sobreporem a outros.,Quanto os ícones diminuirão ao se sobreporem a outros.,Cuánto se reducirán los iconos al superponerse con otros.
How to Save Settings,Как сохранить настройки,Як зберегти налаштування,Jak zapisać ustawienia,Как да запазите настройките,設定の保存方法,如何保存设置,Comment enregistrer les paramètres,Como salvar configurações,Como salvar configurações,Cómo guardar configuraciones
HP Warning,меняется от здоровья,HP Попередження,HP Ostrzeżenie,HP Предупреждение,HP 警告,惠普警告,Avertissement HP,Aviso HP,Aviso de Vida,Aviso de vida baja
HUD,HUD,HUD,HUD,HUD,HUD,HUD,HUD,HUD,HUD,HUD
HUD Controls,Управление HUD,HUD Елементи керування,Sterowanie HUD,HUD Контроли,HUD コントロール,HUD控制,Commandes du HUD,Controles do HUD,Controles do HUD,Controles del HUD
Hud Shift,Сдвиг HUD,Hud Shift,Zmiana Huda,Hud Shift,ハッドシフト,平视显示器移位,Changement HUD,Mudança de Hud,Mudança de Hud,Desplazamiento del HUD
"I am open to all feedback, suggestions, and ideas!","Я открыт к любым отзывам, предложениям и идеям!","Я відкритий для всіх відгуків, пропозицій та ідей!","Jestem otwarty na wszelkie uwagi, sugestie i pomysły!","Отворен съм за всякакви отзиви, предложения и идеи!",すべてのフィードバック、提案、アイデアを歓迎します。,我对所有反馈、建议和想法持开放态度！,"Je suis ouvert à  tous commentaires, suggestions et idées !","Estou aberto a todos os comentários, sugestões e ideias!","Estou aberto a todos os comentários, sugestões e ideias!","¡Estoy abierto a todo tipo de comentarios, sugerencias e ideas!"
Icon,Иконка,значок,Ikona,Икона,アイコン,图标,Icône,Ícone,Ícone,Icono
Icon Shrink,Сжатие иконок,Зменшення значка,Ikona zmniejsza się,Свиване на иконата,アイコンの縮小,图标缩小,Rétrécicement des icônes,Encolher ícone,Encolher ícone,Icono Reducir
Icons,Иконки,Ікони,Ikony,Икони,アイコン,图标,Icônes,Ícones,Ícones,Iconos
"If saving stalls, open your shop.","Если сохранение зависло, откройте магазин.","Якщо зберігаєте кіоски, відкрийте свій магазин.","Jeśli oszczędzasz stragany, otwórz swój sklep.","Ако запазвате сергии, отворете магазина си.",屋台を節約する場合は、お店を開きます。,如果节省摊位，就开店。,"Si la sauvegarde bloque, ouvre le shop","Se estiver salvando barracas, abra sua loja.","Se o salvamento travar, abra a loja.","Si ahorras puestos, abre tu tienda."
If you encounter issues please join the Discord,"Если вы столкнулись с проблемами, присоединяйтесь к Discord","Якщо у вас виникли проблеми, приєднайтеся до Discord","Jeśli napotkasz problemy, dołącz do Discord","Ако срещнете проблеми, моля, присъединете се към Discord",問題が発生した場合は、Discord に参加してください。,如果您遇到问题，请加入 Discord,"Si vous rencontrez des problèmes, veuillez rejoindre le Discord","Se você encontrar problemas, entre no Discord","Se você encontrar problemas, entre no Discord","Si tienes algún problema, únete al Discord."
"If you encounter issues, need help, or have any feedback join the Discord.","Если возникли проблемы, нужна помощь или есть идеи, присоединяйтесь к Discord.","Якщо у вас виникли проблеми, потрібна допомога або є відгуки, приєднуйтесь до Discord.","Jeśli napotkasz problemy, potrzebujesz pomocy lub masz jakieś uwagi, dołącz do Discord.","Ако срещнете проблеми, имате нужда от помощ или имате обратна връзка, присъединете се към Discord.",問題が発生した場合、サポートが必要な場合、またはフィードバックがある場合は、Discord に参加してください。,如果您遇到问题、需要帮助或有任何反馈，请加入 Discord。,"Si vous rencontrez des problèmes, avez besoin d'aide ou avez des commentaires, rejoignez le Discord.","Se você encontrar problemas, precisar de ajuda ou tiver algum comentário, junte-se ao Discord.","Se você encontrar problemas, precisar de ajuda ou tiver algum comentário, junte-se ao Discord.","Si tiene problemas, necesita ayuda o tiene algún comentario, únase a Discord."
Images in Chat,Изображения в чате,Зображення в чаті,Obrazy na czacie,Изображения в чат,チャット内の画像,聊天中的图像,Images dans le chat,Imagens no chat,Imagens no bate-papo,Imágenes en el chat
Import failed.,Импорт не удался,Помилка імпорту.,Import nie powiódł się.,Неуспешно импортиране.,インポートに失敗しました。,导入失败。,L'importation a échoué.,Falha na importação.,Falha na importação.,La importación falló.
Import Settings,Импорт настроек,Імпорт налаштувань,Importuj ustawienia,Импорт на настройки,設定をインポート,导入设置,Importer les paramètres,Configurações de importação,Importar configurações,Importar configuración
Import String,Строка импорта,Імпорт рядка,Importuj ciąg,Импортиране на низ,文字列をインポートする,导入字符串,Importer la chaîne de code,String de importação,Importar sequência,Importar cadena
Import: applying settings...,Импорт: применяются настройки...,Імпорт: застосування налаштувань...,Importuj: stosowanie ustawień...,Импортиране: прилагане на настройките...,インポート: 設定を適用しています...,导入：正在应用设置……,Importer : appliquer les paramètres...,Importar: aplicando configurações...,Importar: aplicando configurações...,Importar: aplicar configuración...
Import: parsing string...,Импорт: обработка строки...,Імпорт: розбір рядка...,Import: analizowanie ciągu...,Импортиране: анализ на низ...,インポート: 文字列を解析中...,导入：正在解析字符串……,Importer : analyse de la chaîne...,Importar: analisando string...,Importar: analisando string...,Importar: cadena de análisis...
Import: refreshing UI...,Импорт: перезагружается интерфейс...,Імпорт: оновлення UI...,Import: odświeżanie UI...,Импортиране: опресняване на UI...,インポート: UI を更新します...,导入：正在刷新 UI……,Importer : rafraîchissement de l'UI...,Importar: atualizando a IU...,Importar: atualizando a IU...,Importar: actualizar la interfaz de usuario...
Improve Ability Stacks,Улучшает отображение стаков способностей.,Покращення стеків здібностей,Ulepszaj stosy umiejętności,Подобрете купчините способности,アビリティスタックを改善する,改进技能层数（Ability Stacks）,Améliore l'affichage des stacks de capacités.,Melhore as pilhas de habilidades,Melhore as pilhas de habilidades,Mejorar las pilas de habilidades
Improved Hint,Улучшенная подсказка,Покращена підказка,Ulepszona wskazówka,Подобрена подсказка,改善されたヒント,改进的提示,Indice amélioré,Dica melhorada,Dica melhorada,Pista mejorada
IN COMBAT,В БОЮ,В БОЮ,W WALCE,В БОРБА,戦闘中,战斗中,EN COMBAT,EM COMBATE,EM COMBATE,EN COMBATE
In Seconds,В секундах,За секунди,W kilka sekund,За секунди,数秒で,几秒钟内,En secondes,Em segundos,Em segundos,En Segundos
info,информация,інформація,informacje,инфо,情報,信息,infos,informações,informações,información
Invalid import string.,Неверный код настроек,Недійсний рядок імпорту.,Nieprawidłowy ciąg importu.,Невалиден низ за импортиране.,インポート文字列が無効です。,导入字符串无效。,Chaîne d'importation invalide.,String de importação inválida.,String de importação inválida.,Cadena de importación no válida.
"Issues, Feedback and Ideas","Проблемы, отзывы и идеи","Проблеми, відгуки та ідеї","Problemy, opinie i pomysły","Проблеми, обратна връзка и идеи",問題、フィードバック、アイデア,问题、反馈和想法,"Problèmes, commentaires et idées","Problemas, comentários e ideias","Problemas, comentários e ideias","Problemas, comentarios e ideas"
Item Cooldowns,Перезарядки предметов,Перезарядка предметів,Czasy odnowienia przedmiotów,Изчакване на артикул,アイテムのクールダウン,物品冷却时间,Cooldowns,Recargas de itens,Cooldowns de itens,Tiempo de recarga de objetos
Item Target Reticle,Прицел предметов,Пункт Цільова сітка,Siatka docelowa przedmiotu,Артикул Целева решетка,アイテム ターゲット レティクル,目标准星指示,Cible réticule,Retículo alvo do item,Retículo alvo do item,Mira de objetos
Japanese,японский,Японська,Japoński,Японски,日本語,日本人,japonais,japonês,japonês,japonés
Keyboard,Клавиатура,Клавіатура,Klawiatura,Клавиатура,キーボード,键盘,Overlay clavier,Teclado,Teclado,Teclado
Klutz's Bar,Бар Клуца,Бар Клуца,Bar Klutza,Барът на Клуц,クルッツバー,克鲁兹酒吧,Barre de Klutz,Bar do Klutz,Bar do Klutz,Bar Klutz
Lane with Party,Линия с группой,Провулок з партією,Pas z imprezą,Лейн с Парти,パーティーのあるレーン,与队伍同路线,Lane avec le groupe,Pista com Festa,Lane com grupo,Carril con fiesta
Language,Язык,Мова,Język,Език,言語,语言,Langue,Linguagem,Linguagem,Lenguaje
Latest updates and version notes,Последние обновления и примечания к версии,Останні оновлення та примітки до версій,Najnowsze aktualizacje i uwagi do wersji,Последни актуализации и бележки за версията,最新のアップデートとバージョンノート,最新更新和版本说明,Dernières mises à jour et notes de version,Últimas atualizações e notas de versão,Últimas atualizações e notas de versão,Últimas actualizaciones y notas de versión.
Legacy Durations,Старые полосы длительности,Застарілі терміни,Starsze czasy trwania,Наследени продължителности,従来の期間,传统持续时间条,Durées classiques,Durações legadas,Durações legado,Duraciones clásicas
Light Item Cooldowns,Легкие перезарядки предметов,Перезарядка легких предметів,Czas odnowienia lekkich przedmiotów,Охлаждания на леки предмети,ライトアイテムのクールダウン,Light Item Cooldowns,Light Item Cooldowns,Recargas de itens leves,Recargas de itens leve,Tiempos de recarga de objetos ligero
Local settings loaded.,Локальные настройки загружены.,Локальні налаштування завантажено.,Załadowano ustawienia lokalne.,Локалните настройки са заредени.,ローカル設定がロードされました。,本地设置已加载。,Paramètres locaux chargés.,Configurações locais carregadas.,Configurações locais carregadas.,Configuración local cargada.
Loud,Громко,Голосно,Głośny,Силно,うるさい,大声,Fort,Alto,Alto,Alto
Low,Низкая,Низький,Niski,ниско,低い,低的,Faible,Baixo,Baixo,Bajo
Low Stamina Popup,убирает выскакивающие уведомления,Спливаюче вікно з низькою витривалістю,Wyskakujące okienko o niskiej wytrzymałości,Изскачащ прозорец с ниска издръжливост,スタミナ低下ポップアップ,低耐力弹出窗口,Fenêtre contextuelle de stamina bass,Pop-up de baixa resistência,Pop-up de baixa stamina,Aviso de resistencia baja
"Makes the minimap rotate with player view, this is just for fun.","Поворачивает миникарту вместе с направлением игрока, опция для фана.","Змушує мінікарту обертатися під час перегляду гравця, це просто для розваги.","Sprawia, że ​​minimapa obraca się wraz z widokiem gracza. To tylko zabawa.","Кара миникартата да се върти с изглед на играч, това е само за забавление.",ミニマップをプレイヤービューとともに回転させます。これは単なる遊びです。,让小地图随玩家视角旋转（仅供娱乐）,"Fait pivoter la mini-carte avec la vue du joueur,(ça donne v'là le tournis)","Faz o minimapa girar com a visualização do jogador, isso é apenas para diversão.","Faz o minimapa girar com a visualização do jogador, isso é apenas para diversão.","Hace que el minimapa gire con la vista del jugador, esto es sólo por diversión."
Max Health: --,Максимальное здоровье: --,Максимальне здоров'я: --,Maksymalne zdrowie: --,Максимално здраве: --,最大体力: --,最大生命值：--,Santé maximale : --,Saúde máxima: -,Saúde máxima: -,Salud máxima: --
Max Notifications,Максимальное количество уведомлений,Макс сповіщень,Maksymalna liczba powiadomień,Макс. известия,最大通知数,最大通知数,Notifications maximales,Máximo de notificações,Máximo de notificações,Notificaciones máximas
Medium,Средняя,Середній,Średni,Среден,中くらい,中等,Moyen,Médio,Médio,Medio
Menu when you receive a punishment for breaking game rules.,"Меню, которое появляется при наказании за нарушение правил игры.","Меню, коли ви отримуєте покарання за порушення правил гри.","Menu, gdy otrzymasz karę za złamanie zasad gry.","Меню, когато получите наказание за нарушаване на правилата на играта.",ゲームルールを破って罰を受けたときのメニュー。,违反游戏规则受到惩罚时弹出的菜单,"C'est genre si t'es toxique et que t'as un cooldown, ou parce que t'as quitté et que dcp t'as une mauvaise rép",Menu quando você recebe uma punição por quebrar as regras do jogo.,Menu quando você recebe uma punição por quebrar as regras do jogo.,Menú cuando recibes un castigo por romper las reglas del juego.
Meta Settings,Настройки мода,Мета налаштування,Ustawienia meta,Мета настройки,メタ設定,基本设置,Autres paramètres,Metaconfigurações,Metaconfigurações,Metaconfiguraciones
Metro Button,Функция для ABL,Кнопка метро,Przycisk metra,Бутон за метро,メトロボタン,地铁按钮,Bouton Metro,Botão Metrô,Botão Metro,Botón Metro
Mid Boss Timer,Таймер мид-босса,Таймер Mid Boss,Licznik czasu średniego bossa,Mid Boss Timer,中ボスタイマー,Mid Boss 计时器,Mid Boss Timer,Temporizador de chefe médio,Temporizador do Mid Boss,Temporizador del jefe central
Midtown-only crate markers on the minimap.,"Маркеры ящиков, доступные только в центре города, на мини-карте.",Маркери ящиків лише для центру міста на міні-карті.,Znaczniki skrzyń dostępnych wyłącznie w Midtown na minimapie.,Маркери за сандъци само в центъра на миникартата.,ミニマップ上のミッドタウン限定の木箱マーカー。,小地图上仅限中城的板条箱标记。,Marqueurs de caisses réservés au centre-ville sur la mini-carte.,Marcadores de caixas apenas no centro da cidade no minimapa.,Marcadores de caixas somente no centro da cidade no minimapa.,Marcadores de cajas exclusivos del centro de la ciudad en el minimapa.
Mines:,Мины:,Шахти:,Kopalnie:,мини:,鉱山:,地雷：,Mines :,Minas:,Minas:,Minas:
Mines: ,Мины:,Шахти:,Kopalnie:,мини:,鉱山:,地雷：,Mines :,Minas:,Minas:,Minas:
Minimalist,Минималистичный,Мінімалістичний,Minimalistyczne,Минималистично,ミニマル,极简,Minimaliste,Minimalista,Minimalista,Minimalista
Minimalist Abilities,Минималистичные способности,Мінімалістичні здібності,Minimalistyczne zdolności,Минималистични способности,ミニマリストの能力,极简技能栏,Capacités minimalistes,Habilidades minimalistas,Habilidades minimalistas,Habilidades minimalistas
Minimalist Healthbar,Маленькая полоска HP,Мінімалістична панель здоров'я,Minimalistyczny pasek zdrowia,Минималистична здравна лента,ミニマリストヘルスバー,极简健康栏,Barre de santé minimaliste,Barra de saúde minimalista,Barra de saúde minimalista,Barra de vida minimalista
Minimalist Item Bar,Минималистичная панель предметов,Мінімалістична панель предметів,Minimalistyczny pasek przedmiotów,Минималистична лента с елементи,ミニマリストアイテムバー,极简物品栏,Barre d'items minimaliste,Barra de itens minimalista,Barra de itens minimalista,Barra de objetos minimalista
Minimalist Minimap,Минимал. миникарта,Мінімалістична міні-карта,Minimalistyczna minimapa,Минималистична миникарта,ミニマリストのミニマップ,极简小地图,Mini-carte minimaliste,Minimapa minimalista,Minimapa minimalista,Minimapa minimalista
Minimalist Opacity,Прозрачность минималистичной карты,Мінімалістична непрозорість,Minimalistyczna nieprzezroczystość,Минималистична непрозрачност,ミニマリストの不透明度,极简不透明度,Opacité minimaliste,Opacidade minimalista,Opacidade minimalista,Opacidad minimalista
Minimap,Миникарта,Мінікарта,Minimapa,Миникарта,ミニマップ,小地图,Mini-carte,Minimapa,Minimapa,Minimapa
Minimap Reminder,Напоминание о миникарте,Нагадування мінікарти,Przypomnienie o minimapie,Напомняне за мини карта,ミニマップリマインダー,小地图提醒,Rappel mini-carte,Lembrete de minimapa,Lembrete de minimapa,Recordatorio de minimapa
Mirror unsecured gold number,Отзеркаливать ненадежные души,Дзеркальний незабезпечений золотий номер,Lustrzany niezabezpieczony złoty numer,Огледален необезпечен златен номер,ミラーの無担保ゴールドナンバー,镜像无担保金号,Mirroiter l'or non-sécurisé,Espelhar número ouro inseguro,Espelhar número ouro inseguro,Reflejar número de almas no aseguradas
Misses:,Промахи:,промахи:,Tęskni:,пропуски:,ミス:,错过：,Manques :,Falta:,Falta:,Fallos:
Misses: ,Промахи:,промахи:,Tęskni:,пропуски:,ミス:,错过：,Manques :,Falta:,Falta:,Fallos:
Missing Hero Opaque,Скрыть пропавших героев,Непрозорий герой,Brakujący bohater nieprzezroczysty,Липсва Hero Opaque,行方不明のヒーロー不透明,消失的英雄不透明化,Héros manquant assombris,Herói desaparecido opaco,Herói desaparecido opaco,Héroe perdido opaco
Modify damage numbers for a cleaner style and animation to be more out of the way,"Измените цифры урона, чтобы стиль был чище, а анимация была более незаметной.","Змініть кількість ушкоджень, щоб створити чистіший стиль і анімацію, щоб не заважати","Zmodyfikuj liczby obrażeń, aby uzyskać czystszy styl i animację, aby były mniej przeszkadzające","Променете номерата на щетите за по-изчистен стил и анимация, за да бъдете по-далеч от пътя",よりクリーンなスタイルとアニメーションを邪魔にならないようにダメージ数値を変更します。,修改伤害数字以获得更简洁的风格和动画，使其更加不碍事,Modifiez les numéros de dégâts pour un style et une animation plus propres afin d'être plus à l'écart,Modifique os números de danos para um estilo e animação mais limpos e mais fora do caminho,Modifique os números de danos para um estilo e animação mais limpos e mais fora do caminho,Modifique los números de daño para obtener un estilo y una animación más limpios para que no estorben.
MOG is Deadlock's first custom gamemode community server network.,MOG — это первая сеть серверов сообщества Deadlock с пользовательским игровым режимом.,MOG — це перша користувацька мережа серверів спільноти Deadlock.,MOG to pierwsza niestandardowa sieć serwerów społecznościowych Deadlock.,MOG е първата персонализирана мрежа от общностен сървър на Deadlock.,MOG は、Deadlock の最初のカスタム ゲームモード コミュニティ サーバー ネットワークです。,MOG 是 Deadlock 的第一个自定义游戏模式社区服务器网络。,MOG est le premier réseau de serveurs communautaires en mode jeu personnalisé de Deadlock.,MOG é a primeira rede de servidores comunitários de modo de jogo personalizado de Deadlock.,MOG é a primeira rede de servidores comunitários de modo de jogo personalizado de Deadlock.,MOG es la primera red de servidores comunitarios con modo de juego personalizado de Deadlock.
moglock.gg,moglock.gg,moglock.gg,moglock.gg,moglock.gg,moglock.gg,moglock.gg,moglock.gg,moglock.gg,moglock.gg,moglock.gg
Move ability stacks to bottom-center of ability icon,Переместите стопки способностей в центр нижней части значка способности.,Перемістіть стеки здібностей унизу по центру значка здібностей,Przenieś stosy umiejętności na środek dolnej części ikony zdolności,Преместете купчините способности в долния център на иконата на способностите,能力スタックを能力アイコンの中央下に移動します,将能力堆栈移动到能力图标的底部中心,Déplacez les piles de capacités en bas au centre de l'icône de capacité.,Mova as pilhas de habilidades para a parte inferior central do ícone de habilidade,Mova as pilhas de habilidades para a parte inferior central do ícone de habilidade,Mover pilas de habilidades a la parte inferior central del icono de habilidad
Move ability stacks to bottom-center of ability icon.,Переместите стопки способностей в центр нижней части значка способности.,Перемістіть стеки здібностей унизу по центру значка здібностей.,Przesuń stosy umiejętności na środek dolnej części ikony zdolności.,Преместете купчините способности в долния център на иконата на способностите.,能力スタックを能力アイコンの中央下に移動します。,将能力堆栈移动到能力图标的底部中心。,Déplacez les piles de capacités en bas au centre de l’icône de capacité.,Mova as pilhas de habilidades para a parte inferior central do ícone de habilidade.,Mova as pilhas de habilidades para a parte inferior central do ícone de habilidade.,Mueve las pilas de habilidades a la parte inferior central del icono de habilidad.
Move notifications around Rejuvenator and Scoreboard UI.,Перемещайте уведомления по Rejuvenator и табло UI.,Перемістіть сповіщення навколо Rejuvenator і Scoreboard UI.,Przenieś powiadomienia wokół Odmładzacza i Tablicy Wyników UI.,Преместване на известия около Rejuvenator и Scoreboard UI.,Rejuvenator と Scoreboard UI の周りに通知を移動します。,移动 Rejuvenator 和记分板 UI 周围的通知。,Déplacez les notifications autour de Rejuvenator et du tableau de bord UI.,Mover notificações em torno do Rejuvenator e do Scoreboard UI.,Mova notificações em torno do Rejuvenator e do Scoreboard UI.,Mover notificaciones alrededor de Rejuvenator y Scoreboard UI.
Moves the Bridge Buff timer onto the bridge with two smaller centered copies.,Перемещает таймер Bridge Buff на мост с двумя меньшими копиями по центру.,Переміщує таймер Bridge Buff на міст із двома меншими копіями по центру.,"Przesuwa zegar Bridge Buff na mostek z dwiema mniejszymi, wyśrodkowanymi kopiami.",Премества таймера Bridge Buff на моста с две по-малки центрирани копия.,Bridge Buff タイマーを、中央に配置された 2 つの小さなコピーを持つブリッジに移動します。,将 Bridge Buff 计时器移动到具有两个较小的居中副本的桥上。,Déplace le minuteur Bridge Buff sur le pont avec deux copies centrées plus petites.,Move o temporizador Bridge Buff para a ponte com duas cópias mais pequenas centradas.,Move o temporizador Bridge Buff para a ponte com duas cópias menores centralizadas.,Mueve el temporizador Bridge Buff al puente con dos copias más pequeñas centradas.
Moves the element horizontally.,Двигает элемент горизонтально,Переміщує елемент горизонтально.,Przesuwa element w poziomie.,Премества елемента хоризонтално.,要素を水平方向に移動します。,水平移动该元素。,Déplace l'élément horizontalement.,Move o elemento horizontalmente.,Move o elemento horizontalmente.,Mueve el elemento horizontalmente.
Moves the element vertically.,Двигает элемент вертикально,Переміщує елемент вертикально.,Przesuwa element w pionie.,Премества елемента вертикално.,要素を垂直方向に移動します。,垂直移动该元素。,Déplace l'élément verticalement.,Move o elemento verticalmente.,Move o elemento verticalmente.,Mueve el elemento verticalmente.
Moves the Mid Boss timer onto the bridge area of the minimap.,Перемещает таймер Mid Boss в область моста на мини-карте.,Переміщує таймер Mid Boss на область мосту міні-карти.,Przesuwa licznik czasu Mid Boss na obszar mostu na minimapie.,Премества таймера Mid Boss върху мостовата зона на миникартата.,Mid Boss タイマーをミニマップのブリッジ領域に移動します。,将 Mid Boss 计时器移至小地图的桥接区域。,Déplace le minuteur Mid Boss sur la zone du pont de la mini-carte.,Move o temporizador Mid Boss para a área da ponte do minimapa.,Move o cronômetro Mid Boss para a área da ponte do minimapa.,Mueve el temporizador Mid Boss al área del puente del minimapa.
multitoggle,мультипереключатель,мультиперемикач,wieloprzełącznik,мултипревключвател,マルチトグル,多重切换,multi-bascule,alternância múltipla,alternância múltipla,alternancia múltiple
N/A,Н/Д,N/A,Nie dotyczy,N/A,該当なし,不适用,N / A,N / D,N / D,N / A
Neutral Camps,Нейтралы,Нейтральні табори,Obozy neutralne,Неутрални лагери,中立陣営,中立阵营,Camps neutres,Acampamentos Neutros,Acampamentos Neutros,Campamentos neutrales
"New Feature Commission: <font color=""#66cc99"">$10</font> to <font color=""#66cc99"">$100</font>","Заказ новой фичи: <font color=""#66cc99"">$10</font> до <font color=""#66cc99"">$100</font>","Комісія за нові функції: <font color=""#66cc99"">$10</font> до <font color=""#66cc99"">$100</font>","Prowizja za nową funkcję: od <font color=""#66cc99"">10 USD</font> do <font color=""#66cc99"">100 USD</font>","Комисионна за нова функция: <font color=""#66cc99"">$10</font> до <font color=""#66cc99"">$100</font>","新機能コミッション: <font color=""#66cc99"">$10</font> ～ <font color=""#66cc99"">$100</font>","新功能委托：<font color=""#66cc99"">$10</font> 至 <font color=""#66cc99"">$100</font>","Commission d'une nouvelle fonctionnalité : de <font color=""#66cc99"">10Â $</font> à  <font color=""#66cc99"">100Â $</font>","Comissão de novos recursos: <font color=""#66cc99"">$10</font> a <font color=""#66cc99"">$100</font>","Comissão de novos recursos: <font color=""#66cc99"">$10</font> a <font color=""#66cc99"">$100</font>","Encargo de nueva función: <font color=""#66cc99"">$10 USD</font> a <font color=""#66cc99"">$100 USD</font>"
New Game,Новая игра,Нова гра,Nowa gra,Нова игра,新しいゲーム,新游戏,Nouveau jeu,Novo jogo,Novo jogo,Nuevo juego
New Hand,Новая рука,Нова рука,Nowa ręka,Нова ръка,新しい手,新手,Nouvelle main,Nova mão,Nova mão,Nueva mano
New Run,Новый забег,Новий біг,Nowy bieg,Ново изпълнение,新しい実行,新跑,Nouvelle course,Nova corrida,Nova corrida,Nueva ejecución
Nicknames,Никнеймы,Прізвиська,Pseudonimy,Псевдоними,ニックネーム,昵称,Pseudos,Apelidos,Apelidos,Apodos
No color wash,Без стирки цвета,Без змивання кольору,Bez prania koloru,Без измиване на цветовете,カラーウォッシュなし,不洗色,Pas de lavage de couleur,Sem lavagem de cor,Sem lavagem de cor,Sin lavado de color
No filter settings but better FPS.,"Без настроек фильтров, но с более хорошим FPS","Без налаштувань фільтрів, але кращий FPS.","Bez ustawień filtrów, ale lepszy FPS.","Без настройки на филтъра, но по-добър FPS.",フィルター設定はありませんが、FPS が向上します。,没有滤镜设置，但 FPS 更高。,Aucun filtre mais de meilleurs FPS.,"Sem configurações de filtro, mas melhor FPS.","Sem configurações de filtro, mas melhor FPS.",Sin configuraciones de filtro pero con mejores FPS.
No results found,Ничего не найдено,Нічого не знайдено,Brak wyników,Няма намерени резултати,結果が見つかりません,没有找到结果,Aucun résultat,Nenhum resultado encontrado,Nenhum resultado encontrado,No se encontraron resultados
No setting changes detected.,Никаких изменений настроек не обнаружено.,Змін налаштувань не виявлено.,Nie wykryto żadnych zmian ustawień.,Не са открити промени в настройките.,設定の変更は検出されませんでした。,未检测到设置更改。,Aucune modification de paramètre détectée.,Nenhuma alteração de configuração detetada.,Nenhuma alteração de configuração detectada.,No se detectaron cambios de configuración.
None,Нет,жодного,Nic,Няма,なし,没有任何,Aucun,Nenhum,Nenhum,Ninguno
Normal,Средне,нормальний,Normalna,нормално,普通,普通的,Normale,Normal,Normal,Normal
Notify your teammates in chat about how close you are to a quickbuy purchase.,"Сообщите своим товарищам по команде в чате о том, насколько вы близки к быстрой покупке.","Повідомте своїх товаришів по команді в чаті про те, наскільки ви близькі до швидкої покупки.","Powiadom swoich członków drużyny na czacie o tym, jak blisko jesteś szybkiego zakupu.",Уведомете съотборниците си в чата колко близо сте до покупка с бърза покупка.,クイックバイ購入がどのくらい近づいているかをチャットでチームメイトに通知します。,在聊天中通知您的队友您距离快速购买还有多远。,Informez vos coéquipiers dans le chat de votre proximité avec un achat rapide.,Notifique os seus colegas de equipa no chat sobre o quão perto está de uma compra rápida.,Notifique seus colegas de equipe no chat sobre o quão perto você está de uma compra rápida.,Notifique a sus compañeros de equipo en el chat qué tan cerca está de realizar una compra rápida.
Objective Damage,Урон по строениям,Об'єктивне пошкодження,Obiektywne uszkodzenie,Обективни щети,客観的ダメージ,目标伤害,Dégâts aux objectifs,Dano Objetivo,Dano Objetivo,Daño al objetivo
Objective Map,Карта строений,Карта цілей,Mapa obiektywna,Обективна карта,目標マップ,目标地图,Carte des objectifs,Mapa Objetivo,Mapa do Objetivo,Mapa de objetivo
Off,Выкл,Вимкнено,Wyłączony,Изкл,オフ,关闭,Désactivé,Desligado,Desligado,Apagado
Offensive Active,Агрессивные,Напад Активний,Ofensywa aktywna,Офанзива Активен,オフェンスアクティブ,攻击主动,Offensifs actifs,Ofensiva Ativa,Ofensiva Ativa,Ofensivo Activo
Offensive Passive,Агрессивные,Нападальний пасив,Ofensywny pasywny,Офанзивен пасивен,オフェンスパッシブ,攻击被动,Offensifs passif,Passivo Ofensivo,Passivo Ofensivo,Pasivo Ofensivo
On,Вкл,Увімкнено,NA,включено,の上,开启,Activé,Sobre,Ligado,Encendido
On Ability Upgrade,скрывает рекомендации сборок,Про підвищення здатності,O ulepszeniu umiejętności,При надграждане на способности,アビリティアップグレードについて,关于能力提升,Sur l'upgrade des capacités,Na atualização de habilidade,Na melhoria de habilidade,Al mejorar una habilidad
On Death,Показывать во время смерти,Про смерть,O Śmierci,На смъртта,死について,在死亡的时候,à la mort,Na morte,Durante a morte,Al morir
On Death Games,Игры после смерти,Про смертельні ігри,O Igrzyskach Śmierci,На игрите със смъртта,デスゲームについて,论死亡游戏,Mini-jeux quand mort,Sobre Jogos da Morte,Jogos durante a morte,Juegos al morir
"Only download the filter file of the filter you want, nothing else.","Скачивайте только файл нужного фильтра, ничего лишнего.","Завантажте лише потрібний файл фільтра, більше нічого.","Pobierz tylko plik filtra, który chcesz, nic więcej.","Изтеглете само филтърния файл на филтъра, който искате, нищо друго.",必要なフィルターのフィルター ファイルのみをダウンロードし、他には何もダウンロードしません。,只下载你想要的滤镜文件，不需要其他内容,Télécharge juste le filtre voulu et rien d'autre,"Baixe apenas o arquivo de filtro do filtro desejado, nada mais.","Baixe apenas o arquivo de filtro do filtro desejado, nada mais.","Descargue solo el archivo de filtro del filtro que desee, nada más."
Opacity,Прозрачность,Прозорість,Przezroczystość,Прозрачност,不透明度,不透明度,Opacité,Opacidade,Opacidade,Opacidad
Opacity of the background of Minimalist Minimap.,Прозрачность фона минималистичной миникарты.,Непрозорість фону Minimalist Minimap.,Nieprzezroczystość tła minimalistycznej minimapy.,Непрозрачност на фона на Minimalist Minimap.,ミニマリスト ミニマップの背景の不透明度。,极简小地图背景的不透明度,Opacité de l'arrière-plan de la mini-carte minimaliste.,Opacidade do fundo do Minimapa Minimalista.,Opacidade do fundo do Minimapa Minimalista.,Opacidad del fondo del Minimapa minimalista.
Opacity of the underground tunnel overlay while Alt Zoom is active.,Непрозрачность наложения подземного туннеля при активном Alt Zoom.,"Непрозорість накладення підземного тунелю, коли активовано Alt Zoom.","Nieprzezroczystość nakładki podziemnego tunelu, gdy aktywny jest Alt Zoom.","Непрозрачност на наслагването на подземния тунел, докато Alt Zoom е активно.",Alt Zoom がアクティブなときの地下トンネル オーバーレイの不透明度。,Alt Zoom 处于活动状态时地下隧道叠加层的不透明度。,Opacité de la superposition du tunnel souterrain lorsque le zoom Alt est actif.,Opacidade da sobreposição do túnel subterrâneo enquanto o Alt Zoom está ativo.,Opacidade da sobreposição do túnel subterrâneo enquanto Alt Zoom está ativo.,Opacidad de la superposición del túnel subterráneo mientras Alt Zoom está activo.
Opacity of the underground tunnel overlay while Tab Zoom is active.,Непрозрачность наложения подземного туннеля при активном Tab Zoom.,Непрозорість накладення підземного тунелю під час активного масштабування вкладки.,"Nieprzezroczystość nakładki podziemnego tunelu, gdy aktywna jest funkcja Tab Zoom.","Непрозрачност на наслагването на подземния тунел, докато Tab Zoom е активно.",タブ ズームがアクティブなときの地下トンネル オーバーレイの不透明度。,选项卡缩放处于活动状态时地下隧道覆盖层的不透明度。,Opacité de la superposition du tunnel souterrain lorsque Tab Zoom est actif.,Opacidade da sobreposição do túnel subterrâneo enquanto o Tab Zoom está ativo.,Opacidade da sobreposição do túnel subterrâneo enquanto Tab Zoom está ativo.,Opacidad de la superposición del túnel subterráneo mientras Tab Zoom está activo.
Opacity of the underground tunnel overlay.,Непрозрачность наложения подземного туннеля.,Непрозорість накладення підземного тунелю.,Nieprzezroczystość nakładki podziemnego tunelu.,Непрозрачност на наслагването на подземния тунел.,地下トンネルのオーバーレイの不透明度。,地下隧道覆盖层的不透明度。,Opacité de la superposition du tunnel souterrain.,Opacidade da sobreposição do túnel subterrâneo.,Opacidade da sobreposição do túnel subterrâneo.,Opacidad de la superposición del túnel subterráneo.
Open,Открыть,Відкрити,Otwórz,Отвори,開く,打开,Ouvrir,Abrir,Abrir,Abrir
Open Config,Открыть конфиг,Відкрийте Config,Otwórz konfigurację,Отворете Config,構成を開く,打开配置,Ouvrir la configuration,Abrir configuração,Abrir configuração,Abrir configuración
Open random game when dead,Открывать случайную игру при смерти,"Відкрийте випадкову гру, коли мертвий","Otwórz losową grę, gdy jesteś martwy","Отворете произволна игра, когато умрете",死亡時にランダムゲームを開く,死亡时打开随机游戏,Ouvrir un jeu aléatoire une fois mort,Abra o jogo aleatório quando estiver morto,Abra o jogo aleatório quando estiver morto,Abrir juego aleatorio cuando esté muerto.
Open Settings,Открыть настройки,Відкрийте налаштування,Otwórz Ustawienia,Отворете Настройки,設定を開く,打开设置,Ouvrir les paramètres,Abra as Configurações,Abra Configurações,Abrir configuración
Open shop to continue clear.,Откройте магазин что бы продолжить очистку.,"Відкрийте магазин, щоб продовжити очищення.","Otwórz sklep, aby kontynuować.","Отворете магазина, за да продължите ясно.",クリアを続けるためにショップを開いてください。,打开商店以继续清除,Ouvre la boutique pour continuer à supprimer,Abra a loja para continuar limpo.,Abra a loja para continuar limpo.,Abrir tienda para continuar despejado.
Open shop to continue save.,Откройте магазин что бы продолжить сохранение.,"Відкрийте магазин, щоб продовжити економію.","Otwórz sklep, aby kontynuować zapisywanie.","Отворете магазина, за да продължите да спестявате.",保存を続けるにはショップを開いてください。,打开商店以继续保存,Ouvre la boutique pour continuer à sauvegarder,Abra a loja para continuar economizando.,Abra a loja para continuar economizando.,Abra la tienda para continuar ahorrando.
Optimize Filters,Фильтры оптимизации,Оптимізація фільтрів,Optymalizuj filtry,Оптимизиране на филтри,フィルターの最適化,优化过滤器,Filtres optimisés,Otimizar filtros,Otimizar filtros,Optimizar filtros
Optimize Mode,Режим оптимизации,Режим оптимізації,Tryb optymalizacji,Режим за оптимизиране,最適化モード,优化模式,Mode Optimisé,Modo de otimização,Modo de otimização,Modo de optimización
Overlay,Оверлей,Оверлей,Nakładka,Овърлей,オーバーレイ,覆盖,Overlay,Sobreposição,Sobreposição,Overlay
palette,палитра,палітра,paleta,палитра,パレット,调色板,palette,paleta,paleta,paleta
Paste and apply an exported settings string,Вставить и применить экспортированную строку,Вставте та застосуйте експортований рядок налаштувань,Wklej i zastosuj wyeksportowany ciąg ustawień,Поставете и приложете експортиран низ от настройки,エクスポートした設定文字列を貼り付けて適用します,粘贴并应用导出的设置字符串,Colle et applique la chaîne de code,Cole e aplique uma string de configurações exportada,Cole e aplique uma sequência de configurações exportada,Pegar y aplicar una cadena de configuración exportada
Play,Играть,Грати,Graj,Играй,プレイ,游玩,Jouer,Jogar,Jogar,Jugar
Play an audio reminder to remember to look at the minimap.,"Проигрывает звуковое напоминание, чтобы не забывать смотреть на миникарту.","Увімкніть звукове нагадування, щоб не забути подивитися на міні-карту.","Odtwórz przypomnienie dźwiękowe, aby pamiętać o spojrzeniu na minimapę.","Пуснете аудио напомняне, за да не забравите да погледнете миникартата.",ミニマップを見ることを忘れないように音声リマインダーを再生します。,播放音效提醒，提醒你查看小地图,Joue un rappel audio pour penser à  regarder la mini-carte.,Reproduza um lembrete de áudio para lembrar de olhar o minimapa.,Reproduza um lembrete de áudio para lembrar de olhar o minimapa.,Reproduzca un recordatorio de audio para recordar mirar el minimapa.
Play current announcer voice and volume.,Проиграть текущий голос и громкость озвучки.,Відтворити голос і гучність поточного диктора.,Odtwórz bieżący głos i głośność spikera.,Възпроизвеждане на текущия глас и сила на диктора.,現在のアナウンサーの声と音量を再生します。,播放当前播音员的声音和音量。,Jouez la voix et le volume actuels de l'annonceur.,Reproduza a voz e o volume do locutor atual.,Reproduza a voz e o volume do locutor atual.,Reproduzca la voz y el volumen del locutor actual.
Play current announcer voice.,Проиграть текущий голос.,Відтворити поточний голос диктора.,Odtwórz bieżący głos spikera.,Възпроизвеждане на текущия глас на диктора.,現在のアナウンサーの音声を再生します。,播放当前提示音效的声音,Jouer la voix actuelle de l'annonceur.,Reproduzir a voz do locutor atual.,Reproduzir a voz do locutor atual.,Reproduce la voz del locutor actual.
Play Sound,Проиграть звук,Відтворення звуку,Odtwórz dźwięk,Възпроизвеждане на звук,サウンドを再生する,播放声音,Jouer le son,Reproduzir som,Reproduzir som,Reproducir sonido
Play Sound ,Воспроизвести звук ,Відтворення звуку,Odtwórz dźwięk,Възпроизвеждане на звук,サウンドを再生する,播放声音,Jouer du son,Reproduzir som ,Reproduzir som ,Reproducir sonido
Play When On Death Enabled,Играть при смерти включено,"Грати, коли On Death включено",Włącz opcję „Graj po śmierci”.,"Възпроизвеждане, когато On Death е активирано",死亡時に再生が有効化,启用死亡时播放,Jouer à la mort activé,Jogar quando estiver morto ativado,Jogar quando estiver morto ativado,Jugar cuando mueras habilitado
Player,Игрок,Гравець,Gracz,Играч,プレイヤー,玩家,Joueur,Jogador,Jogador,Jugador
Player Icon Size,Размер иконки игрока,Розмір значка гравця,Rozmiar ikony gracza,Размер на иконата на играча,プレーヤーアイコンのサイズ,玩家图标大小,Taille de l'icône du joueur,Tamanho do ícone do jogador,Tamanho do ícone do jogador,Tamaño del icono del jugador
Polish,Польский,Польська,Polski,Полски,ポーランド語,抛光,polonais,polaco,polonês,Polaco
Portuguese,Португальский,Португальська,Portugalski,Португалски,ポルトガル語,葡萄牙语,Portugais,Português,Portuguese,Portugués
Position and Velocity real time statistics.,Статистика позиции и скорости в реальном времени.,Статистика позиції та швидкості в реальному часі.,Statystyki pozycji i prędkości w czasie rzeczywistym.,Статистика за позицията и скоростта в реално време.,位置と速度のリアルタイム統計。,位置与速度的实时统计,Affiche les statistiques en temps réel de position et de vitesse.,Estatísticas de posição e velocidade em tempo real.,Estatísticas de posição e velocidade em tempo real.,Estadísticas de posición y velocidad en tiempo real.
Preset apply failed.,Попытка применения пресета не удалась,Помилка застосування попереднього налаштування.,Nie udało się zastosować gotowego ustawienia.,Прилагането на предварителна настройка не бе успешно.,プリセットの適用に失敗しました。,预设应用失败。,L'application du préréglage a échoué.,Falha na aplicação da predefinição.,Falha na aplicação da predefinição.,Error en la aplicación de ajustes preestablecidos.
Presets,Пресеты,Пресети,Presety,Пресети,プリセット,预设,Préréglages,Predefinições,Predefinições,Ajustes predefinidos
Preview,Показывать изменения,Попередній перегляд,Podgląd,Преглед,プレビュー,预览,Aperçu,Visualização,Pré-visualização,Vista previa
Preview Announcer,Прослушать озвучку,Диктор попереднього перегляду,Spiker podglądowy,Говорител за предварителен преглед,プレビューアナウンサー,预览播音员,Tester l'Annonceur,Locutor de pré-visualização,Pré-visualização de locutor,Vista previa del locutor
Preview Changes,Предварительный просмотр изменений,Попередній перегляд змін,Podgląd zmian,Преглед на промените,変更のプレビュー,预览更改,Aperçu des modifications,Visualizar alterações,Visualizar alterações,Vista previa de cambios
Preview realtime changes to settings when modifying them.,"Отображать изменения в реальном времени там, где это возможно",Попередньо переглядайте зміни налаштувань у реальному часі під час їх редагування.,Podgląd zmian ustawień w czasie rzeczywistym podczas ich modyfikowania.,"Визуализирайте промените в реално време в настройките, когато ги променяте.",設定を変更するときに、設定の変更をリアルタイムでプレビューします。,在修改设置时实时预览更改效果。,Prévisualise en temps réel les modifications des paramètres pendant leur ajustement.,Visualize alterações em tempo real nas configurações ao modificá-las.,Visualize alterações em tempo real nas configurações ao modificá-las.,Obtenga una vista previa de los cambios en la configuración en tiempo real al modificarlos.
Preview setting changes in realtime.,Предварительный просмотр изменений настроек в реальном времени.,Попередній перегляд змін налаштувань у реальному часі.,Podgląd zmian ustawień w czasie rzeczywistym.,Визуализация на промените в настройките в реално време.,設定の変更をリアルタイムでプレビューします。,实时预览设置更改。,Prévisualisez les modifications des paramètres en temps réel.,Visualize as alterações nas definições em tempo real.,Visualize alterações nas configurações em tempo real.,Vista previa de los cambios de configuración en tiempo real.
Push - Both have blackjack.,Пуш – у обоих блэкджек.,Push - в обох є блекджек.,Push – obaj mają blackjacka.,Пуш - И двете имат блекджек.,プッシュ - どちらもブラックジャックを持っています。,全押 - 双方都有二十一点。,Push – Les deux ont du blackjack.,Push - Ambos têm blackjack.,Push - Ambos têm blackjack.,Push: ambos tienen blackjack.
Push.,Толкать.,Поштовх.,Naciskać.,Бутане.,押す。,推。,Pousser.,Pressionar.,Empurrar.,Empujar.
Q,вопрос,Q,Q,Q,Q,问,Q,P,P,q
QOL,QOL,QOL,QOL,QOL,QOL,QOL,QOL,QOL,QOL,QOL
QOL Settings Clearer,QOL Очистка настроек,QOL Налаштування зрозуміліші,Ustawienia QOL Jaśniejsze,По-ясни настройки на QOL,QOL 設定をより明確に,QOL 设置更清晰,Paramètres QOL plus clairs,Configurações QOL mais claras,Configurações QOL mais claras,Configuración de QOL más clara
QOL Settings Loader,QOL Загрузчик настроек,QOL Завантажувач налаштувань,Moduł ładujący ustawienia QOL,Зареждане на настройките на QOL,QOL 設定ローダー,QOL 设置加载程序,Chargeur de paramètres QOL,Carregador de definições QOL,Carregador de configurações QOL,Cargador de configuración QOL
QOL Settings Saver,QOL Сохранение настроек,QOL Збереження налаштувань,QOL Oszczędzanie ustawień,QOL Защита на настройките,QOL 設定セーバー,QOL 设置保护程序,Économiseur de paramètres QOL,Protetor de definições QOL,Protetor de configurações QOL,Ahorrador de configuración de QOL
Quick Buy,Быстрая покупка,Швидка покупка,Szybki zakup,Бърза покупка,クイック購入,快速购买,Achat rapide,Compra rápida,Compra rápida,Compra rápida
Quiet,Тихо,Тихо,Cichy,Тихо,静かな,安静的,Bas,Quieto,Quieto,Tranquilo
Ragnarok Online damage visuals with improved fancy styling.,Визуал чисел урона в стиле Ragnarok Online с улучшенным оформлением.,Візуальні ефекти пошкодження Ragnarok Online з покращеним вигадливим стилем.,Ragnarok Online obrażenia wizualne z ulepszoną fantazyjną stylistyką.,Ragnarok Online щети визуализации с подобрен фантастичен стил.,Ragnarok Online のダメージビジュアルは、派手なスタイルが改善されました。,Ragnarok Online 风格的伤害显示，并增强华丽样式,Visuels de dégâts façon Ragnarok Online avec un style plus travaillé,Ragnarok Online causa danos visuais com estilo sofisticado aprimorado.,Visuais de dano melhorados com estilo chique do Ragnarok Online,Imágenes de daños de Ragnarok Online con un estilo elegante mejorado.
RAM and GPU Memory real time usage statistics.,Статистика использования RAM и видеопамяти в реальном времени.,Статистика використання оперативної та графічної пам’яті в реальному часі.,Statystyki wykorzystania pamięci RAM i GPU w czasie rzeczywistym.,Статистика за използване на RAM и GPU памет в реално време.,RAM および GPU メモリのリアルタイム使用統計。,内存 与 GPU 显存的实时占用统计,Affiche les statistiques en temps réel de la RAM et de la mémoire GPU.,Estatísticas de uso de memória RAM e GPU em tempo real.,Estatísticas de uso de memória RAM e GPU em tempo real.,Estadísticas de uso de memoria RAM y GPU en tiempo real.
Randomly opens an enabled arcade game while dead.,Открывает случайную аркаду из выбранных во время смерти,"Випадково відкриває активну аркадну гру, коли він мертвий.","Losowo otwiera włączoną grę zręcznościową, gdy jest martwy.","Случайно отваря активирана аркадна игра, докато е мъртъв.",死亡中に有効なアーケード ゲームをランダムに開きます。,死亡时随机打开一个已启用的小游戏。,Ouvre aléatoirement un jeu d'arcade activé alors qu'il est mort.,Abre aleatoriamente um jogo de arcade habilitado enquanto estiver morto.,Abre aleatoriamente um jogo de arcade habilitado enquanto estiver morto.,Abre aleatoriamente un juego de arcade habilitado mientras estás muerto.
Ready,Готовый,Готовий,Gotowy,Готови,準備ができて,准备好,Prêt,Pronto,Preparar,Listo
Ready.,Готово.,Готовий.,Gotowy.,Готови.,準備ができて。,就绪。,Prêt.,Preparar.,Preparar.,Listo.
Real time key input visual.,Визуализация нажатий клавиш в реальном времени.,Візуальний режим введення клавіш у реальному часі.,Wizualizacja wprowadzania klawiszy w czasie rzeczywistym.,Визуално въвеждане на ключове в реално време.,リアルタイムキー入力ビジュアル。,实时按键输入可视化,Bah tu sais ce que c'est un overlay non?,Visual de entrada de teclas em tempo real.,Visual de entrada de teclas em tempo real.,Visualización de entrada clave en tiempo real.
Realtime Changes,Показывает изменения в реальном времени,Зміни в реальному часі,Zmiany w czasie rzeczywistym,Промени в реално време,リアルタイムの変更,实时更改,Modifications en temps réel,Mudanças em tempo real,Mudanças em tempo real,Cambios en tiempo real
Realtime Drain Countdown,Показать время до перехода в чистые души,Зворотний відлік зливу в реальному часі,Odliczanie drenażu w czasie rzeczywistym,Отброяване на източване в реално време,リアルタイムドレインカウントダウン,实时排水倒计时,Compte à  rebours du vidage de vie en temps réel,Contagem regressiva de drenagem em tempo real,Contagem regressiva de drenagem em tempo real,Cuenta regresiva de recarga en tiempo real
Realtime Key Inputs,Нажатия в реальном времени,Ключові введення в реальному часі,Kluczowe dane wejściowe w czasie rzeczywistym,Ключови входове в реално време,リアルタイムキー入力,实时按键输入,Inputs des touches en temps réel,Principais entradas em tempo real,Teclas em tempo real,Pulsaciones de teclas en tiempo real
Realtime Settings Changes,отображение изменений в настройках,Зміни налаштувань у реальному часі,Zmiany ustawień w czasie rzeczywistym,Промени в настройките в реално време,リアルタイム設定変更,实时设置更改,Modifications des paramètres en temps réel,Alterações nas configurações em tempo real,Alterações nas configurações em tempo real,Cambios de configuración en tiempo real
Recommended for 4:3,Рекоменд. для 4:3,Рекомендовано для 4:3,Zalecane dla 4:3,Препоръчва се за 4:3,4:3推奨,推荐4:3,Recommandé pour 4:3,Recomendado para 4:3,Recomendado para 4:3,Recomendado para 4:3
Refresh Rate,Частота обновления,Частота оновлення,Częstotliwość odświeżania,Честота на опресняване,リフレッシュレート,刷新率,Taux de rafraîchissement,Taxa de atualização,Taxa de atualização,Frecuencia de actualización
Reload Cooldown,Время перезарядки,Reload Cooldown,Przeładuj czas odnowienia,Презареди изчакване,リロードクールダウン,换弹冷却,Recharge,Tempo de recarga de recarga,Tempo de recarga da arma,Tiempo de recarga del arma
Reloading,Перезарядка,Перезавантаження,Ponowne ładowanie,Презареждане,リロード中,换弹,Rechargement,Recarregando,Recarregando,Recargando
Rem Tunnels,Рем Туннели,Rem Тунелі,Tunele Rema,Рем Тунели,レムトンネル,雷姆隧道,Tunnels Rem,Túneis Rem,Túneis Rem,Túneles Rem
Rem Tunnels Opacity,Непрозрачность Rem-туннелей,Непрозорість Rem Tunnels,Nieprzezroczystość tuneli Rem,Rem Tunnels Opacity,レムトンネルの不透明度,Rem 隧道不透明度,Opacité des tunnels Rem,Opacidade dos túneis Rem,Opacidade dos túneis Rem,Opacidad de túneles Rem
Remind when big camps and Sinner's Sacrifice are spawning.,"Напомните, когда спавнятся большие лагеря и Sinner's Sacrifice.","Нагадайте, коли з’являться великі табори та Sinner's Sacrifice.","Przypomnij, kiedy pojawiają się duże obozy i Ofiara Grzesznika.",Напомняйте кога се появяват големи лагери и Sinner's Sacrifice.,大規模なキャンプと罪人の犠牲がいつ出現するかを思い出させます。,当大型营地和罪人献祭出现时提醒。,Rappelez-vous quand les grands camps et le sacrifice du pécheur apparaissent.,Lembra-se quando grandes acampamentos e Sinner's Sacrifice estão a surgir.,Lembra quando grandes acampamentos e Sinner's Sacrifice estão surgindo.,Recuerde cuándo están apareciendo grandes campamentos y Sinner's Sacrifice.
Remind when bridge buffs and melee troopers are spawning.,"Напоминайте, когда появляются усилители моста и солдаты ближнего боя.","Нагадайте, коли з’являться любителі мостів і солдати ближнього бою.","Przypomnij, kiedy pojawiają się wzmocnienia mostu i żołnierze walczący w zwarciu.","Напомняйте, когато се появяват бридж бъфове и меле бойци.",ブリッジバフと近接トルーパーがいつ出現するかを思い出させます。,当桥梁爱好者和近战士兵出现时提醒。,Rappelez-vous quand les buffs de pont et les soldats de mêlée apparaissent.,Lembra-se quando os buffs de ponte e os soldados corpo a corpo estão a surgir.,Lembra quando buffs de ponte e soldados corpo a corpo estão surgindo.,Recuerda cuándo aparecen mejoras de puente y soldados cuerpo a cuerpo.
Remind when bridge buffs are spawning.,"Напоминайте, когда появляются усиления моста.","Нагадувати, коли з’являються любителі мостів.","Przypomnij, kiedy pojawiają się wzmocnienia mostów.","Напомняне, когато се появяват любители на моста.",橋のバフがいつ出現するかを思い出させます。,当桥迷出现时提醒。,Rappelez-vous quand les buffs de pont apparaissent.,Lembra-se quando os buffs da ponte estão a surgir.,Lembra quando os buffs da ponte estão surgindo.,Recuerda cuándo aparecen las mejoras del puente.
Remind when bridge buffs spawn and gold statue buffs are maxed.,"Напомните, когда появляются усиления моста и достигаются максимумы усиления золотых статуй.","Нагадайте, коли з’являються бафи мосту та бафи золотої статуї досягають максимуму.","Przypomnij, kiedy wzmocnienia mostów i złote posągi osiągną maksimum.","Напомняне, когато се появят бъфовете на моста и бъфовете на златна статуя са максимални.",橋のバフが出現し、金の像のバフが最大になったときに通知します。,当桥梁增益产生且金雕像增益达到最大时提醒。,Rappelez-vous quand les buffs de pont apparaissent et que les buffs de statue d’or sont maximisés.,Lembra-se quando os buffs da ponte aparecem e os buffs da estátua dourada estão no máximo.,Lembra quando os buffs da ponte aparecem e os buffs da estátua de ouro estão no máximo.,Recuerde cuándo aparecen las mejoras del puente y cuándo se maximizan las mejoras de las estatuas doradas.
Remind when bridge buffs spawn and troopers improve again.,"Напомните, когда появятся усиления моста и снова улучшатся солдаты.","Нагадайте, коли з’являться бафи на мостах і солдати знову покращаться.","Przypomnij, kiedy pojawią się wzmocnienia mostów, a żołnierze ponownie ulepszą się.","Напомняйте, когато бридж бафовете се появят и войниците се подобрят отново.",橋のバフが出現し、トルーパーが再び改善されたときに思い出してください。,当桥梁增益出现并且士兵再次提高时提醒。,Rappelez-vous quand les buffs de pont apparaissent et que les soldats s'améliorent à nouveau.,Lembra-se quando os buffs da ponte aparecem e os soldados melhoram novamente.,Lembra quando os buffs da ponte aparecem e os soldados melhoram novamente.,Recuerde cuándo aparecen mejoras de puente y los soldados mejoran nuevamente.
Remind when bridge buffs spawn and troopers speed up.,"Напоминайте, когда появляются усиления моста и ускоряются солдаты.","Нагадуйте, коли з’являються любителі мостів і солдати прискорюються.","Przypomnij, kiedy pojawiają się wzmocnienia mostów, a żołnierze przyspieszają.","Напомняйте, когато бридж бафовете се появяват и войниците ускоряват.",橋のバフが出現し、トルーパーがスピードアップするときを思い出させます。,当桥梁爱好者出现并且士兵加速时提醒。,Rappelez-vous quand les buffs de pont apparaissent et que les soldats accélèrent.,Lembram-se quando os buffs da ponte aparecem e os soldados aceleram.,Lembra quando os buffs da ponte aparecem e os soldados aceleram.,Recuerda cuando aparecen mejoras en el puente y los soldados aceleran.
Remind when lane guardian resistance is reduced.,"Напоминайте, когда сопротивление стража на линии снижается.","Нагадати, коли опір охоронців смуги зменшується.","Przypomnij, kiedy opór opiekuna pasa ruchu zostanie zmniejszony.","Напомни, когато съпротивлението на защитника на лентата е намалено.",レーンガーディアンの抵抗が減少したときに思い出させます。,当车道守护者抵抗力降低时进行提醒。,Rappel lorsque la résistance du gardien de voie est réduite.,Lembra-se quando a resistência do guardião da pista é reduzida.,Lembra quando a resistência do guardião da pista é reduzida.,Recordar cuando se reduce la resistencia del guardián de carril.
Remind when medium camps are spawning.,"Напомните, когда спавнятся средние лагеря.","Нагадати, коли виникають середні табори.","Przypomnij, kiedy pojawiają się średnie obozy.","Напомняне, когато се появяват средни лагери.",中規模キャンプが出現するタイミングを思い出させます。,中型营地生成时提醒。,Rappelez-vous quand les camps moyens apparaissent.,Lembra-se quando os acampamentos médios estão a surgir.,Lembra quando os acampamentos médios estão surgindo.,Recuerda cuándo están apareciendo campamentos medianos.
"Remind when midboss, urn, bridge buffs, and gold statue upgrades are spawning.","Напоминайте, когда появляются мидбосс, урна, усиления моста и улучшения золотой статуи.","Нагадуйте, коли з’являться покращення мідбоса, урни, мосту та золотої статуї.","Przypomnij, kiedy pojawiają się midboss, urna, wzmocnienia mostów i ulepszenia złotych posągów.","Напомняйте, когато се появяват надстройки за мидбос, урна, бридж бъфове и златна статуя.",中ボス、壺、橋バフ、金像のアップグレードがいつ出現するかをリマインドします。,当中boss、瓮、桥梁增益和金雕像升级出现时提醒。,"Rappelez-vous quand les améliorations de midboss, d'urne, de pont et de statue d'or apparaissent.","Lembra-se quando midboss, urna, buffs de ponte e atualizações de estátua de ouro estão a surgir.","Lembra quando midboss, urna, buffs de ponte e atualizações de estátua de ouro estão surgindo.","Recuerde cuándo aparecen las mejoras de jefe medio, urna, mejoras de puente y estatuas doradas."
"Remind when small camps, boxes, and statues are spawning.","Напоминайте, когда появляются небольшие лагеря, ящики и статуи.","Нагадуйте, коли виникають невеликі табори, ящики та статуї.","Przypomnij, kiedy pojawiają się małe obozy, skrzynie i posągi.","Напомняйте, когато се появяват малки лагери, кутии и статуи.",小さなキャンプ、ボックス、彫像がいつ出現するかを思い出させます。,当小型营地、盒子和雕像生成时提醒。,"Rappelez-vous quand les petits camps, boîtes et statues apparaissent.","Lembra-se quando pequenos acampamentos, caixas e estátuas estão a surgir.","Lembra quando pequenos acampamentos, caixas e estátuas estão surgindo.","Recuerde cuándo están apareciendo pequeños campamentos, cajas y estatuas."
"Remind when urn, bridge buffs, and gold statue upgrades are spawning.",,,,,,,,,,
Remind when walker resistance is reduced.,"Напомните, когда сопротивление ходунков уменьшится.","Нагадайте, коли опір ходунків зменшується.","Przypomnij, kiedy opór chodzika zostanie zmniejszony.","Напомняне, когато съпротивлението на проходилката е намалено.",歩行者の抵抗力が低下したときに通知します。,当步行者阻力减小时发出提醒。,Rappelez-le lorsque la résistance du marcheur est réduite.,Lembra-se quando a resistência do andarilho é reduzida.,Lembra quando a resistência do andador é reduzida.,Recuerde cuando se reduzca la resistencia del andador.
Render image URLs as images.,Отображение URL-адресов изображений как изображений.,Виводити URL-адреси зображень як зображення.,Renderuj adresy URL obrazów jako obrazy.,Представете URL адресите на изображения като изображения.,画像 URL を画像としてレンダリングします。,将图像 URL 渲染为图像。,Afficher les URL des images sous forme d'images.,Renderize URLs de imagens como imagens.,Renderize URLs de imagens como imagens.,Representa las URL de imágenes como imágenes.
Replaces quickbuy with the Enhanced Quickbuy standalone layout and queue summaries.,Заменяет быструю покупку автономным макетом Enhanced Quickbuy и сводками очереди.,Замінює quickbuy окремим макетом Enhanced Quickbuy і підсумками черги.,Zastępuje opcję szybkiego zakupu samodzielnym układem Enhanced Quickbuy i podsumowaniami kolejek.,Заменя quickbuy с Enhanced Quickbuy самостоятелно оформление и резюмета на опашка.,Quickbuy を Enhanced Quickbuy スタンドアロン レイアウトとキューの概要に置き換えます。,将 Quickbuy 替换为 Enhanced Quickbuy 独立布局和队列摘要。,Remplace quickbuy par la mise en page autonome et les résumés de file d'attente Enhanced Quickbuy.,Substitui o quickbuy pelo layout independente Enhanced Quickbuy e pelos resumos de fila.,Substitui o quickbuy pelo layout independente Enhanced Quickbuy e resumos de fila.,Reemplaza la compra rápida con el diseño independiente Enhanced Quickbuy y los resúmenes de cola.
Reposition,Переместить,Репозиція,Zmień położenie,Преместване,位置を変更する,复位,Repositionner,Reposicionar,Reposicionar,Reposicionar
Request a community preset,Запросить пресет сообщества,Запит на налаштування спільноти,Poproś o ustawienie wstępne społeczności,Поискайте предварително зададена общност,コミュニティプリセットをリクエストする,请求社区预设,Demander un préréglage communautaire,Solicite uma predefinição da comunidade,Solicite uma predefinição da comunidade,Solicitar un preajuste comunitario
Request a custom feature or preset,Запросить пользовательскую функцию или предустановку,Запит на спеціальну функцію або стиль,Poproś o niestandardową funkcję lub ustawienie wstępne,Поискайте персонализирана функция или предварителна настройка,カスタム機能またはプリセットをリクエストする,请求自定义功能或预设,Demander une fonctionnalité personnalisée ou un préréglage,Solicite um recurso ou predefinição personalizada,Solicite um recurso ou predefinição personalizada,Solicite una función personalizada o un ajuste preestablecido
Reset row to defaults,Сбросить ряды до изначальных значений,Відновити рядок до значень за замовчуванням,Zresetuj wiersz do wartości domyślnych,Нулирайте реда до настройките по подразбиране,行をデフォルトにリセット,将此行重置为默认值,Réinitialiser la ligne aux valeurs par défaut,Redefinir linha para os padrões,Redefinir linha para os padrões,Restablecer fila a los valores predeterminados
Reset section runtime options,Сбросить runtime-настройки секции,Скинути параметри виконання розділу,Zresetuj opcje wykonawcze sekcji,Нулирайте опциите за изпълнение на секцията,セクションの実行時オプションをリセット,重置部分运行时选项,Réinitialiser les options d'exécution de la section,Redefinir opções de tempo de execução da seção,Redefinir opções de tempo de execução da seção,Restablecer opciones de tiempo de ejecución de sección
Reset section to defaults,Сбросить секцию к значениям по умолчанию,Відновити розділ до значень за замовчуванням,Zresetuj sekcję do ustawień domyślnych,Нулирайте секцията до настройките по подразбиране,セクションをデフォルトにリセット,将部分重置为默认值,Réinitialiser la section aux valeurs par défaut,Redefinir seção para os padrões,Redefinir seção para os padrões,Restablecer sección a los valores predeterminados
Reset to default value,Вернуть значение к изначальному,Відновити значення за замовчуванням,Przywróć wartość domyślną,Възстановяване на стойността по подразбиране,デフォルト値にリセット,重置为默认值,Réinitialiser à  la valeur par défaut,Redefinir para o valor padrão,Redefinir para o valor padrão,Restablecer el valor predeterminado
Reset to default value.,Сброс до значения по умолчанию.,Відновити значення за замовчуванням.,Przywróć wartość domyślną.,Възстановяване на стойността по подразбиране.,デフォルト値にリセットします。,重置为默认值。,Réinitialiser à la valeur par défaut.,Repor para o valor padrão.,Redefinir para o valor padrão.,Restablecer el valor predeterminado.
Restores the legacy removed duration bars for abilities.,Восстанавливает старые полоски каста способностей,Відновлює старі видалені смуги тривалості здібностей.,Przywraca usunięte wcześniej paski czasu trwania umiejętności.,Възстановява наследените премахнати ленти за продължителност за способности.,従来の削除されたアビリティの持続時間バーを復元します。,恢复已移除的旧版技能持续时间条。,Restaure les anciennes barres de durée supprimées pour les capacités.,Restaura as barras de duração removidas do legado para habilidades.,Restaura as barras de duração antigas removidas para habilidades.,Restaura las barras de duración heredadas eliminadas de las habilidades.
"Retheme the settings menu, modals, loader, and save menus with a shared aesthetic.","Измените тему меню настроек, модальных окон, загрузчика и меню сохранения с общей эстетикой.","Змініть меню налаштувань, режими, завантажувач і меню збереження зі спільною естетикою.","Zmień motyw menu ustawień, modów, modułu ładującego i zapisz menu, zachowując wspólną estetykę.","Преразгледайте менюто с настройки, модалите, менютата за зареждане и запазване със споделена естетика.",設定メニュー、モーダル、ローダー、保存メニューのテーマを共通の美学に合わせて変更します。,以共享的美感重新设置设置菜单、模式、加载器和保存菜单的主题。,"Rethèmez le menu des paramètres, les modaux, le chargeur et les menus de sauvegarde avec une esthétique partagée.","Altere o tema do menu de definições, modais, carregador e menus de guardar com uma estética partilhada.","Altere o tema do menu de configurações, modais, carregador e menus de salvamento com uma estética compartilhada.","Cambie el tema del menú de configuración, los modales, el cargador y los menús de guardado con una estética compartida."
Rotate,Поворот,Обертати,Obracać,Завъртете,回転,旋转,Tourner,Girar,Girar,Girar
Rotate the stamina charge indicator.,Поверните индикатор заряда выносливости.,Поверніть індикатор заряду витривалості.,Obróć wskaźnik naładowania wytrzymałości.,Завъртете индикатора за заряд на издръжливост.,スタミナチャージインジケーターを回転させます。,旋转耐力充电指示器。,Faites pivoter l’indicateur de charge d’endurance.,Rode o indicador de carga de resistência.,Gire o indicador de carga de resistência.,Gira el indicador de carga de resistencia.
Rotates the static minimap 180 degrees.,Поворачивает статическую мини-карту на 180 градусов.,Повертає статичну міні-карту на 180 градусів.,Obraca statyczną minimapę o 180 stopni.,Завърта статичната миникарта на 180 градуса.,静的ミニマップを 180 度回転します。,将静态小地图旋转 180 度。,Fait pivoter la mini-carte statique de 180 degrés.,Gira o minimapa estático a 180 graus.,Gira o minimapa estático em 180 graus.,Gira el minimapa estático 180 grados.
Row already at defaults.,Ряды уже приведены к изначальным значениям,Рядок уже встановлено за замовчуванням.,Wiersz już z wartościami domyślnymi.,Ред вече е по подразбиране.,行はすでにデフォルトになっています。,该行已是默认值。,Ligne déjà  aux valeurs par défaut.,Linha já está nos padrões.,Linha já está nos padrões.,La fila ya está en los valores predeterminados.
Row reset (,Сброс строки (,Скидання рядка (,Resetowanie wiersza (,Нулиране на ред (,行リセット (,行重置（,Réinitialisation de la ligne (,Redefinição de linha (,Redefinição de linha (,Restablecer fila (
Run complete. Press New Run.,Бегите полностью. Нажмите «Новый запуск».,Запуск завершено. Натисніть New Run.,Uruchom kompletny. Naciśnij Nowy bieg.,Изпълнение завършено. Натиснете Ново изпълнение.,実行が完了しました。 「新規実行」を押します。,运行完成。按新运行。,Exécutez terminé. Appuyez sur Nouvelle exécution.,Execute completo. Prima Nova execução.,Execute completo. Pressione Nova execução.,Ejecución completa. Presione Nueva ejecución.
Russian,Русский,Російська,Rosyjski,Руски,ロシア語,俄语,Russe,Russian,Russian,Ruso
SAVE,СОХРАНИТЬ,ЗБЕРЕГТИ,ZAPISZ,ЗАПАЗИ,保存,保存,SAUVEGARDER,SAVE,SAVE,SAVE
Save,Сохранять,Зберегти,Zapisz,Запази,保存,节省,Sauvegarder,Guardar,Salvar,Ahorrar
Save completed.,Сохранение закончено.,Збереження завершено.,Zapisywanie zakończone.,Запазването е завършено.,保存が完了しました。,保存完成,Sauvegarde terminée.,Salvamento concluído.,Salvamento concluído.,Guardar completado.
Save failed.,Ошибка сохранения.,Не вдалося зберегти.,Zapisywanie nie powiodło się.,Запазването не бе успешно.,保存に失敗しました。,保存失败,L'enregistrement a échoué.,Falha ao salvar.,Falha ao salvar.,Error al guardar.
Save in progress...,Сохранение в процессе...,Триває збереження...,Zapis w toku...,В процес на запазване...,保存中...,保存进行中……,Sauvegarde en cours...,Salvar em andamento...,Salvar em andamento...,Guardar en curso...
Save queued.,Сохранение поставлено в очередь.,Зберегти в черзі.,Zapisz w kolejce.,Запазване на опашка.,保存がキューに入れられました。,保存请求已加入队列,Enregistrement en file d'attente.,Salvar na fila.,Salvar na fila.,Guardar en cola.
Save timed out. Try again.,Сохранение не вернуло ответ вовремя. Попробуйте ещё раз.,Час очікування збереження минув. Спробуйте знову.,Upłynął limit czasu zapisu. Spróbuj ponownie.,Времето за запазване изтече. Опитайте отново.,保存がタイムアウトしました。もう一度やり直してください。,保存超时请重试,Le délai d'enregistrement a expiré. Essayer à  nouveau.,Salvar expirou. Tente novamente.,Salvar expirou. Tente novamente.,Guardar tiempo de espera agotado. Intentar otra vez.
Save works only in hideout.,Сохранение работает только в убежище.,Збереження працює тільки в схованці.,Zapis działa tylko w kryjówce.,Save работи само в скривалище.,セーブは隠れ家でのみ機能します。,只能在藏身处（hideout）保存,La sauvegarde ne fonctionne que dans la cachette.,Salvar funciona apenas no esconderijo.,Salvar funciona apenas no esconderijo.,Guardar funciona sólo en el escondite.
SAVED,СОХРАНЕНО,ЗБЕРЕЖЕНО,ZAPISANO,ЗАПАЗЕНО,保存済み,已保存,SAUVEGARDÉ,SAVED,SAVED,SAVED
Scale,Масштаб,Масштаб,Skala,Мащаб,スケール,规模,Échelle,Escala,Escala,Escala
Scales the element.,Изменяет размеры элемента,Масштабує елемент.,Skaluje element.,Мащабира елемента.,要素を拡大縮小します。,缩放该元素。,Met à  l'échelle l'élément.,Dimensiona o elemento.,Dimensiona o elemento.,Escala el elemento.
Score:,Счет:,Оцінка:,Wynik:,резултат:,スコア：,分数：,Score:,Pontuação:,Pontuação:,Puntaje:
Score: ,Счет:,Оцінка:,Wynik:,резултат:,スコア：,分数：,Score:,Pontuação:,Pontuação:,Puntaje:
Scoreboard Open,Открыта таблица счёта,Відкрите табло,Tablica wyników otwarta,Отворено табло,スコアボードオープン,记分牌公开赛,Tableau de bord ouvert,Placar aberto,Placar aberto,Marcador abierto
Search Results,Результаты поиска,Результати пошуку,Wyniki wyszukiwania,Резултати от търсенето,検索結果,搜索结果,Résultats de la recherche,Resultados da pesquisa,Resultados da pesquisa,Resultados de la búsqueda
Seconds Before Spawn,Секунд до появления,Секунди до появи,Sekundy przed odrodzeniem,Секунди преди Spawn,スポーン前の秒数,生成前几秒,Secondes avant l'apparition,Segundos antes do nascimento,Segundos antes do nascimento,Segundos antes del desove
Seconds each notification stays visible.,"Секунды, когда каждое уведомление остается видимым.","Секунди, кожне сповіщення залишається видимим.",Każde powiadomienie pozostaje widoczne w ciągu kilku sekund.,Секунди всяко известие остава видимо.,各通知が表示されたままになる秒数。,每个通知保持可见的秒数。,"Quelques secondes, chaque notification reste visible.","Segundos, cada notificação permanece visível.","Segundos, cada notificação permanece visível.",Segundos en que cada notificación permanece visible.
Section already at defaults.,Секция уже имеет изначальные значения.,Розділ уже встановлено за замовчуванням.,Sekcja ma już ustawienia domyślne.,Разделът вече е по подразбиране.,セクションはすでにデフォルトになっています。,该分区已是默认值。,Section déjà  par défaut.,Seção já está nos padrões.,Seção já está nos padrões.,Sección ya en valores predeterminados.
Section reset (,Сброс раздела (,Скидання розділу (,Reset sekcji (,Раздел нулиране (,セクションリセット (,部分重置（,Réinitialisation de la section (,Redefinição de secção (,Redefinição de seção (,Restablecer sección (
See the recent purchases made in the game.,"Посмотрите недавние покупки, сделанные в игре.","Перегляньте останні покупки, зроблені в грі.",Zobacz ostatnie zakupy dokonane w grze.,"Вижте последните покупки, направени в играта.",ゲーム内で最近行われた購入を確認します。,查看最近在游戏中进行的购买。,Consultez les achats récents effectués dans le jeu.,Veja as compras recentes feitas no jogo.,Veja as compras recentes feitas no jogo.,Ver las compras recientes realizadas en el juego.
See your view angle and speed.,Показывает угол обзора и скорость.,Перегляньте свій кут огляду та швидкість.,Sprawdź swój kąt widzenia i prędkość.,Вижте своя зрителен ъгъл и скорост.,視野角と速度を確認してください。,查看你的视角角度与速度,"Affiche l'angle de vue (N,S,E,O) et la vitesse.",Veja seu ângulo de visão e velocidade.,Veja seu ângulo de visão e velocidade.,Vea su ángulo de visión y velocidad.
Settings Changes,Изменения настроек,Зміни налаштувань,Zmiany ustawień,Промени в настройките,設定の変更,设置更改,Modifications des paramètres,Alterações nas configurações,Alterações nas configurações,Cambios de configuración
Settings now load from your saved build string,Настройки теперь загружаются из вашей сохраненной строки билда,Налаштування тепер завантажуються зі збереженого рядка збірки,Ustawienia są teraz ładowane z zapisanego ciągu kompilacji,Настройките вече се зареждат от вашия запазен низ за изграждане,保存したビルド文字列から設定が読み込まれるようになりました,现在从您保存的构建字符串加载设置,Les paramètres sont désormais sauvegardés à  partir de votre chaîne de build enregistrée,As configurações agora são carregadas a partir da string de compilação salva,As configurações agora são carregadas a partir da string de compilação salva,La configuración ahora se carga desde tu cadena de configuración guardada.
Settings UI Language,Язык интерфейса,Мова інтерфейсу налаштувань,Język interfejsu ustawień,Език на интерфейса,設定画面の言語,设置界面语言,Paramètres Langue de l'interface utilisateur,Idioma da IU de configurações,Idioma da UI de configurações,Lenguaje de la interfaz
Share or save your settings configuration!,Поделитесь или сохраните свои настройки!,Поділіться або збережіть конфігурацію налаштувань!,Udostępnij lub zapisz konfigurację ustawień!,Споделете или запазете конфигурацията на вашите настройки!,設定構成を共有または保存してください。,分享或保存你的设置配置！,Partagez ou enregistrez la configuration de vos paramètres !,Compartilhe ou salve suas configurações!,Compartilhe ou salve suas configurações!,¡Comparte o guarda tu configuración de configuración!
Share your settings string,Поделиться строкой настроек,Поділіться своїм рядком налаштувань,Udostępnij ciąg ustawień,Споделете своя низ за настройки,設定文字列を共有する,分享您的设置字符串,Partage ta chaîne de code,Compartilhe sua string de configurações,Compartilhe sua sequência de configurações,Comparte tu cadena de configuración
Shifts the HUD for better visual support for 16:10 resolutions.,Смещает HUD для лучшей поддержки разрешений 16:10.,Зміщує HUD для кращої візуальної підтримки роздільної здатності 16:10.,Przesuwa HUD w celu zapewnienia lepszej obsługi wizualnej dla rozdzielczości 16:10.,Измества HUD за по-добра визуална поддръжка за резолюции 16:10.,16:10 解像度の視覚サポートを改善するために HUD をシフトします。,为 16:10 分辨率提供更好的视觉支持，调整 HUD 位置,Adapte le HUD pour les gens en 16:10,Muda o HUD para melhor suporte visual para resoluções 16:10.,Muda o HUD para melhor suporte visual para resoluções 16:10.,Cambia el HUD para un mejor soporte visual para resoluciones 16:10.
Shifts the HUD for better visual support for 4:3 resolutions.,Смещает HUD для лучшей поддержки разрешений 4:3.,Зміщує HUD для кращої візуальної підтримки роздільної здатності 4:3.,Przesuwa HUD w celu zapewnienia lepszej obsługi wizualnej dla rozdzielczości 4:3.,Измества HUD за по-добра визуална поддръжка за резолюции 4:3.,4:3 解像度の視覚サポートを改善するために HUD をシフトします。,为 4:3 分辨率提供更好的视觉支持，调整 HUD 位置,Adapte le HUD pour les gens en 4:3,Muda o HUD para melhor suporte visual para resoluções 4:3.,Muda o HUD para melhor suporte visual para resoluções 4:3.,Cambia el HUD para un mejor soporte visual para resoluciones 4:3.
Shop,Магазин,Магазин,Sklep,Магазин,ショップ,商店,Boutique,Comprar,Loja,Tienda
Show a short caption when Deadlock For Dummies reminders play.,Показывать короткую подпись при воспроизведении напоминаний Deadlock For Dummies.,Показувати короткий підпис під час відтворення нагадувань Deadlock For Dummies.,Wyświetlaj krótki podpis podczas odtwarzania przypomnień Deadlock For Dummies.,Показване на кратък надпис при възпроизвеждане на напомняния Deadlock For Dummies.,Deadlock For Dummies リマインダーの再生時に短いキャプションを表示します。,播放 Deadlock For Dummies 提醒时显示简短的标题。,Afficher une courte légende lors de la lecture des rappels Deadlock For Dummies.,Mostre uma legenda curta quando os lembretes Deadlock For Dummies forem reproduzidos.,Mostre uma legenda curta quando os lembretes Deadlock For Dummies forem reproduzidos.,Muestra un título breve cuando se reproducen los recordatorios Deadlock For Dummies.
"Show a visual indicator in the top bar of the current Guardians, Walkers, and Base.","Показывает индикатор текущих Гвардов, Уокеров и Базы на верхней панели.","Показати візуальний індикатор у верхній панелі поточних Вартових, Ходиків і Бази.","Pokaż wskaźnik wizualny na górnym pasku aktualnych Strażników, Szwendaczy i Bazy.","Покажете визуален индикатор в горната лента на текущите пазители, пешеходци и база.",現在のガーディアン、ウォーカー、ベースの上部バーに視覚的なインジケーターを表示します。,在顶栏显示当前一塔、二塔和基地的视觉指示,"Affiche une minimap avec les Gardiens, Walkers et la Base actuelle","Mostra um indicador visual na barra superior dos Guardiões, Caminhantes e Base atuais.","Mostra um indicador visual na barra superior dos Guardiões, Caminhantes e Base atuais.","Muestra un indicador visual en la barra superior de los Guardianes, Caminantes y Base actuales."
Show an overlay of the underground tunnels.,Покажите наложение подземных туннелей.,Покажіть накладання підземних тунелів.,Pokaż nakładkę podziemnych tuneli.,Покажете наслагване на подземните тунели.,地下トンネルのオーバーレイを表示します。,显示地下隧道的叠加层。,Afficher une superposition des tunnels souterrains.,Mostre uma sobreposição dos túneis subterrâneos.,Mostre uma sobreposição dos túneis subterrâneos.,Muestre una superposición de los túneles subterráneos.
Show Compass,Показать компас,Показати компас,Pokaż kompas,Покажи компас,コンパスを表示,显示指南针,Afficher la boussole,Mostrar bússola,Mostrar bússola,Mostrar brújula
Show current / max HP numbers over the Minecraft hearts.,Покажите текущие/максимальные числа HP над сердечками Minecraft.,Показати поточні/максимальні числа HP над серцями Minecraft.,Pokaż aktualne/maksymalne liczby HP nad sercami Minecrafta.,Показване на текущи / максимални HP числа върху сърцата на Minecraft.,Minecraft のハートの上に現在 / 最大の HP 数値を表示します。,显示 Minecraft 红心上的当前/最大 HP 数字。,Afficher les numéros HP actuels/maximaux sur les cœurs Minecraft.,Mostrar os números HP atuais/máximos sobre os corações do Minecraft.,Mostre os números HP atuais / máximos sobre os corações do Minecraft.,Muestra los números HP actuales/máx. sobre los corazones de Minecraft.
Show Filters,Показать фильтры,Показати фільтри,Pokaż filtry,Показване на филтри,フィルターを表示,显示过滤器,Afficher les filtres,Mostrar filtros,Mostrar filtros,Mostrar filtros
Show FPS,Показать FPS,Показати FPS,Pokaż FPS-y,Показване на FPS,FPS を表示,显示帧率,Afficher les FPS,Mostrar FPS,Mostrar FPS,Mostrar FPS
Show Frame,Показать кадр,Показати кадр,Pokaż ramkę,Покажи рамка,フレームを表示,显示框架,Afficher les frames,Mostrar quadro,Mostrar quadro,Mostrar marco
Show Icon,Показать иконку,Показати значок,Pokaż ikonę,Показване на икона,アイコンを表示,显示图标,Afficher l'icône,Mostrar ícone,Mostrar ícone,Mostrar icono
Show if you are in combat or not.,"Показывает, находитесь ли вы в бою.","Покажіть, берете участь у бою чи ні.","Pokaż, czy bierzesz udział w walce, czy nie.",Покажете дали сте в битка или не.,戦闘中かどうかを表示します。,显示你是否处于战斗中,Indique si vous êtes en combat ou non.,Mostre se você está em combate ou não.,Mostre se você está em combate ou não.,Muestra si estás en combate o no.
Show level text on V2 enemy healthbars.,Показывать уровень около полосок здоровья v2,Показувати текст рівня на панелях здоров'я ворога V2.,Pokaż tekst poziomu na paskach zdrowia wroga V2.,Показване на текст на нивото на V2 лентите за здраве на врага.,V2 の敵のヘルスバーにレベル テキストを表示します。,在 V2 敌人生命条上显示等级文本。,Affiche le niveau sur les barres de vie ennemies V2.,Mostrar texto de nível nas barras de saúde inimigas V2.,Mostrar texto de nível nas barras de saúde inimigas V2.,Muestra texto de nivel en las barras de salud enemigas V2.
Show Memory,Показать память,Показати пам'ять,Pokaż pamięć,Показване на паметта,メモリの表示,显示内存,Afficher la mémoire,Mostrar memória,Mostrar memória,Mostrar memoria
Show player ultimate indicators on V1 healthbars.,Показывает индикаторы ульты игроков на полосах здоровья V1.,Показувати найкращі індикатори гравців на панелях стану V1.,Pokaż ostateczne wskaźniki gracza na paskach zdrowia V1.,Показвайте най-добрите индикатори на играча на ленти за здраве V1.,V1 ヘルスバーにプレーヤーの究極のインジケーターを表示します。,在 V1 血条上显示玩家大招指示器,Afficher les indicateurs d'ultimes du perso sur les barres de santé V1.,Mostre os indicadores finais do jogador nas barras de saúde V1.,Mostre os indicadores finais do jogador nas barras de saúde V1.,Muestra los indicadores finales del jugador en las barras de salud V1.
Show Position,Показать позицию,Показати позицію,Pokaż pozycję,Показване на позиция,位置を表示,显示位置,Afficher la position,Mostrar posição,Mostrar posição,Mostrar posición
Show Speed,Показывать скорость,Показати швидкість,Pokaż prędkość,Показване на скоростта,速度を表示,显示速度,Afficher la vitesse,Mostrar velocidade,Mostrar velocidade,Mostrar velocidad
Show Support,Поддержать разработчика,Показати підтримку,Pokaż wsparcie,Показване на поддръжка,サポートを表示する,显示支持,Afficher l'assistance,Mostrar suporte,Mostrar suporte,Mostrar soporte
Show Testing Tools,Показывать инструменты,Показати інструменти тестування,Pokaż narzędzia testowe,Показване на инструменти за тестване,テストツールを表示する,显示测试工具,Afficher les outils de test,Mostrar ferramentas de teste,Mostrar Ferramentas de Teste,Mostrar herramientas de prueba
Show Text,Показать текст,Показати текст,Pokaż tekst,Показване на текст,テキストを表示,显示文字,Afficher le texte,Mostrar texto,Mostrar texto,Mostrar texto
Show the estimated time for unsecured souls to dissapear.,Показывает примерное время до исчезновения ненадёжных душ.,Покажіть приблизний час для зникнення незахищених душ.,"Pokaż szacowany czas, w którym niezabezpieczone dusze znikną.",Покажете очакваното време за изчезване на незащитените души.,安全を確保されていない魂が消滅するまでの推定時間を表示します。,显示未稳获魂魄预计消失的时间,Affiche le temps estimé avant la disparition des âmes non sécurisées.,Mostre o tempo estimado para que as almas inseguras desapareçam.,Mostre o tempo estimado para que as almas inseguras desapareçam.,Muestra el tiempo estimado para que desaparezcan las almas inseguras.
Show the in-game chat panel.,Показывает игровой чат.,Показати панель чату в грі.,Pokaż panel czatu w grze.,Показване на панела за чат в играта.,ゲーム内のチャットパネルを表示します。,显示游戏内聊天面板。,Affiche le panneau de chat en jeu.,Mostre o painel de bate-papo do jogo.,Mostre o painel de bate-papo do jogo.,Muestra el panel de chat del juego.
Show the ultimate indicator for V1 healthbars.,Показывает индикатор ульты для V1-полосок здоровья.,Показати кінцевий індикатор для панелей здоров’я V1.,Pokaż najlepszy wskaźnik pasków zdrowia V1.,Показване на крайния индикатор за V1 ленти за здраве.,V1 ヘルスバーの究極のインジケーターを表示します。,为 V1 血条显示大招指示器,Affiche l'indicateur d'ultime pour les barres de vie V1,Mostre o indicador final para barras de saúde V1.,Mostre o indicador de suprema para barras de saúde V1.,Muestra el indicador definitivo para las barras de salud V1.
Show the underground tunnel overlay while Alt Zoom is active.,"Покажите наложение подземного туннеля, пока активен Alt Zoom.","Показати накладення підземного тунелю, коли активовано Alt Zoom.","Pokaż nakładkę podziemnego tunelu, gdy aktywny jest Alt Zoom.","Покажете наслагването на подземния тунел, докато Alt Zoom е активно.",Alt Zoom がアクティブなときに、地下トンネルのオーバーレイを表示します。,当 Alt Zoom 处于活动状态时显示地下隧道叠加层。,Afficher la superposition du tunnel souterrain pendant que Alt Zoom est actif.,Mostre a sobreposição do túnel subterrâneo enquanto o Alt Zoom está ativo.,Mostre a sobreposição do túnel subterrâneo enquanto Alt Zoom está ativo.,Muestra la superposición del túnel subterráneo mientras Alt Zoom está activo.
Show the underground tunnel overlay while Tab Zoom is active.,"Покажите наложение подземного туннеля, пока активна Tab Zoom.","Показати накладення підземного тунелю, коли активовано масштабування вкладки.","Wyświetl nakładkę podziemnego tunelu, gdy aktywna jest funkcja Tab Zoom.","Показване на наслагването на подземния тунел, докато Tab Zoom е активно.",タブ ズームがアクティブな間、地下トンネルのオーバーレイを表示します。,当选项卡缩放处于活动状态时显示地下隧道叠加层。,Afficher la superposition du tunnel souterrain lorsque l'onglet Zoom est actif.,Mostre a sobreposição do túnel subterrâneo enquanto o Tab Zoom está ativo.,Mostre a sobreposição do túnel subterrâneo enquanto o Tab Zoom está ativo.,Muestra la superposición del túnel subterráneo mientras Tab Zoom está activo.
Show the UnitInfo panel on V2 enemy healthbars.,Показывать панель UnitInfo с полосками здоровья v2  ,Показати панель UnitInfo на панелях стану ворога V2.,Pokaż panel UnitInfo na paskach zdrowia wrogów V2.,Покажете панела UnitInfo на V2 лентите за здраве на врага.,V2 の敵のヘルスバーに UnitInfo パネルを表示します。,在 V2 敌人生命条上显示单位信息面板。,Affiche le panneau UnitInfo sur les barres de vie ennemies V2.,Mostre o painel UnitInfo nas barras de saúde inimigas V2.,Mostre o painel UnitInfo nas barras de saúde inimigas V2.,Muestra el panel UnitInfo en las barras de salud enemigas V2.
Show Tick,Показать тики,Показати Tick,Pokaż kleszcza,Показване на Tick,ティックを表示,显示Tick,Afficher les ticks,Mostrar marca,Mostrar marca,Mostrar garrapata
Show Title,Показать заголовок,Показати назву,Pokaż tytuł,Покажи заглавие,タイトルを表示,显示标题,Afficher le titre,Mostrar título,Mostrar título,Mostrar título
Showing:,Показаны:,Показано:,Seans:,Показани са:,表示中:,显示：,Montrant :,Mostrando:,Mostrando:,Demostración:
Shown Items,Фильтр предметов,Показані предмети,Pokazane elementy,Показани елементи,展示品,显示的项目,Items visible,Itens mostrados,Itens mostrados,Items mostrados
Shows a visual indicator in the minimap of when Bridge Buffs will spawn.,"Показывает индикатор на миникарте, когда появятся руны.","Показує візуальний індикатор на міні-карті того, коли з’являться Bridge Buffs.","Pokazuje wizualny wskaźnik na minimapie, kiedy pojawią się Premie Mostu.",Показва визуален индикатор в миникартата кога ще се появят Bridge Buffs.,ミニマップにブリッジバフがいつ出現するかを示す視覚的なインジケーターを表示します。,在小地图中显示桥梁 Buff 即将生成的视觉提示,Affiche un indicateur visuel sur la mini-carte pour l'apparition des Bridge Buff,Mostra um indicador visual no minimapa de quando os Bridge Buffs irão aparecer.,Mostra um indicador visual no minimapa de quando os Bridge Buffs irão aparecer.,Muestra un indicador visual en el minimapa de cuándo se generarán Bridge Buffs.
Shows a visual indicator in the minimap of when Mid Boss will spawn.,"Показывает индикатор на миникарте, когда появится мид-босс.","Показує візуальний індикатор на міні-карті того, коли з’явиться середній бос.","Pokazuje wizualny wskaźnik na minimapie, kiedy pojawi się środkowy boss.",Показва визуален индикатор в миникартата кога ще се появи Mid Boss.,ミニマップに中ボスがいつスポーンするかを示す視覚的なインジケーターを表示します。,在小地图中显示 Mid Boss 即将生成的视觉提示,Affiche un indicateur visuel sur la mini-carte pour l'apparition du Mid Boss,Mostra um indicador visual no minimapa de quando Mid Boss irá aparecer.,Mostra um indicador visual no minimapa de quando Mid Boss irá aparecer.,Muestra un indicador visual en el minimapa de cuándo aparecerá Mid Boss.
Shows a visual indicator in the top bar of the percentage difference of souls between teams.,Показывает на верхней панели процентную разницу душ между командами.,Показує візуальний індикатор у верхній панелі відсоткової різниці душ між командами.,Pokazuje wizualny wskaźnik na górnym pasku procentowej różnicy dusz pomiędzy drużynami.,Показва визуален индикатор в горната лента за процентната разлика в душите между отборите.,チーム間のソウルの差のパーセンテージを示す視覚的なインジケーターが上部のバーに表示されます。,在顶栏显示两队魂魄差距百分比的视觉提示,Affiche un indicateur visuel dans la barre supérieure pour la différence en pourcentage d'âmes entre les équipes.,Mostra um indicador visual na barra superior da diferença percentual de almas entre as equipes.,Mostra um indicador visual na barra superior da diferença percentual de almas entre as equipes.,Muestra un indicador visual en la barra superior de la diferencia porcentual de almas entre equipos.
Shows a visual indicator in the top bar of when Bridge Buffs will spawn.,"Показывает индикатор на верхней панели, когда появятся руны.","Показує візуальний індикатор у верхній панелі, коли з’являться Bridge Buffs.","Pokazuje wizualny wskaźnik na górnym pasku, kiedy pojawią się Premie Mostu.",Показва визуален индикатор в горната лента кога ще се появят Bridge Buffs.,ブリッジバフがいつスポーンされるかを上部バーに視覚的なインジケーターで表示します。,在顶栏显示桥梁 Buff 即将生成的视觉提示,Affiche un indicateur visuel dans la barre supérieure pour l'apparition des Bridge Buff,Mostra um indicador visual na barra superior de quando os Bridge Buffs irão aparecer.,Mostra um indicador visual na barra superior de quando os Buff da Ponte irão aparecer.,Muestra un indicador visual en la barra superior de cuándo se generarán Bridge Buffs.
Shows a visual indicator in the top bar of when Mid Boss will spawn.,"Показывает индикатор на верхней панели, когда появится мид-босс.","Показує візуальний індикатор у верхній панелі того, коли з’явиться середній бос.","Pokazuje wizualny wskaźnik na górnym pasku, kiedy pojawi się Mid Boss.",Показва визуален индикатор в горната лента кога ще се появи Mid Boss.,中ボスがいつスポーンするかを上部バーに視覚的なインジケーターで表示します。,在顶栏显示 Mid Boss 即将生成的视觉提示,Affiche un indicateur visuel dans la barre supérieure pour l'apparition du Mid Boss,Mostra um indicador visual na barra superior de quando Mid Boss irá aparecer.,Mostra um indicador visual na barra superior de quando Mid Boss irá aparecer.,Muestra un indicador visual en la barra superior de cuándo aparecerá Mid Boss.
Shows all of your keybinds.,Показывает все ваши бинды.,Показує всі ваші сполучення клавіш.,Pokazuje wszystkie skróty klawiszowe.,Показва всичките ви връзки на клавишите.,すべてのキーバインドを表示します。,显示你的所有按键绑定,Affiche tous les raccourcis clavier.,Mostra todos os seus atalhos de teclado.,Mostra todos as suas teclas.,Muestra todas sus combinaciones de teclas.
Shows all of your player stats within the shop menu.,Показывает все ваши характеристики игрока в меню магазина.,Показує всю статистику ваших гравців у меню магазину.,Pokazuje wszystkie statystyki gracza w menu sklepu.,Показва всичките ви статистики на играчите в менюто на магазина.,ショップメニュー内にプレイヤーの統計情報をすべて表示します。,在商店菜单中显示你的所有角色属性,Affiche toutes les statistiques du joueur dans le menu de la boutique.,Mostra todas as estatísticas do seu jogador no menu da loja.,Mostra todas as estatísticas do seu jogador no menu da loja.,Muestra todas las estadísticas de tu jugador dentro del menú de la tienda.
"Shows current frame count, mostly useless.","Показывает текущий номер кадра, в основном бесполезно.","Показує поточну кількість кадрів, здебільшого марно.","Pokazuje aktualną liczbę klatek, w większości bezużyteczne.","Показва текущия брой кадри, предимно безполезен.",現在のフレーム数を表示しますが、ほとんど役に立ちません。,显示当前帧数（基本没用）,Affiche le nombre actuel de frames (pas utile),"Mostra a contagem de quadros atual, quase sempre inútil.","Mostra a contagem de quadros atual, quase sempre inútil.","Muestra el recuento de fotogramas actual, en su mayoría inútiles."
Shows item buy notifications from recent purchases.,Показывает уведомления о недавних покупках.,Показує сповіщення про останні покупки.,Pokazuje powiadomienia o zakupach przedmiotów z ostatnich zakupów.,Показва известия за покупка на артикул от скорошни покупки.,最近の購入からのアイテム購入通知を表示します。,显示最近购买的商品购买通知。,Affiche les notifications d'achat d'articles provenant d'achats récents.,Mostra notificações de compra de artigos de compras recentes.,Mostra notificações de compra de itens de compras recentes.,Muestra notificaciones de compra de artículos de compras recientes.
Shows item cooldowns near crosshair for easier readability.,Показывает кулдауны предметов рядом с прицелом для удобства.,Показує час відновлення предметів біля перехрестя для легшого читання.,"Pokazuje czasy odnowienia przedmiotów w pobliżu celownika, dla łatwiejszej czytelności.",Показва времето за охлаждане на артикула близо до мерника за по-лесна четливост.,読みやすくするために十字線の近くにアイテムのクールダウンを表示します。,在准星附近显示物品冷却，便于阅读,Affiche les temps de recharge des objets près du réticule pour une meilleure lisibilité.,Mostra o tempo de espera dos itens perto da mira para facilitar a leitura.,Mostra o tempo de espera dos itens perto da mira para facilitar a leitura.,Muestra los tiempos de reutilización de los elementos cerca del punto de mira para facilitar la lectura.
Shows Midtown crate markers in the minimap.,Показывает маркеры ящиков Мидтауна на мини-карте.,Показує маркери ящиків Midtown на міні-карті.,Pokazuje znaczniki skrzyń w Midtown na minimapie.,Показва маркери за сандъци на Midtown в миникартата.,ミニマップにミッドタウンの木箱マーカーを表示します。,在小地图中显示市中心的板条箱标记。,Affiche les marqueurs de caisse Midtown sur la mini-carte.,Mostra marcadores de caixas no centro da cidade no minimapa.,Mostra marcadores de caixa no centro da cidade no minimapa.,Muestra marcadores de cajas de Midtown en el minimapa.
Shows nicknames of all players in the game within the top bar.,Показывает никнеймы всех игроков на верхней панели.,Показує псевдоніми всіх гравців у грі у верхній панелі.,Pokazuje pseudonimy wszystkich graczy w grze na górnym pasku.,Показва псевдоними на всички играчи в играта в горната лента.,ゲーム内のすべてのプレイヤーのニックネームが上部のバーに表示されます。,在顶栏显示本局所有玩家的昵称,Affiche les pseudos de tous les joueurs dans la barre supérieure.,Mostra os apelidos de todos os jogadores do jogo na barra superior.,Mostra os apelidos de todos os jogadores do jogo na barra superior.,Muestra apodos de todos los jugadores del juego en la barra superior.
Shows raw FPS count.,Показывает текущий FPS.,Показує необроблену кількість FPS.,Pokazuje surową liczbę FPS.,Показва необработен брой FPS.,生の FPS カウントを表示します。,显示原始 FPS 数值,Affiche le nombre brut de FPS.,Mostra a contagem bruta de FPS.,Mostra a contagem bruta de FPS.,Muestra el recuento de FPS sin procesar.
"Shows real time tick information, mostly useless.","Показывает информацию о тиках в реальном времени, в основном бесполезно.","Показує інформацію про тики в реальному часі, здебільшого марну.","Pokazuje informacje o znacznikach w czasie rzeczywistym, w większości bezużyteczne.","Показва информация в реално време, предимно безполезна.",リアルタイムのティック情報を表示しますが、ほとんど役に立ちません。,显示实时 tick 信息（基本没用）,"Affiche les informations de tick en temps réel, globalement peu utile.","Mostra informações de ticks em tempo real, em sua maioria inúteis.","Mostra informações de ticks em tempo real, em sua maioria inúteis.","Muestra información de ticks en tiempo real, en su mayoría inútil."
Shows relative elevation difference between you and players.,Показывает относительную разницу высот между вами и игроками.,Показує відносну різницю у висоті між вами та гравцями.,Pokazuje względną różnicę wysokości między tobą a graczami.,Показва относителна разлика в надморската височина между вас и играчите.,あなたとプレイヤーの間の相対的な標高差を示します。,显示您和玩家之间的相对海拔差异。,Affiche la différence d'altitude relative entre vous et les joueurs.,Mostra a diferença de elevação relativa entre si e os jogadores.,Mostra a diferença de elevação relativa entre você e os jogadores.,Muestra la diferencia de elevación relativa entre usted y los jugadores.
Shows the angle degrees and ticks.,Показывает градусы угла и тики.,Показує градуси кута та галочки.,Pokazuje stopnie kąta i znaczniki.,Показва градусите на ъгъла и отметките.,角度と目盛りを表示します。,显示角度和刻度。,Affiche les degrés d'angle et les graduations.,Mostra os graus e as marcações do ângulo.,Mostra os graus e marcações do ângulo.,Muestra los grados y ticks del ángulo.
Shows the individual player souls per minute on scoreboard and the team in the top bar.,Показывает души в минуту для игроков на табло и для команды на верхней панели.,Показує кількість душ гравців за хвилину на табло та команду у верхній панелі.,Pokazuje liczbę dusz poszczególnych graczy na minutę na tablicy wyników oraz drużynę na górnym pasku.,Показва индивидуалните души на играчите в минута на таблото и отбора в горната лента.,個々のプレーヤーの 1 分あたりのソウル数がスコアボードに表示され、チームが上部のバーに表示されます。,在计分板显示每位玩家的每分钟魂魄数，并在顶栏显示团队数据,Affiche les âmes par minute de chaque joueur dans le tableau des scores et l'équipe dans la barre supérieure.,Mostra as almas individuais dos jogadores por minuto no placar e o time na barra superior.,Mostra as almas individuais dos jogadores por minuto no placar e o time na barra superior.,Muestra las almas de los jugadores individuales por minuto en el marcador y el equipo en la barra superior.
Shows the individual player's objective damage in the top bar.,Показывает урон по объектам для каждого игрока на верхней панели.,Показує об’єктивну шкоду окремого гравця у верхній панелі.,Pokazuje obiektywne obrażenia pojedynczego gracza na górnym pasku.,Показва обективните щети на отделния играч в горната лента.,個々のプレイヤーの目標ダメージが上部のバーに表示されます。,在顶栏显示每位玩家的目标物伤害,Affiche les dégâts aux objectifs de chaque joueur dans la barre supérieure.,Mostra o dano objetivo do jogador individual na barra superior.,Mostra o dano objetivo do jogador individual na barra superior.,Muestra el daño objetivo del jugador individual en la barra superior.
Shows the individual player's unspent souls in the top bar.,Показывает непотраченные души каждого игрока на верхней панели.,Показує невитрачені душі кожного гравця у верхній панелі.,Pokazuje niewydane dusze danego gracza na górnym pasku.,Показва неизразходваните души на отделния играч в горната лента.,個々のプレイヤーの未使用のソウルが上部のバーに表示されます。,在顶栏显示每位玩家未花费的魂魄数,Affiche les âmes non dépensées de chaque joueur dans la barre supérieure.,Mostra as almas não gastas de cada jogador na barra superior.,Mostra as almas não gastas de cada jogador na barra superior.,Muestra las almas no gastadas de cada jugador en la barra superior.
Shows your build information always for content creators,Всегда показывает информацию о вашей сборке для создателей контента.,Завжди показує інформацію про вашу збірку для творців вмісту,Zawsze wyświetla informacje o kompilacji dla twórców treści,Показва информация за вашата компилация винаги за създателите на съдържание,コンテンツ作成者向けにビルド情報を常に表示します,始终为内容创建者显示您的构建信息,Affiche toujours vos informations de construction pour les créateurs de contenu,Mostra as suas informações de construção sempre aos criadores de conteúdo,Mostra suas informações de construção sempre para criadores de conteúdo,Muestra la información de tu compilación siempre para los creadores de contenido.
Shows your character in the shop menu.,Показывает вашего героя в меню магазина.,Показує вашого персонажа в меню магазину.,Pokazuje twoją postać w menu sklepu.,Показва героя ви в менюто на магазина.,あなたのキャラクターをショップメニューに表示します。,在商店菜单中显示你的角色,Affiche le personnage dans le menu de la boutique.,Mostra seu personagem no menu da loja.,Mostra seu personagem no menu da loja.,Muestra tu personaje en el menú de la tienda.
Shrink Distance,Дистанция сжатия,Відстань скорочення,Zmniejsz odległość,Свиване на разстоянието,縮小距離,收缩距离,Distance de rétrécissement,Diminuir distância,Diminuir distância,Reducir la distancia
Significantly improve visibility of target reticle and highlight for execute ranges (Shiv).,Сильно повышает видимость ромба-цели и подсветки порога добивания (Shiv).,Значно покращено видимість прицільної сітки цілі та підсвічування для стрільби (Shiv).,Znacząco poprawiono widoczność celownika celowniczego i podświetlono zasięgi wykonania (Shiv).,Значително подобряване на видимостта на целевия прицел и осветяването за обхвати на изпълнение (Shiv).,ターゲット レティクルと実行範囲のハイライトの視認性が大幅に向上しました (Shiv)。,显著提升目标准星可见性，并高亮处决范围（西弗）,Améliore nettement la visibilité du réticule et la mise en évidence des portées d'exécution.,Melhora significativamente a visibilidade do retículo alvo e destaque para intervalos de execução (Shiv).,Melhora significativamente a visibilidade do retículo alvo e destaque para intervalos de execução (Shiv).,Mejore significativamente la visibilidad de la retícula del objetivo y resalte los rangos de ejecución (Shiv).
Simplified Minimap,Упрощенная миникарта,Спрощена мінікарта,Uproszczona minimapa,Опростена миникарта,簡略化されたミニマップ,简化的小地图,Mini-carte simplifiée,Minimapa simplificado,Minimapa simplificado,Minimapa simplificado
Simplifies the Compass overlay to its bare elements.,Упрощает оверлей компаса до базовых элементов.,Спрощує накладення компаса до його голих елементів.,Upraszcza nakładkę kompasu do jego nagich elementów.,Опростява наслагването на Compass до неговите голи елементи.,コンパス オーバーレイを単純化して裸の要素にします。,将罗盘叠加层简化到最基本元素,Simplifie l'overlay de la boussole en mettant juste les essentiels,Simplifica a sobreposição da Bússola para seus elementos simples.,Simplifica a sobreposição da Bússola para seus elementos simples.,Simplifica la superposición de Compass a sus elementos básicos.
Simplify,Упрощение,Спростити,Upraszczać,Опростете,簡素化する,简化,Simplifier,Simplificar,Simplificar,Simplificar
Simplify Ability Icons,Упростить иконки способностей,Спрощення значків здібностей,Uprość ikony umiejętności,Опростете иконите за способности,能力アイコンを簡素化する,简化能力图标,Simplifier les icônes de capacité,Simplifique os ícones de habilidade,Simplifique os ícones de habilidade,Simplificar iconos de habilidades
Simplify Items,Упростить интерфейс предметов,Спрощення предметів,Uprość elementy,Опростете елементите,項目を簡素化する,简化项目,Simplifier les items,Simplifique os itens,Simplifique os itens,Simplificar objetos
Simplify Shop,Упростить магазин,Спрощення магазину,Uprość sklep,Опростете магазина,ショップを簡素化する,简化商店,Simplifier la boutique,Simplifique a loja,Loja Simplificada,Tienda simplificada
Size,Размер,Розмір,Rozmiar,Размер,サイズ,尺寸,Taille,Tamanho,Tamanho,Tamaño
Size of your current ammo.,Размер текущих патронов.,Розмір ваших поточних боєприпасів.,Rozmiar aktualnej amunicji.,Размер на текущите ви амуниции.,現在の弾薬のサイズ。,当前弹药显示的大小,La taille de l'affichage des munitions actuelles.,Tamanho da sua munição atual.,Tamanho da sua munição atual.,Tamaño de tu munición actual.
Size of your total ammo.,Размер общего количества патронов.,Розмір ваших боєприпасів.,Rozmiar całkowitej amunicji.,Размер на общите ви амуниции.,総弾薬のサイズ。,总弹药显示的大小,La taille de l'affichage des munitions totales.,Tamanho da sua munição total.,Tamanho da sua munição total.,Tamaño de tu munición total.
Slight adjustments to the HUD for better streaming output.,Небольшие сдвиги HUD для более удобного стрим-вывода.,Незначні коригування HUD для кращого потокового виведення.,Niewielkie poprawki w HUD w celu lepszego przesyłania strumieniowego.,Леки корекции на HUD за по-добро поточно предаване.,ストリーミング出力を改善するために、HUD をわずかに調整しました。,轻微调整 HUD，使直播画面输出更清晰,Légers ajustements du HUD pour un meilleur de streaming.,Pequenos ajustes no HUD para melhor saída de streaming.,Pequenos ajustes no HUD para melhor saída de streaming.,Ligeros ajustes al HUD para una mejor salida de transmisión.
Small Numbers,Малые числа,Малі числа,Małe liczby,Малки числа,小さな数字,小数字,Petits nombres,Números Pequenos,Números Pequenos,Números pequeños
Snowball or Poster,Снежок или постер,Сніжок або плакат,Śnieżka lub plakat,Снежна топка или плакат,スノーボールまたはポスター,雪球或海报,Boule de neige ou Poster,Bola de neve ou pôster,Bola de neve ou pôster,Bola de nieve o póster
Souls Per Minute,Души в минуту,Душ за хвилину,Dusze na minutę,Души в минута,1分間のソウル数,每分钟魂魄数,Souls par minute,Almas por minuto,Almas por minuto,Almas por minuto
Souls Timer,Таймер душ,Таймер душ,Zegar dusz,Таймер за души,ソウルズタイマー,灵魂计时器,Timer âmes,Temporizador de almas,Temporizador de almas,Temporizador de almas
Spanish,Испанский,Іспанська,Hiszpański,Испански,スペイン語,西班牙语,Espagnol,Espanhol,Spanish,Español
Special Thanks,Особая благодарность,Особлива подяка,Specjalne podziękowania,Специални благодарности,特別な感謝,特别感谢,Remerciements spéciaux,Agradecimentos especiais,Agradecimentos especiais,Agrademicientos especial
Speed,Скорость,швидкість,Prędkość,Скорост,スピード,速度,Vitesse,Velocidade,Velocidade,Velocidad
Speed number tracker.,Трекер числового значения скорости.,Трекер швидкості.,Śledzenie liczby prędkości.,Проследяване на номера на скоростта.,スピードナンバートラッカー。,速度数值追踪器,Affiche un indicateur numérique de vitesse.,Rastreador de número de velocidade.,Rastreador de número de velocidade.,Rastreador de números de velocidad.
Spinny Map,Вращающаяся карта,Кругла карта,Spinna Mapa,Въртяща се карта,スピニーマップ,斯宾尼地图,Carte rotative,Mapa giratório,Mapa giratório,Mapa giratorio
Spinny Mode,Режим вращения,Режим Spinny,Tryb Spinny,Spinny режим,スピニーモード,旋转模式,Mode rotatif,Modo giratório,Modo giratório,Modo giratorio
Spirit Power: --,Духовная сила: --,Сила духу: --,Moc Ducha: --,Сила на духа: --,精霊の力: --,精神力：——,Pouvoir spirituel : --,Poder Espiritual: -,Poder Espiritual: -,Poder espiritual: --
Stamina,Выносливость,Витривалість,Wytrwałość,Издръжливост,スタミナ,耐力,Endurance,Vigor,Vigor,Aguante
Stand,Стоять,Стенд,Podstawka,Стойка,立つ,站立,Rester,Suporte,Ficar,Pararse
Stat Bonuses,Бонусы к статистике,Статичні бонуси,Premie statystyczne,Стат бонуси,ステータスボーナス,统计奖金,Bonus de statistiques,Bónus de estatísticas,Bônus de estatísticas,Bonos de estadísticas
Statistics,Статистика,Статистика,Statystyka,Статистика,統計,统计数据,Statistiques,Estatísticas,Estatísticas,Estadística
Statlocker,Statlocker,Statlocker,Statlocker,Statlocker,スタットロッカー,Statlocker,Statlocker,Statlocker,Statlocker,Statlocker
Stats,Статы,Статистика,Statystyki,Статистики,ステータス,统计数据,Stats,Estatísticas,Estatísticas,Estadísticas
Streak:,Полоса:,серія:,Pasemko:,Серия:,ストリーク:,条纹：,Traînée:,Risca:,Onda:,Racha:
Streak: ,Полоса:,серія:,Pasemko:,Серия:,ストリーク:,条纹：,Traînée:,Risca:,Onda:,Racha:
Stretch the compass horizontally.,Растягивает компас по горизонтали.,Розтягніть компас горизонтально.,Rozciągnij kompas w poziomie.,Разтегнете компаса хоризонтално.,コンパスを水平に伸ばします。,水平拉伸罗盘,Étire la boussole horizontalement.,Estique a bússola horizontalmente.,Estique a bússola horizontalmente.,Estire la brújula horizontalmente.
Stretch the compass vertically.,Растягивает компас по вертикали.,Розтягніть компас вертикально.,Rozciągnij kompas w pionie.,Разтегнете компаса вертикално.,コンパスを垂直に伸ばします。,垂直拉伸罗盘,Étire la boussole verticalement.,Estique a bússola verticalmente.,Estique a bússola verticalmente.,Estire la brújula verticalmente.
Strings may sometimes break between mod versions.,Строки настроек могут ломаться после обновлений.,Рядки іноді можуть порушуватися між версіями модів.,Ciągi mogą czasami pękać między wersjami modów.,Низовете понякога може да се счупят между версиите на мода.,MOD のバージョン間で文字列が壊れることがあります。,不同模组版本之间字符串有时可能会失效。,Les chaînes de code (pour la sauvegarde) peuvent parfois se corompre entre les versions du mod.,"Às vezes, as strings podem quebrar entre as versões do mod.","Às vezes, as strings podem quebrar entre as versões do mod.","A veces, las cadenas pueden romperse entre las versiones del mod."
success,успех,успіх,sukces,успех,成功,成功,succès,sucesso,sucesso,éxito
Support,Поддержка,Підтримка,Wsparcie,Поддръжка,サポート,支持,Support,Apoiar,Apoiar,Soporte
Support development,Поддержка разработки,Підтримка розвитку,Wspieraj rozwój,Подкрепете развитието,サポート開発,支持发展,Supporter le développement,Apoiar o desenvolvimento,Apoiar o desenvolvimento,Apoyar el desarrollo
Support development by commissioning features or presets.,"Поддержите разработку, заказав функции или пресеты.","Підтримуйте розробку, вводячи в експлуатацію функції або попередні налаштування.",Wspieraj rozwój poprzez uruchamianie funkcji lub ustawień wstępnych.,Подкрепете разработката чрез въвеждане в експлоатация на функции или предварително зададени настройки.,機能やプリセットをコミッショニングして開発をサポートします。,通过调试功能或预设来支持开发。,Soutenez le développement en demandant des fonctionnalités ou des préréglages.,Apoie o desenvolvimento comissionando recursos ou predefinições.,Apoie o desenvolvimento comissionando recursos ou predefinições.,Apoya el desarrollo con funciones o preajustes por encargo.
SUPPORT THE MOD,ПОДДЕРЖАТЬ МОД,ПІДТРИМАЙТЕ МОД,WSPIERAJ MODU,ПОДКРЕПЕТЕ МОД,MODをサポートする,支持该模组,SOUTENIR LE MOD,SUPPORT THE MOD,SUPPORT THE MOD,SUPPORT THE MOD
Support the mod - donate via Ko-fi (kofi) to help fund continued development,"Поддержите мод — сделайте пожертвование через Ko-fi (kofi), чтобы помочь финансировать дальнейшую разработку.","Підтримайте мод – зробіть пожертву через Ko-fi (kofi), щоб допомогти фінансувати продовження розробки","Wesprzyj modę - przekaż darowiznę za pośrednictwem Ko-fi (kofi), aby pomóc w finansowaniu dalszego rozwoju","Подкрепете мода - дарете чрез Ko-fi (kofi), за да помогнете за финансирането на продължаващото развитие",MOD をサポートします - 継続的な開発資金を支援するために Ko-fi (kofi) 経由で寄付してください,支持模组 - 通过 Ko-fi (kofi) 捐赠以帮助资助持续发展,Soutenez le mod - faites un don via Ko-fi (kofi) pour aider à financer le développement continu,Apoie o mod - doe através de Ko-fi (kofi) para ajudar a financiar o desenvolvimento contínuo,Apoie o mod - doe via Ko-fi (kofi) para ajudar a financiar o desenvolvimento contínuo,Apoye el mod: haga una donación a través de Ko-fi (kofi) para ayudar a financiar el desarrollo continuo
Supporting and Feature Requests,Поддержка и запросы фич,Запити на підтримку та функції,Prośby o wsparcie i funkcje,Заявки за поддръжка и функции,サポートおよび機能リクエスト,支持和功能请求,Support et demande de fonctionnalités,Solicitações de suporte e recursos,Solicitações de suporte e recursos,Soporte y solicitudes de funciones
Swap,Менять,Обмін,Zamieniać,Размяна,スワップ,交换,Échanger,Permuta,Trocar,Intercambio
Switch to the advanced item cooldown mode with in-menu filters.,Переключитесь в расширенный режим восстановления предметов с помощью фильтров в меню.,Перейдіть у розширений режим відновлення предметів за допомогою фільтрів у меню.,Przejdź do zaawansowanego trybu odnawiania przedmiotów za pomocą filtrów w menu.,Превключете към разширения режим на охлаждане на предмети с филтри в менюто.,メニュー内フィルターを使用して、高度なアイテムのクールダウン モードに切り替えます。,使用菜单内过滤器切换到高级物品冷却模式。,Passez au mode de recharge avancé des éléments avec les filtres dans le menu.,Mude para o modo de arrefecimento de itens avançados com filtros no menu.,Mude para o modo de resfriamento de itens avançados com filtros no menu.,Cambie al modo de recuperación de elementos avanzado con filtros en el menú.
Switching to Skyrunner...,Меняем героя на Skyrunner...,Перехід на Skyrunner...,Przełączanie na Skyrunner...,Превключване към Skyrunner...,Skyrunner に切り替えています...,正在切换到 Skyrunner……,Passer à  Skyrunner...,Mudando para Skyrunner...,Mudando para Skyrunner...,Cambiando a Skyrunner...
Tab Zoom,Зум миникарты на TAB,Масштаб вкладки,Zakładka Zoom,Раздел Мащабиране,タブのズーム,Tab 缩放,Zoom TAB,Zoom da guia,Tab Zoom,Zoom TAB
Test,Тест,Тест,Test,Тест,テスト,测试,Test,Teste,Teste,Prueba
Test Announcer,Тест озвучки,Диктор тесту,Spiker testowy,Говорител на теста,テストアナウンサー,测试播音员,Teste de l'Annonceur,Locutor de teste,Teste de Locutor,Probar locutor
Text,Текст,текст,Tekst,Текст,文章,文本,Texte,Texto,Texto,Texto
The circle countdown for when you are reloading.,Круговой таймер обратного отсчёта при перезарядке.,Зворотний відлік кола під час перезавантаження.,Odliczanie w kręgu podczas przeładowywania.,"Обратното броене на кръга, когато презареждате.",リロード時のサークルカウントダウン。,换弹时的圆形倒计时,Le compte à  rebours circulaire pendant le rechargement.,A contagem regressiva do círculo para quando você estiver recarregando.,A contagem regressiva do círculo para quando você estiver recarregando.,La cuenta atrás del círculo para cuando estés recargando.
"The click hitbox of your pings or clicks, this can help make pings more accurate.",Радиус области клика для пингов и отметок; помогает делать их точнее.,"Хітбокс ваших пінгів або клацань, це може допомогти зробити пінг точнішим.",Pole kliknięcia Twoich pingów lub kliknięć. Może to pomóc w zwiększeniu dokładności pingów.,"Поле за кликване на вашите пингове или щраквания, това може да помогне за по-точните пингове.",ping またはクリックのクリック ヒットボックス。これは、ping をより正確にするのに役立ちます。,你的标记/点击的判定框（hitbox），可帮助提高标记准确性,La hitbox des pings ou des clicks afin d'être + précis,A hitbox de cliques de seus pings ou cliques pode ajudar a tornar os pings mais precisos.,A hitbox de cliques de seus pings ou cliques pode ajudar a tornar os pings mais precisos.,"El hitbox de clic de sus pings o clics, esto puede ayudar a que los pings sean más precisos."
"The cosmetic ability on your default 5 key, like posters and snowballs.","Косметическая способность на клавише 5 по умолчанию, например постеры и снежки.","Косметична здатність на вашій клавіші 5 за замовчуванням, наприклад плакати та сніжки.","Zdolność kosmetyczna na domyślnym klawiszu 5, taka jak plakaty i śnieżki.","Козметичната способност на вашия ключ 5 по подразбиране, като плакати и снежни топки.",デフォルトの 5 キーの装飾的な機能 (ポスターや雪玉など)。,默认 5 键上的外观类技能（如海报、雪球等）,La capacité cosmétique (genre les affiches et des boules de neige),"A habilidade cosmética em sua tecla 5 padrão, como pôsteres e bolas de neve.","A habilidade cosmética em sua tecla 5 padrão, como pôsteres e bolas de neve.","La habilidad cosmética en tu tecla 5 predeterminada, como carteles y bolas de nieve."
The damage dealt to Trooper minions.,"Урон, нанесённый крипам-труперам.","Шкода, завдана міньйонам Trooper.",Obrażenia zadawane stworom Żołnierza.,"Щетите, нанесени на миньоните на Trooper.",トルーパーミニオンに与えられるダメージ。,对小兵造成的伤害显示,Les dégâts infligés aux Trooper.,O dano causado aos lacaios Trooper.,O dano causado aos Soldadinhos.,El daño causado a los súbditos de Trooper.
The displayed language of the settings menu.,Язык отображения меню настроек,Відображувана мова меню налаштувань.,Wyświetlany język menu ustawień.,Показаният език на менюто с настройки.,設定メニューの表示言語。,设置菜单中显示的语言。,La langue affichée dans le menu des paramètres.,O idioma exibido no menu de configurações.,O idioma exibido no menu de configurações.,El idioma mostrado en el menú de configuración.
"The distance threshold in which icons will start shrinking. Lower is more accurate positions, higher is easier visibility.","Дистанция, при которой иконки начинают сжиматься. Меньше — точнее позиции, больше — лучше видимость.","Поріг відстані, за якого піктограми почнуть зменшуватися. Нижче точніші позиції, вище легша видимість.","Próg odległości, przy którym ikony zaczną się zmniejszać. Niższa oznacza dokładniejsze pozycje, wyższa oznacza lepszą widoczność.","Прагът на разстоянието, при което иконите ще започнат да се свиват. По-ниските са по-точни позиции, по-високите са по-лесна видимост.",アイコンが縮小し始める距離のしきい値。低いほど位置が正確になり、高いほど視認しやすくなります。,图标开始缩小的距离阈值数值越低位置越准确，越高越易看清,"La distance à partir de laquelle les icônes commencent à rétrécir. Plus bas = positions plus précises, plus haut = meilleure visibilité","O limite de distância no qual os ícones começarão a diminuir. Quanto mais baixas são as posições mais precisas, mais altas são as visibilidades mais fáceis.","O limite de distância no qual os ícones começarão a diminuir. Quanto mais baixas são as posições mais precisas, mais altas são as visibilidades mais fáceis.","El umbral de distancia en el que los iconos comenzarán a reducirse. Más abajo son posiciones más precisas, más arriba es una visibilidad más fácil."
The hero you automatically switch to on launch or after saving..,"Герой, на которого автоматически переключает при запуске или после сохранения.","Герой, на якого ви автоматично переходите під час запуску або після збереження..","Bohater, na którego automatycznie się przełączasz po uruchomieniu lub po zapisaniu.","Героят, към който автоматично превключвате при стартиране или след запазване..",起動時または保存後に自動的に切り替わるヒーロー。,启动时或保存后自动切换到的英雄,Le perso avec lequel tu vas automatiquement charger après le lancement ou la sauvegarde,O herói para o qual você muda automaticamente ao iniciar ou após salvar.,O herói para o qual você muda automaticamente ao iniciar ou após salvar.,El héroe al que cambias automáticamente al iniciar o después de guardar.
The icon that replaces your crosshair when reloading.,"Иконка, которая заменяет прицел во время перезарядки.","Піктограма, яка замінює ваш приціл під час перезавантаження.","Ikona, która zastępuje celownik podczas przeładowywania.","Иконата, която замества мерника ви при презареждане.",リロード時に十字線に代わるアイコン。,换弹时替换准星的图标,L'icône qui remplace votre réticule pendant le rechargement.,O ícone que substitui a mira ao recarregar.,O ícone que substitui a mira ao recarregar.,El ícono que reemplaza tu punto de mira al recargar.
The interval in which the sound plays in seconds.,Интервал воспроизведения звука в секундах.,Інтервал відтворення звуку в секундах.,Interwał odtwarzania dźwięku w sekundach.,"Интервалът, в който се възпроизвежда звукът в секунди.",サウンドが再生される間隔 (秒単位)。,声音播放的间隔（秒）,"L'intervalle, en secondes, auquel le son est joué.",O intervalo em que o som é reproduzido em segundos.,O intervalo em que o som é reproduzido em segundos.,El intervalo en el que se reproduce el sonido en segundos.
The item buying auto queue system in the shop menu.,Система автоочереди покупки предметов в меню магазина.,Автоматична система купівлі товарів у черзі в меню магазину.,System automatycznej kolejki zakupu przedmiotów w menu sklepu.,Системата за автоматично закупуване на артикули в менюто на магазина.,ショップメニューのアイテム購入オートキューシステム。,商店菜单中的物品购买自动队列系统,Le système de file d'achat automatique dans le menu de la boutique.,O sistema de fila automática de compra de itens no menu da loja.,O sistema de fila automática de compra de itens no menu da loja.,El sistema de cola automática de compra de artículos en el menú de la tienda.
The large cumulative damage number.,Большое суммарное число урона.,Велике кумулятивне число пошкоджень.,Duża skumulowana liczba obrażeń.,Голямото кумулативно число на щетите.,累積ダメージ数が大きい。,累计伤害的大号数字显示,Le grand nombre de dégâts cumulés.,O grande número de danos cumulativos.,O grande número de danos cumulativos.,El gran número de daños acumulados.
The majority of issues are caused by improper installation or conflicting mods.,Большинство проблем вызвано неправильной установкой или конфликтующими модами.,Більшість проблем спричинені неправильним встановленням або конфліктними модами.,Większość problemów jest spowodowana niewłaściwą instalacją lub sprzecznymi modami.,По-голямата част от проблемите са причинени от неправилна инсталация или конфликтни модификации.,問題の大部分は、不適切なインストールまたは競合する MOD によって発生します。,大多数问题是由安装不当或模组冲突引起的。,La majorité des problèmes sont causés par une mauvaise installation ou des mods conflictuels.,A maioria dos problemas é causada por instalação inadequada ou mods conflituantes.,A maioria dos problemas é causada por instalação inadequada ou mods conflitantes.,La mayoría de los problemas se deben a una instalación incorrecta o modificaciones conflictivas.
"The mod is <font color=""#66cc99"">fully functional</font> and <font color=""#66cc99"">free</font> for all users.","Мод <font color=""#66cc99"">полностью функционален</font> и <font color=""#66cc99"">бесплатен</font> для всех пользователей.","Мод <font color=""#66cc99"">повнофункціональний</font> і <font color=""#66cc99"">безкоштовний</font> для всіх користувачів.","Mod jest <font color=""#66cc99"">w pełni funkcjonalny</font> i <font color=""#66cc99"">bezpłatny</font> dla wszystkich użytkowników.","Модът е <font color=""#66cc99"">напълно функционален</font> и <font color=""#66cc99"">безплатен</font> за всички потребители.","この MOD は<font color=""#66cc99"">完全に機能</font>し、 すべてのユーザーが<font color=""#66cc99"">無料</font>で利用できます。","该 MOD 对所有用户均为 <font color=""#66cc99"">完整可用</font>，且 <font color=""#66cc99"">免费</font>。","Le mod est <font color=""#66cc99"">entièrement fonctionnel</font> et <font color=""#66cc99"">gratuit</font> pour tous les utilisateurs.","O mod é <font color=""#66cc99"">totalmente funcional</font> e <font color=""#66cc99"">gratuito</font> para todos os usuários.","O mod é <font color=""#66cc99"">totalmente funcional</font> e <font color=""#66cc99"">gratuito</font> para todos os usuários.","El mod es <font color=""#66cc99"">complementamente funcional</font> y <font color=""#66cc99"">gratuito</font> para todos los usuarios."
The popup signifying you are too low on stamina to cast another movement input.,"Всплывающее предупреждение, что у вас слишком мало выносливости для следующего мувмента.","Спливаюче вікно вказує на те, що у вас занадто мало витривалості, щоб застосувати інший рух.","Wyskakujące okienko informujące, że masz zbyt mało wytrzymałości, aby rzucić kolejny sygnał ruchu.","Изскачащият прозорец, който показва, че имате твърде ниска издръжливост, за да направите друго въвеждане на движение.",スタミナが低すぎて別の移動入力をキャストできないことを示すポップアップ。,当体力过低无法再次施放移动输入时的弹窗提示,La fenêtre contextuelle indiquant que votre endurance est trop faible pour lancer une autre action de mouvement.,O pop-up significa que você está com pouca resistência para lançar outra entrada de movimento.,O pop-up significa que você está com pouca resistência para lançar outra entrada de movimento.,La ventana emergente indica que tienes muy poca resistencia para realizar otra entrada de movimiento.
The popups that appear when getting a kill or CCing an enemy or healing an ally,"Всплывающие окна, которые появляются при убийстве, наведении контроля над врагом или исцелении союзника.","Спливаючі вікна, які з’являються під час вбивства, CC ворога чи лікування союзника","Wyskakujące okienka pojawiające się podczas zabijania, CC wroga lub leczenia sojusznika","Изскачащите прозорци, които се появяват, когато получите убийство или CCing на враг или изцеление на съюзник",キルを獲得したとき、敵をCCしたとき、または味方を回復したときに表示されるポップアップ,击杀或控制敌人或治愈盟友时出现的弹出窗口,"Les fenêtres contextuelles qui apparaissent lorsque vous tuez un ennemi, que vous le contrôlez ou que vous soignez un allié.","Os pop-ups que aparecem ao matar, fazer CC a um inimigo ou curar um aliado","Os pop-ups que aparecem ao matar, fazer CC em um inimigo ou curar um aliado","Las ventanas emergentes que aparecen al matar, hacer CC a un enemigo o curar a un aliado."
The size of other players on the minimap.,Размер иконок других игроков на миникарте.,Розмір інших гравців на міні-карті.,Rozmiar innych graczy na minimapie.,Размерът на другите играчи на миникартата.,ミニマップ上の他のプレイヤーのサイズ。,小地图上其他玩家图标的大小,La taille des autres joueurs sur la mini-carte.,O tamanho dos outros jogadores no minimapa.,O tamanho dos outros jogadores no minimapa.,El tamaño de otros jugadores en el minimapa.
The size of yourself on the minimap.,Размер вашей иконки на миникарте.,Ваш розмір на міні-карті.,Rozmiar siebie na minimapie.,Размерът на себе си на миникартата.,ミニマップ上の自分のサイズ。,小地图上自己图标的大小,La taille de ton icône sur la mini-carte.,O seu tamanho no minimapa.,O seu tamanho no minimapa.,El tamaño de ti mismo en el minimapa.
The small incremental damage numbers.,Малые инкрементальные числа урона.,Невеликі додаткові цифри пошкоджень.,Małe przyrostowe liczby obrażeń.,Малките допълнителни числа на щетите.,小さな増加ダメージの数値。,小号的递增伤害数字,Les petits nombres de dégâts incrémentaux.,Os pequenos números de dano incremental.,Os pequenos números de dano incremental.,Las pequeñas cifras de daños incrementales.
The small visual icon.,Маленькая визуальная иконка.,Маленький візуальний значок.,Mała ikona wizualna.,Малката визуална икона.,小さなビジュアルアイコン。,小图标,La petite icône visuelle.,O pequeno ícone visual.,O pequeno ícone visual.,El pequeño icono visual.
The thickness of the Zipline lines across the map.,Толщина линий зиплайна на миникарте.,Товщина ліній Zipline на карті.,Grubość linii Zipline na mapie.,Дебелината на линиите на Zipline на картата.,マップ上のジップライン ラインの太さ。,地图上滑索（Zipline）线条的粗细,L'épaisseur de la tyrolienne sur la carte,A espessura das linhas Zipline no mapa.,A espessura das Tirolesas no mapa.,El grosor de las líneas de Zipline a lo largo del mapa.
The unsecured text.,Текст ненадёжных душ.,Незахищений текст.,Niezabezpieczony tekst.,Незащитеният текст.,保護されていないテキスト。,未锁定文本,Le texte des âmes non sécurisées.,O texto não seguro.,O texto não seguro.,El texto no seguro.
The world background blur effect behind the shop menu.,Эффект размытия мира на фоне меню магазина.,Ефект розмиття фону світу за меню магазину.,Efekt rozmycia tła świata za menu sklepu.,Световният ефект на замъгляване на фона зад менюто на магазина.,ショップメニューの背後にあるワールド背景のぼかし効果。,商店菜单后方的世界背景模糊效果,L'effet de flou d'arrière-plan derrière le menu de la boutique.,O efeito de desfoque de fundo do mundo atrás do menu da loja.,O efeito de desfoque de fundo do mundo atrás do menu da loja.,El efecto de desenfoque del fondo mundial detrás del menú de la tienda.
The world blur and backing strip behind player names in the top bar.,Размытие мира и фоновая полоса позади имен игроков на верхней панели.,Розмиття світу та підкладка за іменами гравців у верхній панелі.,Rozmycie świata i pasek tła za nazwami graczy na górnym pasku.,Размазването на света и лентата за подкрепа зад имената на играчите в горната лента.,トップバーのプレイヤー名の後ろにワールドブラーとバッキングストリップが表示されます。,顶部栏中玩家姓名后面的世界模糊和背景带。,Le monde est flou et la bande de support derrière les noms des joueurs dans la barre supérieure.,O mundo desfocado e a faixa de fundo atrás dos nomes dos jogadores na barra superior.,O mundo desfocado e a faixa de fundo atrás dos nomes dos jogadores na barra superior.,El mundo se desenfoca y el respaldo aparece detrás de los nombres de los jugadores en la barra superior.
The world blur behind player names in the top bar.,Мир размывается за именами игроков на верхней панели.,Розмиття світу за іменами гравців у верхній панелі.,Rozmycie świata za nazwami graczy na górnym pasku.,Светът се размива зад имената на играчите в горната лента.,トップバーのプレイヤー名の後ろに世界がぼやけています。,顶部栏中玩家姓名后面的世界变得模糊。,Le monde se brouille derrière les noms des joueurs dans la barre supérieure.,O mundo fica desfocado atrás dos nomes dos jogadores na barra superior.,O mundo fica borrado atrás dos nomes dos jogadores na barra superior.,El mundo se vuelve borroso detrás de los nombres de los jugadores en la barra superior.
Theme,Тема,Тема,Motyw,Тема,テーマ,主题,Thème,Tema,Tema,Tema
These are easy access to common console commands and are not included in QOL settings.,"Это простой доступ к общим консольным командам, которые не включены в настройки QOL.","Це простий доступ до загальних команд консолі, і вони не включені в налаштування якості життя.",Zapewniają one łatwy dostęp do typowych poleceń konsoli i nie są uwzględniane w ustawieniach QOL.,Това са лесен достъп до общи команди на конзолата и не са включени в настройките на QOL.,これらは一般的なコンソール コマンドに簡単にアクセスできるものであり、QOL 設定には含まれません。,这些可以轻松访问常见控制台命令，并且不包含在 QOL 设置中。,Il s'agit d'un accès facile aux commandes courantes de la console et ne sont pas incluses dans les paramètres QOL.,Oferecem acesso fácil a comandos comuns da consola e não estão incluídos nas definições de QV.,Eles oferecem acesso fácil a comandos comuns do console e não estão incluídos nas configurações de QV.,Estos son de fácil acceso a comandos comunes de la consola y no están incluidos en la configuración de calidad de vida.
This is a lightweight version with significant FPS improvements but requires a seperate file for filters.,"Это лёгкая версия с заметно лучшим FPS, но требуется отдельный файл фильтров.","Це полегшена версія зі значними покращеннями FPS, але вимагає окремого файлу для фільтрів.","Jest to lekka wersja ze znaczną poprawą FPS, ale wymaga osobnego pliku dla filtrów.","Това е олекотена версия със значителни подобрения на FPS, но изисква отделен файл за филтри.",これは FPS が大幅に向上した軽量バージョンですが、フィルター用に別のファイルが必要です。,这是一个轻量版本，FPS 提升显著，但需要单独的滤镜文件,"Il s'agit d'une version légère avec un net gain de FPS, mais qui nécessite un fichier de filtres séparé.","Esta é uma versão leve com melhorias significativas de FPS, mas requer um arquivo separado para filtros.","Esta é uma versão leve com melhorias significativas de FPS, mas requer um arquivo separado para filtros.",Esta es una versión liviana con importantes mejoras en FPS pero requiere un archivo separado para los filtros.
This is a mod designed to give you complete freedom over your game.,"Этот мод создан, чтобы дать вам полную свободу в игре.","Цей мод розроблений, щоб дати вам повну свободу над грою.","Jest to mod zaprojektowany tak, aby dać Ci pełną swobodę w grze.","Това е мод, предназначен да ви даде пълна свобода над вашата игра.",これは、ゲームを完全に自由にするために設計された MOD です。,这是一个旨在让您完全自由地玩游戏的模组。,Il s'agit d'un mod conçu pour vous donner une totale liberté sur votre jeu.,Este é um mod concebido para lhe dar total liberdade no jogo.,Este é um mod projetado para lhe dar total liberdade no jogo.,Este es un mod diseñado para brindarte total libertad sobre tu juego.
This is a way for me to give something back to the supporters.,Это способ отблагодарить разработчика мода.,Це спосіб для мене повернути щось уболівальникам.,"To dla mnie sposób, aby dać coś od siebie kibicom.",Това е начин за мен да върна нещо на привържениците.,これは私がサポーターの皆様に何かをお返しする方法です。,这是我回馈支持者的一种方式。,C'est une façon pour moi de donner quelque chose aux supporters.,Esta é uma forma de retribuir algo aos apoiadores.,Esta é uma forma de retribuir algo aos apoiadores.,Esta es una forma de devolver algo a quienes apoyan el proyecto.
"This is to switch to the Skyrunner hero (looks like Paradox), your settings are saved in the shop builds. To troubleshoot you can delete these and do a fresh save to fix any settings saving issues.","Это для переключения на героя Skyrunner (похож на Парадокс), ваши настройки сохраняются в сборках магазина. Для устранения неполадок вы можете удалить их и выполнить новое сохранение, чтобы исправить любые проблемы с сохранением настроек.","Це для переходу на героя Skyrunner (схоже на Paradox), ваші налаштування зберігаються в збірках магазину. Щоб усунути неполадки, ви можете видалити їх і виконати нове збереження, щоб вирішити будь-які проблеми зі збереженням налаштувань.","Ma to na celu przejście na bohatera Skyrunner (wygląda jak Paradox), twoje ustawienia zostaną zapisane w kompilacjach sklepu. Aby rozwiązać problem, możesz je usunąć i zapisać na nowo, aby rozwiązać problemy z zapisywaniem ustawień.","Това е, за да превключите към героя Skyrunner (изглежда като Paradox), вашите настройки се запазват в компилациите на магазина. За да отстраните неизправности, можете да ги изтриете и да направите ново запазване, за да коригирате всички проблеми със запазването на настройките.",これは Skyrunner ヒーロー (Paradox に似ています) に切り替えるためのもので、設定はショップ ビルドに保存されます。トラブルシューティングを行うには、これらを削除し、新しく保存して、設定保存の問題を修正します。,这是切换到Skyrunner英雄（看起来像Paradox），你的设置保存在商店版本中。要排除故障，您可以删除这些内容并重新保存以解决任何设置保存问题。,"Il s'agit de passer au héros Skyrunner (ressemble à Paradox), vos paramètres sont enregistrés dans les builds de la boutique. Pour résoudre les problèmes, vous pouvez les supprimer et effectuer une nouvelle sauvegarde pour résoudre les problèmes de sauvegarde des paramètres.","Isto é para mudar para o herói Skyrunner (parece Paradox), as suas definições são guardadas nas construções da loja. Para solucionar problemas, pode eliminá-los e fazer um novo guardar para corrigir quaisquer problemas de guardar as definições.","Isso é para mudar para o herói Skyrunner (parece Paradox), suas configurações são salvas nas construções da loja. Para solucionar problemas, você pode excluí-los e fazer um novo salvamento para corrigir quaisquer problemas de salvamento de configurações.","Esto es para cambiar al héroe Skyrunner (parece Paradox), su configuración se guarda en las compilaciones de la tienda. Para solucionar problemas, puede eliminarlos y guardarlos de nuevo para solucionar cualquier problema al guardar la configuración."
Tier 1,Тир 1,Рівень 1,Poziom 1,Ниво 1,ティア1,1 级,Niveau 1,Camada 1,Nível 1,Nivel 1
Tier 2,Тир 2,Рівень 2,Poziom 2,Ниво 2,階層 2,2 级,Niveau 2,Camada 2,Nível 2,Nivel 2
Tier 3,Тир 3,Рівень 3,Poziom 3,Ниво 3,ティア3,3 级,Niveau 3,Nível 3,Nível 3,Nivel 3
Time before the announcement happens in seconds.,Время до срабатывания уведомления в секундах.,Час до оголошення відбувається в секундах.,Czas do ogłoszenia w sekundach.,Време преди съобщението да се случи в секунди.,アナウンスが行われるまでの時間 (秒単位)。,公告触发前的时间（秒）,"Délai avant l'annonce, en secondes.",Tempo antes do anúncio acontecer em segundos.,Tempo antes do anúncio acontecer em segundos.,Tiempo antes de que ocurra el anuncio en segundos.
Time:,Время:,час:,Czas:,Време:,時間：,时间：,Temps:,Hora:,Tempo:,Tiempo:
Time: ,Время:,час:,Czas:,Време:,時間：,时间：,Temps:,Hora:,Tempo:,Tiempo:
Timed audio reminders from Deadlock For Dummies.,Звуковые напоминания по времени от Deadlock For Dummies.,Аудіонагадування на час від Deadlock For Dummies.,Czasowe przypomnienia dźwiękowe od Deadlock For Dummies.,Времеви аудио напомняния от Deadlock For Dummies.,Deadlock For Dummies からの時間指定の音声リマインダー。,来自 Deadlock For Dummies 的定时音频提醒。,Rappels audio chronométrés de Deadlock For Dummies.,Lembretes áudio temporizados de Deadlock For Dummies.,Lembretes de áudio cronometrados de Deadlock For Dummies.,Recordatorios de audio cronometrados de Deadlock For Dummies.
TIMEOUT,ТАЙМ-АУТ,ТАЙМ-АУТ,LIMIT CZASU,ИЗТЕЧИ ВРЕМЕ,タイムアウト,暂停,TEMPS MORT,TIMEOUT,TIMEOUT,TIMEOUT
Timer,Таймер,Таймер,Regulator czasowy,Таймер,タイマー,定时器,Minuteur,Temporizador,Temporizador,Temporizador
Toggle the hitmarkers when attacking enemies.,Включает/выключает хитмаркеры при атаке врагов.,Перемикайте маркери влучень під час атаки ворогів.,Przełączaj znaczniki trafień podczas atakowania wrogów.,"Превключвайте маркерите за попадение, когато атакувате врагове.",敵を攻撃するときにヒットマーカーを切り替えます。,切换攻击敌人时的命中标记（hitmarkers）,Montre ou non les hitmarkers quand tu touche un ennemi,Alterne os marcadores de acerto ao atacar inimigos.,Alterne os marcadores de acerto ao atacar inimigos.,Alterna los marcadores de impacto al atacar a los enemigos.
Tools for showing and sharing item purchase notifications.,Инструменты для отображения и обмена уведомлениями о покупке предметов.,Інструменти для показу та обміну сповіщеннями про купівлю товарів.,Narzędzia do wyświetlania i udostępniania powiadomień o zakupie przedmiotów.,Инструменти за показване и споделяне на известия за покупка на артикул.,アイテム購入通知を表示および共有するためのツール。,用于显示和共享商品购买通知的工具。,Outils pour afficher et partager les notifications d'achat d'articles.,Ferramentas para mostrar e partilhar notificações de compra de artigos.,Ferramentas para mostrar e compartilhar notificações de compra de itens.,Herramientas para mostrar y compartir notificaciones de compra de artículos.
Tools for tracking recent item purchases.,Инструменты для отслеживания недавних покупок товаров.,Інструменти для відстеження останніх покупок товарів.,Narzędzia do śledzenia ostatnich zakupów przedmiotów.,Инструменти за проследяване на скорошни покупки на артикули.,最近の商品購入を追跡するツール。,用于跟踪最近购买的商品的工具。,Outils pour suivre les achats d’articles récents.,Ferramentas para acompanhar as compras recentes de artigos.,Ferramentas para rastrear compras recentes de itens.,Herramientas para rastrear compras recientes de artículos.
Top Bar,Верхняя панель,Верхня панель,Górny pasek,Горна лента,トップバー,顶栏,Barre supérieure,Barra superior,Barra superior,Barra superior
Top Bar Background,Фон верхней панели,Верхня панель фону,Górne tło paska,Фон на горната лента,トップバーの背景,顶部栏背景,Fond de la barre supérieure,Fundo da barra superior,Fundo da barra superior,Fondo de la barra superior
Top Bar Plus,Верхняя панель+,Top Bar Plus,Górny pasek Plus,Горна лента плюс,トップバープラス,顶栏加,Barre supérieure plus,Barra superior mais,Top Bar Plus,Barra superior Plus
Total,Общее кол-во,Всього,Całkowity,Общо,合計,总计,Total,Total,Total,Total
Total ammo amount.,Общее количество патронов.,Загальна кількість боєприпасів.,Całkowita ilość amunicji.,Общо количество амуниции.,総弾薬数。,总弹药量,La quantité totale de munitions.,Quantidade total de munição.,Quantidade total de munição.,Cantidad total de munición.
Total Size,Размер общего,Загальний розмір,Całkowity rozmiar,Общ размер,合計サイズ,总大小,Taille totale,Tamanho total,Tamanho total,Tamaño total
Total:,Общий:,Всього:,Całkowity:,Общо:,合計：,全部的：,Total:,Total:,Total:,Total:
Total: ,Общий:,Всього:,Całkowity:,Общо:,合計：,全部的：,Total:,Total:,Total:,Total:
Total: --,Общий: --,Всього: --,Całkowity: --,Общо: --,合計：  -,全部的：  -,Total: --,Total: --,Total: -,Total: --
Tracked cooldowns near crosshair,Отслеживаемые кулдауны у прицела,Відстежено час відновлення біля перехрестя,Śledzone czasy odnowienia w pobliżu celownika,Проследени охлаждания близо до мерника,十字線付近でのクールダウンの追跡,追踪十字准线附近的冷却时间,Cooldowns près de la réticule,Cooldowns rastreados perto da mira,Cooldowns perto da mira,Tiempo de recarga cerca de la mira
Translators,Переводчики,Перекладачі,Tłumacze,Преводачи,翻訳者,译者,Traducteurs,Tradutores,Tradutores,Traductores
Trooper Damage,Урон по крипам,Trooper Damage,Uszkodzenie żołnierza,Trooper Damage,トルーパーのダメージ,士兵伤害,Dégâts aux troopers,Danos ao soldado,Danos ao soldado,Daño a los soldados
Troubleshoot,Решить неисправность,Усунення несправностей,Rozwiązywanie problemów,Отстраняване на неизправности,トラブルシューティング,故障排除,Résolution de problèmes,Solucionar problemas,Solucionar problemas,Solucionar problemas
Type,Тип,Тип,Typ,Тип,タイプ,类型,Type,Tipo,Tipo,Tipo
UI,UI,UI,UI,UI,UI,UI,UI,UI,UI,UI
UI Controls,Управление UI,UI Елементи керування,Sterowanie UI,UI Контроли,UI コントロール,UI控制,Contrôles UI,Controles de IU,Controles de UI,Controles de interfaz de usuario
Ukrainian,Украинский,Українська,Ukraiński,Украински,ウクライナ語,乌克兰,ukrainien,ucraniano,ucraniano,ucranio
Ult Cooldowns,Кулдауны ультов,Остаточні перезарядки,Czasy odnowienia superumiejętności,Крайни изчаквания,ULTのクールダウン,大招冷却时间,Cooldown Ulti,Tempos de Recarga Ult,Cooldowns da Suprema,Cooldown de definitiva
Ult Indicator,Индикатор ульты,Індикатор Ult,Wskaźnik super,Краен индикатор,ULTインジケーター,大招指示器,Indicateur Ult,Indicador Ult,Indicador de suprema,Indicador definitivo
Unsecured Plus,Улучшенные ненадежные души,Незабезпечений плюс,Niezabezpieczony Plus,Необезпечен плюс,無担保プラス,魂魄数量,Âmes non sécurisées+,Mais inseguro,Unsecured Plus,Unsecured Plus
Unsecured Souls,Необеспеченные души,Незахищені душі,Niezabezpieczone dusze,Несигурни души,安全でない魂,没有保障的灵魂,Âmes non sécurisées,Almas Inseguras,Almas Inseguras,Almas inseguras
Unsecured Souls Timer,Таймер ненадежных душ,Таймер незахищених душ,Zegar niezabezpieczonych dusz,Таймер за незащитени души,アンセキュア・ソウルズ・タイマー,不安全的灵魂计时器,Timer âmes non-sécurisées,Temporizador de almas inseguras,Temporizador de almas inseguras,Temporizador de almas no aseguradas
Unsecured Timer,Таймер ненадежных душ,Незахищений таймер,Niezabezpieczony timer,Незащитен таймер,安全でないタイマー,魂魄计时器,Timer non-sécurisé,Temporizador inseguro,Temporizador inseguro,Temporizador no seguro
Unspent Souls,Непотраченные души игроков,Невитрачені душі,Niewydane dusze,Неизразходвани души,使われなかった魂,未使用的魂魄,Souls non dépensées,Almas não gastas,Almas não gastas,Almas sin gastar
Urn Colors,Цвета урны,Кольори урн,Kolory urny,Цветове на урната,壺の色,瓮的颜色,Couleurs de l'urne,Cores da urna,Cores da urna,Colores de urna
Urn Difference,Разница урны,Урна Різниця,Różnica w urnie,Урна Разлика,壺の違い,团队魂魄百分比差値,Différence d'urne,Diferença de Urna,Diferença de Urna,Diferencia de urna
Use autoexec or other methods to load these automatically.,Используйте autoexec или другие методы для их автоматической загрузки.,"Використовуйте autoexec або інші методи, щоб завантажити їх автоматично.","Użyj autoexec lub innych metod, aby załadować je automatycznie.","Използвайте autoexec или други методи, за да ги заредите автоматично.",これらを自動的にロードするには、autoexec またはその他のメソッドを使用します。,使用 autoexec 或其他方法自动加载它们。,Utilisez autoexec ou d’autres méthodes pour les charger automatiquement.,Utilize o autoexec ou outros métodos para os carregar automaticamente.,Use autoexec ou outros métodos para carregá-los automaticamente.,Utilice autoexec u otros métodos para cargarlos automáticamente.
V2 enemy healthbar enhancements.,Улучшения полосок здоровья v2,Покращення панелі здоров'я противника V2.,Ulepszenia paska zdrowia wrogów V2.,V2 подобрения на лентата за здраве на врага.,V2 敵のヘルスバーの強化。,V2 敌人生命条增强功能。,Améliorations des barres de vie ennemies V2.,Melhorias na barra de saúde do inimigo V2.,Melhorias na barra de saúde do inimigo V2.,Mejoras en la barra de salud del enemigo V2.
Vertical Offset,Верт. положение,Вертикальний зсув,Przesunięcie pionowe,Вертикално отместване,縦方向オフセット,垂直偏移,Décalage vertical,Deslocamento vertical,Deslocamento vertical,Desplazamiento vertical
Vertical Stretch,Верт. Размер,Вертикальна розтяжка,Rozciągnięcie pionowe,Вертикално разтягане,垂直方向のストレッチ,垂直拉伸,Étirement vertical,Alongamento Vertical,Alongamento Vertical,Estiramiento vertical
View a cooldown timer for reloading time.,Показывает таймер кулдауна времени перезарядки.,Перегляньте таймер відновлення для часу перезавантаження.,Wyświetl licznik czasu odnowienia dla czasu przeładowania.,Вижте таймер за охлаждане за време за презареждане.,リロード時間のクールダウン タイマーを表示します。,查看换弹耗时的冷却计时器,Affiche un minuteur pour la durée de rechargement.,Veja um temporizador de resfriamento para recarregar o tempo.,Veja um temporizador de resfriamento para recarregar o tempo.,Vea un temporizador de recuperación para el tiempo de recarga.
View an enhanced minimap on opening ability menu.,Показывает расширенную миникарту при открытии меню способностей.,"Перегляньте розширену міні-карту, відкривши меню здібностей.",Zobacz ulepszoną minimapę w menu umiejętności otwierania.,Вижте подобрена миникарта при отваряне на менюто със способности.,アビリティメニューを開くと、強化されたミニマップが表示されます。,打开技能菜单时查看增强版小地图,Affiche une mini-carte agrandie à  l'ouverture du menu des capacités.,Veja um minimapa aprimorado ao abrir o menu de habilidades.,Veja um minimapa aprimorado ao abrir o menu de habilidades.,Vea un minimapa mejorado al abrir el menú de habilidades.
View an enhanced minimap on opening scoreboard menu.,Показывает расширенную миникарту при открытии табло.,"Перегляньте розширену міні-карту, відкривши меню табло.",Zobacz ulepszoną minimapę po otwarciu menu tablicy wyników.,Вижте подобрена миникарта при отваряне на менюто на таблото.,スコアボード メニューを開くと、強化されたミニマップが表示されます。,打开计分板菜单时查看增强版小地图,Affiche une mini-carte agrandie à  l'ouverture du tableau des scores.,Veja um minimapa aprimorado ao abrir o menu do placar.,Veja um minimapa aprimorado ao abrir o menu do placar.,Vea un minimapa mejorado al abrir el menú del marcador.
View the cooldown time of player ultimates.,Показывает время кулдауна ультимейтов игроков.,Перегляньте час відновлення ультиматів гравця.,Zobacz czas odnowienia superumiejętności gracza.,Вижте времето за изчакване на крайните резултати на играча.,プレイヤーのアルティメットのクールダウン時間を表示します。,查看玩家大招的冷却时间,Affiche le temps de recharge des ultimes des joueurs.,Veja o tempo de espera dos ultimates do jogador.,Veja o tempo de espera dos ultimates do jogador.,Ver el tiempo de recuperación de las definitivas del jugador.
View updates,Просмотр обновлений,Переглянути оновлення,Zobacz aktualizacje,Преглед на актуализациите,更新情報を表示,查看更新,Afficher les mises à  jour,Ver atualizações,Ver atualizações,Ver actualizaciones
Visual,Визуализация патронов,Візуальний,Wizualny,Визуално,ビジュアル,视觉效果,Visuel,Visual,Visual,Visual
Visual indicator of your current ammo.,Визуальный индикатор текущих патронов.,Візуальний індикатор ваших поточних боєприпасів.,Wizualny wskaźnik aktualnej amunicji.,Визуален индикатор за текущите ви амуниции.,現在の弾薬を視覚的に示すインジケーター。,当前弹药量的视觉指示器,Indicateur visuel de vos munitions actuelles.,Indicador visual da sua munição atual.,Indicador visual da sua munição atual.,Indicador visual de tu munición actual.
Voice,Голос,Голос,Głos,глас,声,声音类型,Voix,Voz,Voz,Voz
Voice Actor:,Актёр озвучки:,Актор озвучення:,Aktor głosowy:,Гласов актьор:,声優:,配音演员：,Acteur vocal :,Ator de voz:,Ator de voz:,Actor de voz:
Volume,Громкость,Обсяг,Tom,Обем,音量,音量,Volume,Volume,Volume,Volumen
Volume for Deadlock For Dummies reminder audio.,Громкость звука напоминания Deadlock For Dummies.,Гучність звуку нагадування Deadlock For Dummies.,Głośność dźwięku przypomnienia Deadlock For Dummies.,Сила на звука за аудио напомняне Deadlock For Dummies.,Deadlock For Dummies リマインダー音声の音量。,Deadlock For Dummies 提醒音频的音量。,Volume du rappel audio Deadlock For Dummies.,Volume para áudio de lembrete Deadlock For Dummies.,Volume para áudio de lembrete Deadlock For Dummies.,Volumen para el audio de recordatorio Deadlock For Dummies.
warning,предупреждение,УВАГА,ostrzeżenie,предупреждение,警告,警告,avertissement,aviso,aviso,advertencia
Weapon Damage %: --,Урон оружия %: --,% шкоди від зброї: --,% obrażeń od broni: --,% щети на оръжието: --,武器ダメージ%: --,武器伤害%：--,% de dégâts de l'arme : --,% de dano da arma: --,% de dano da arma: --,% de daño del arma: --
Welcome to QOL Lock,Добро пожаловать в QOL Lock,Ласкаво просимо до QOL Lock,Witamy w QOL Lock,Добре дошли в QOL Lock,QOL Lockへようこそ,欢迎使用 QOL Lock,Bienvenue sur QOL Lock,Bem-vindo ao QOL Lock,Bem-vindo ao QOL Lock,Bienvenido a QOL Lock
Whack a Rem,Whack a Rem,Вдарити Рем,Uderz Rema,Удари Rem,レムを叩く,打雷姆,Paf le Rem !,Bata em um Rem,Whack a Rem,Whack-a-Rem
"Which events cause a sound to play. Camps are one time, Buff is every 5 minutes.","Какие события воспроизводят звук. Крипы — один раз, руна — каждые 5 минут.","Які події викликають відтворення звуку. Табори одноразові, бафф кожні 5 хвилин.","Które zdarzenia powodują odtworzenie dźwięku. Obozy są jednorazowe, wzmocnienie następuje co 5 minut.","Кои събития предизвикват възпроизвеждане на звук. Лагерите са еднократни, Buff е на всеки 5 минути.",どのイベントによってサウンドが再生されるのか。キャンプは1回、バフは5分ごとです。,哪些事件会触发声音播放Camps 只播一次，Buff 每 5 分钟播放一次,"Définit quels événements déclenchent un son. Camps = une seule fois (spawn) , Buff = toutes les 5 minutes","Quais eventos fazem com que um som seja reproduzido. Os acampamentos são únicos, o Buff é a cada 5 minutos.","Quais eventos fazem com que um som seja reproduzido. Os acampamentos são únicos, o Buff é a cada 5 minutos.","Qué eventos hacen que se reproduzca un sonido. Los campamentos son una vez, Buff es cada 5 minutos."
Without them QOL Lock would not be possible.,Без них QOL Lock был бы невозможен.,Без них блокування QOL було б неможливим.,Bez nich blokada QOL nie byłaby możliwa.,Без тях QOL Lock не би било възможно.,これらがなければ、QOL ロックは不可能になります。,没有他们，QOL Lock 就不可能实现。,"Sans eux, QOL Lock ne serait pas possible.",Sem eles o QOL Lock não seria possível.,Sem eles o QOL Lock não seria possível.,"Sin ellos, QOL Lock no sería posible."
Wraithjack,Wraithjack,Wraithjack,Upiorny Jack,Wraithjack,レイスジャック,二十一点,Wraithjack,Wraithjack,Wraithjack,Wraithjack
Writing settings string to build...,Записываем строку настроек в билд...,Запис рядка налаштувань для створення...,Zapisywanie ciągu ustawień do zbudowania...,Записване на низ с настройки за изграждане...,ビルドする設定文字列を書き込んでいます...,正在写入构筑的设置字符串……,Écriture de la chaîne de code de paramètres à  construire...,Escrevendo string de configurações para construir...,Escrevendo string de configurações para construir...,Escribiendo cadena de configuración para construir...
XQC,XQC,XQC,XQC,XQC,XQC,XQC,XQC,XQC,XQC,XQC
yoshii pls hire me,"Ёши, пожалуйста, найми меня","yoshii, будь ласка, найміть мене","Yoshii, proszę, zatrudnijcie mnie","йоши, моля, наемете ме",吉井、私を雇ってください,吉井请雇用我,"Yoshii, s'il te plaît, engage-moi",yoshii por favor contratem-me,yoshii por favor me contrate,yoshii por favor contratame
"You can download custom announcer packs, just download the correct one for the slot you want to replace.","Вы можете скачать кастомные наборы озвучки, просто скачайте правильный для того слота, который хотите заменить.","Ви можете завантажити спеціальні пакети дикторів, просто завантажте правильний для слота, який ви хочете замінити.","Możesz pobrać niestandardowe pakiety komentatorów, po prostu pobierz odpowiedni dla slotu, który chcesz zastąpić.","Можете да изтеглите персонализирани пакети за говорители, просто изтеглете правилния за слота, който искате да замените.",カスタム アナウンサー パックをダウンロードできます。交換するスロットに適したものをダウンロードするだけです。,你可以下载自定义提示音效包，只需下载对应你要替换的槽位版本,"Vous pouvez télécharger des packs d'annonceur personnalisés, il suffit de prendre celui du slot que vous voulez remplacer.","Você pode baixar pacotes de locutores personalizados, basta baixar o correto para o slot que deseja substituir.","Você pode baixar pacotes de locutores personalizados, basta baixar o correto para o slot que deseja substituir.","Puede descargar paquetes de locutores personalizados, simplemente descargue el correcto para el espacio que desea reemplazar."
You can support development by commissioning features or presets.,"Вы можете поддержать разработку, заказав фичи или пресеты.","Ви можете підтримувати розробку, вводячи в експлуатацію функції або попередні налаштування.","Możesz wspierać rozwój, uruchamiając funkcje lub ustawienia wstępne.",Можете да подпомогнете разработката чрез въвеждане в експлоатация на функции или предварително зададени настройки.,機能やプリセットをコミッショニングすることで開発をサポートできます。,您可以通过调试功能或预设来支持开发。,Vous pouvez supporter le développement en commissionnant des fonctionnalités ou des préréglages.,Você pode apoiar o desenvolvimento comissionando recursos ou predefinições.,Você pode apoiar o desenvolvimento comissionando recursos ou predefinições.,Puedes apoyar el desarrollo encargando funciones o preajustes.
You win.,Вы выиграли.,Ви виграєте.,Wygrywasz.,Вие печелите.,あなたが勝ちます。,你赢了。,Vous gagnez.,Você vence.,Você vence.,Tú ganas.
Zerggy Mania,Zerggy Mania,Zerggy Mania,Mania Zerggy’ego,Зерги мания,ザーギーマニア,Zerggy 狂热,Zerggy Spam,Zerggy Mania,Zerggy Mania,Zerggy Mania
ZIP BOOST,ЗИП-БУСТ,ZIP BOOST,ZIP-WZMOCNIENIE,ZIP BOOST,ジップブースト,拉链提升,ZIP BOOST,AUMENTO DE ZIP,AUMENTO DE ZIP,AUMENTO DE CREMALLERA
Zip Boost,Почтовый индекс,Zip Boost,Zwiększenie Zipu,Zip Boost,ジップブースト,拉链提升,Zip Boost,Zip Boost,Zip Boost,Aumento de cremallera
ZIP BOOST ,ЗИП-БУСТ,ZIP BOOST,ZIP-WZMOCNIENIE,ZIP BOOST,ジップブースト,拉链提升,ZIP BOOST,AUMENTO DE ZIP,AUMENTO DE ZIP,AUMENTO DE CREMALLERA
Zip Thickness,Толщина зиплайна,Товщина блискавки,Grubość zamka,Дебелина на ципа,ジッパーの厚さ,滑索厚度,Épaisseur de la tyrolienne,Espessura do zíper,Espessura da tirolesa,Grosor de la cremallera
Zipline Boost,Ускорение на зиплайне,Zipline Boost,Wzmocnienie Zipline,Zipline Boost,ジップラインブースト,滑索提升,Boost tyrolienne,Impulso de tirolesa,Impulso de tirolesa,Boost de via rápida
Сброшена строка (,Сброшена строка (,Сброшена строка (,Сброшена строка (,Сброшена строка (,Сброзена строка (,Сброшена строка (,Сброшена строка (,Сброшена строка (,Сброшена строка (,Сброшена строка (
Сброшено настроек: ,Сброшено настройки:,Зброшено параметрів:,Сброшено naстроек:,Сброшено настройки:,概要:,Сброшено настроек:,Сброшено настроек:,Сброшено настроек:,Сброшено настроек:,Сброшено настроек:
Секция уже по умолчанию.,Секция уже по умолчанию.,Розділ уже за умовчанням.,Секция уже по умолчанию.,Секцията вече е по подразбиране.,Секция уже по умолчанию。,Секция уже по умолчанию。,La sexualité est possible.,Pode usar a secção de segurança.,Você pode usar a seção de segurança.,Секция уже по умолчанию.
Строка уже по умолчанию.,Строка уже по умолчанию.,Строка вже за умовчанням.,Строка уже по умолчанию.,Строка вече по подразбиране.,Строка уже по умолчанию。,Строка уже по умолчанию。,Cette opération est possible.,A garrafa está pronta a usar.,A garrafa está pronta para uso.,Строка уже по умолчанию.
