English,Russian,Ukrainian,Polish,Bulgarian,Belarusian,Japanese,Korean,Chinese,French,Italian,Turkish,Portuguese,BR Portuguese,Spanish
Ammo,Боезапас,Боєприпаси,Amunicja,Амуниции,Боезапас,弾薬,탄창,弹药,Munitions,munizione,Mermi,Munição,Munição,Munición
Announcer,Озвучка событий,Диктор,Spiker,Говорител,Дыктар,アナウンサー,아나운서,提示音效,Annonceur,annunciatore,Spiker,Locutor,Locutor,Locutor
Bebop Sweeper,Bebop Sweeper,Бібоп Свіпер,SaBeboper,Бибоп Метач,Bebop Sweeper,ビバップ・スイーパー,비밥 폭탄찾기,比波普扫雷,Bebop le démineur,Ottone Minato,Bebop Sweeper,Bebop Sweeper,Bebop Sweeper,Bebop Sweeper
Budhud,Budhud,Будхуд,Budhud,Будхуд,Budhud,ブドゥド,Budhud,Budhud,Budhud,hud amici,Budhud,Budhud,Budhud,Budhud
Buff,Бафф,Бафф,Wzmocnienie,Баф,Баф,バフ,버프,Buff,Buff,potenziamento,Buff,Buff,Buff,Mejora
Chat,Чат,Чат,Chat,Чат,Чат,チャット,채팅,聊天,Chat,chat,Sohbet,Bater papo,Bate-papo,Chat
CLEAR,ОЧИСТИТЬ,ОЧИСТИТИ,WYCZYŚĆ,ИЗЧИСТИ,АЧЫСЦІЦЬ,クリア,비우기,清除,EFFACER,CLEAR,TEMİZLE,CLEAR,LIMPAR,CLEAR
Color,Цвет,Колір,Kolor,Цвят,Колер,色,색상,颜色,Couleur,colore,Renk,Cor,Cor,Color
Compass,Компас,компас,Kompas,Компас,Компас,コンパス,나침반,罗盘,Boussole,bussola,Pusula,Bússola,Bússola,Brújula
Console,Консоль,Консоль,Konsola,Конзола,Кансоль,コンソール,콘솔,安慰,Console,console,Konsol,Console,Console,Consola
Crosshair,Прицел,Приціл,Celownik,Мерник,Прыцэл,クロスヘア,조준선,十字线,Réticule,crosshair,Nişangâh,Mira,Retículo,Mira
Custom,Кастомный,Custom,Niestandardowy,По поръчка,Кастамны,カスタム,개인 설정,风俗,Personnalisée,personalizzato,Özel,Personalizado,Personalizado,Personalizado
Default,По умолчанию,За замовчуванням,Domyślny,По подразбиране,Па змаўчанні,デフォルト,기본,默认,Défaut,default,Varsayılan,Predefinição,Padrão,Por defecto
Discord,Discord,Discord,Discord,Discord,Discord,Discord,디스코드,不和谐,Discord,Discord,Discord,Discord,Discord,Discord
DISCORD,DISCORD,ДИСКОРД,DISCORD,ДИСКОРД,DISCORD,不和,디스코드,不和谐,DISCORDE,Discord,DISCORD,DISCÓRDIA,DISCORD,DISCORDIA
Enemy,Враг,Ворог,Wróg,Враг,Вораг,敵,적,敌人,Ennemi,nemico,Düşman,Inimigo,Inimigo,Enemigo
Enhanced,Улучшенная,Розширений,Ulepszony,Подобрен,Палепшаны,拡張,강화됨,增强,Amélioré,migliorato,İyileştirilmiş,Melhorado,Aprimorado,Mejorado
FAILED,ОШИБКА,ПОМИЛКА,NIEUDANE,ГРЕШКА,НЯЎДАЧА,失敗,실패,失败,ÉCHEC,fallito,BAŞARISIZ,FAILED,FALHOU,FAILED
Gold,Золотой,Золотий,Złoty,Златист,Залаты,ゴールド,황금색,金色,Or,oro,Altın,Dourado,Dourado,Dorado
Healthbar,Полоса здоровья,Панель здоров'я,Pasek Zdrowia,Healthbar,HP-бары,ヘルスバー,체력바,健康栏,Barre de vie,barra salute,Can Çubuğu,Barra de saúde,Barra de saúde,Barra de vida
Hero,Герой,Герой,Bohater,Герой,Герой,ヒーロー,영웅,英雄,Héro,eroe,Kahraman,Herói,Herói,Héroe
HUD,HUD,HUD,HUD,HUD,HUD,HUD,HUD,HUD,HUD,HUD,HUD,HUD,HUD,HUD
Icon,Иконка,значок,Ikona,Икона,Іконка,アイコン,아이콘,图标,Icône,icona,Simge,Ícone,Ícone,Icono
Klutz's Bar,Klutz's Bar,Бар Клуца,Bar Klutza,Барът на Клуц,Бар Клатца,クルッツバー,Klutz의 막대,克鲁兹酒吧,Barre de Klutz,barra per imbranati,Klutz'un Menüsü,Bar do Klutz,Klutz's Bar,Bar Klutz
Minimalist,Минималистичный,Мінімалістичний,Minimalistyczna,Минималистично,Мінімалісцкі,ミニマル,미니멀,极简,Minimaliste,minimalista,Minimalist,Minimalista,Minimalista,Minimalista
Minimap,Миникарта,Мінікарта,Minimapa,Миникарта,Мінімапа,ミニマップ,미니맵,小地图,Mini-carte,minimappa,mini harita,Minimapa,Minimapa,Minimapa
MOG,MOG,MOG,MOG,MOG,MOG,MOG,MOG,MOG,MOG,MOG,MOG,MOG,MOG,MOG
MOGLOCK,MOGLOCK,MOGLOCK,MOGLOCK,MOGLOCK,MOGLOCK,MOGLOCK,MOGLOCK,MOGLOCK,MOGLOCK,MOGLOCK,MOGLOCK,MOGLOCK,MOGLOCK,MOGLOCK
moglock.gg,moglock.gg,moglock.gg,moglock.gg,moglock.gg,moglock.gg,moglock.gg,moglock.gg,moglock.gg,moglock.gg,moglock.gg,moglock.gg,moglock.gg,moglock.gg,moglock.gg
Opacity,Прозрачность,Прозорість,Przezroczystość,Прозрачност,Празрыстасць,不透明度,투명도,不透明度,Opacité,opacità,Opaklık,Opacidade,Opacidade,Opacidad
Open,Открыть,Відкрити,Otwórz,Отвори,Адкрыць,開く,열기,打开,Ouvrir,apri,aç,Abrir,Abrir,Abrir
Overlay,Оверлей,Оверлей,Nakładka,Овърлей,Налажэнне,オーバーレイ,오버레이,覆盖,Overlay,overlay,Üst Katman,Sobreposição,Sobreposição,Overlay
Play,Играть,Грати,Graj,Играй,Гуляць,プレイ,플레이,游玩,Jouer,suonare,Oyna,Jogar,Tocar,Jugar
Player,Игрок,Гравець,Gracz,Играч,Гулец,プレイヤー,플레이어,玩家,Joueur,giocatore,Oyuncu,Jogador,Jogador,Jugador
QOL,QOL,QOL,QOL,QOL,QOL,QOL,QOL,QOL,QOL,QOL,QOL,QOL,QOL,QOL
Rejuvenator,Реджув,Rejuvenator,Odnawiacz,Rejuvenator,Рэжувенатар,Rejuvenator,소생의 보석,Rejuvenator,Rejuvenator,Rianimatore,Canlandırıcı,Rejuvenator,Rejuvenator,Rejuvenator
SAVE,СОХРАНИТЬ,ЗБЕРЕГТИ,ZAPISZ,ЗАПАЗИ,ЗАХАВАЦЬ,保存,저장,保存,SAUVEGARDER,salva,Kaydet,SAVE,SALVAR,SAVE
Save,Сохранять,Зберегти,Zapisz,Запази,Захаваць,保存,저장,节省,Sauvegarder,salva,Kaydet,Guardar,Salvar,Ahorrar
Scoreboard,Табло,Табло,Tablica Wyników,Табло,Табліца вынікаў,スコアボード,점수표,记分板,Tableau de bord,classifica,Skor Tablosu,Placar,Placar,Marcador
Settings,Настройки,Налаштування,Ustawienia,Настройки,Налады,設定,설정,设置,Paramètres,impostazioni,ayarlar,Definições,Configuracoes,Configuracion
Shop,Магазин,Магазин,Sklep,Магазин,Магазін,ショップ,상점,商店,Boutique,negozio,Mağaza,Comprar,Loja,Tienda
Size,Размер,Розмір,Rozmiar,Размер,Памер,サイズ,크기,尺寸,Taille,dimensione,Boyut,Tamanho,Tamanho,Tamaño
Souls,Души,Душі,Dusze,Души,Душы,ソウル,영혼,魂魄,Souls,anime,Ruhlar,Almas,Almas,Almas
Special Thanks,Особая благодарность,Особлива подяка,Specjalne Podziękowania,Специални благодарности,Асаблівая падзяка,特別な感謝,특별히 감사한 분들,特别感谢,Remerciements spéciaux,Ringraziamenti speciali,Özel Teşekkürler,Agradecimentos especiais,Agradecimentos especiais,Agrademicientos especial
Speed,Скорость,швидкість,Prędkość,Скорост,Хуткасць,スピード,속도,速度,Vitesse,velocità,Hız,Velocidade,Velocidade,Velocidad
Statlocker,Statlocker,Statlocker,Statlocker,Statlocker,Statlocker,スタットロッカー,Statlocker,Statlocker,Statlocker,Statlocker,Statlocker,Statlocker,Statlocker,Statlocker
Stats,Статы,Статистика,Statystyki,Статистики,Статы,ステータス,능력치,统计数据,Stats,statistiche,İstatistik,Estatísticas,Estatísticas,Estadísticas
Support,Поддержка,Підтримка,Wsparcie,Поддръжка,Падтрымка,サポート,지원,支持,Support,supporto,Destek,Apoiar,Apoiar,Soporte
Timer,Таймер,Таймер,Częstotliwość,Таймер,Таймер,タイマー,타이머,定时器,Minuteur,timer,Sayaç,Temporizador,Temporizador,Temporizador
Total,Общее кол-во,Всього,Całkowita,Общо,Агульнае,合計,최대 총탄,总计,Total,totale,Toplam,Total,Total,Total
UI,UI,UI,UI,UI,Інтэрфейс,UI,UI,UI,UI,UI,Arayüz,UI,UI,UI
Visual,Визуализация патронов,Візуальний,Wizualna,Визуално,Візуал,ビジュアル,시각 효과,视觉效果,Visuel,grafico,Görsel,Visual,Visual,Visual
16:10 Support,Поддержка 16:10,16:10 Підтримка,Wsparcie 16:10,16:10 Подкрепа,Падтрымка 16:10,16:10 応援,16:10 화면비 지원,16:10 支持,16:10 Fix,,16:10 Desteği,16h10 Suporte,Suporte para 16:10,Soporte para 16:10
1st,1-й,1-й,Pierwszy,1-во,1-шы,1位,1순위,1st,1er,,1'inci,1º,1º,1er
21:9 Stream Fix,Фикс 21:9 для стримов,Виправлення потоку 21:9,Poprawka Streamu 21:9,21:9 Stream Fix,Фікс 21:9 для стрымаў,21:9 ストリーム修正,21:9 스트리밍 수정,21:9 Stream 修复,21:9 Stream Fix,,21:9 Yayın Düzeltmesi,Correção de transmissão 21:9,Correção para 21:9,Corrección para 21:9
25%,25%,25%,25%,25%,25%,25%,25%,25%,25%,,%25,25%,25%,25%
2nd,2-й,2-й,Drugi,2-ро,2-гі,2番目,2순위,2nd,2ème,,2'nci,2º,2º,2do
3rd,3-й,3-й,Trzeci,3-то,3-ці,3位,3순위,3rd,3ème,,3'üncü,3º,3º,3er
4:3 Support,Поддержка 4:3,Підтримка 4:3,Wsparcie 4:3,4:3 поддръжка,Падтрымка 4:3,4:3 サポート,4:3 화면비 지원,4:3 支持,4:3 Fix,,4:3 Desteği,4:3 Suporte,Suporte para 4:3,Soporte para 4:3
65%,65%,65%,65%,65%,65%,65%,65%,65%,65%,,%65,65%,65%,65%
75%,75%,75%,75%,75%,75%,75%,75%,75%,75%,,%75,75%,75%,75%
"<font color=""#66cc99"">Free</font> updates for new features, <font color=""#66cc99"">$5</font> for arbitrary changes","<font color=""#66cc99"">Бесплатные</font> изменения для новых функций, <font color=""#66cc99"">$5</font> за произвольные правки","<font color=""#66cc99"">Безкоштовні</font> оновлення для нових функцій, <font color=""#66cc99"">$5</font> за довільні зміни","<font color=""#66cc99"">Bezpłatne</font> aktualizacje nowych funkcji, <font color=""#66cc99"">5 USD</font> za dowolne zmiany","<font color=""#66cc99"">Безплатни</font> актуализации за нови функции, <font color=""#66cc99"">$5</font> за произволни промени","<font color=""#66cc99"">Бясплатныя</font> змены для новых функцый, <font color=""#66cc99"">$5</font> для адвольных змяненняў","新機能のアップデートは<font color=""#66cc99"">無料</font>、任意の変更には<font color=""#66cc99"">5 ドル</font>がかかります","신규 기능 업데이트는 <font color=""#66cc99"">무료</font>, 시험 기능 업데이트는 <font color=""#66cc99"">5달러</font>입니다.","<font color=""#66cc99"">Free</font> updates for new features, <font color=""#66cc99"">$5</font> for arbitrary changes","Mises à  jour <font color=""#66cc99"">gratuites</font> pour les nouvelles fonctionnalités, <font color=""#66cc99"">5Â $</font> pour les modifications arbitraires",,"Güncellemeler ve yeni özellikler <font color=""#66cc99"">bedavaya</font>, isteğe bağlı değişiklikler <font color=""#66cc99"">5$'a</font>","Atualizações <font color=""#66cc99"">gratuitas</font> para novos recursos, <font color=""#66cc99"">$5</font> para alterações arbitrárias","Atualizações <font color=""#66cc99"">gratuitas</font> para novos recursos, <font color=""#66cc99"">$5</font> para alterações arbitrárias","Actualizaciones <font color=""#66cc99"">gratuitas</font> para nuevas funciones, <font color=""#66cc99"">$5 USD</font> por cambios arbitrarios."
Ability Cooldown %: --,"Время восстановления способности, %: --",Зарядка здатності %: --,% Czasu Odnowienia Umiejętności: --,% на изчакване на способността: --,Адкат уменняў %: --,アビリティクールダウン%: --,능력 쿨다운 %: --,技能冷却时间%: --,% de temps de recharge de la capacité : --,,Yetenek Bekleme Süresi %: --,% de Tempo de Recarga da Habilidade: --,% de Tempo de Recarga da Habilidade: --,% de enfriamiento de habilidad: --
Ability Duration,Длительность способностей,Тривалість здібностей,Czas trwania umiejętności,Продължителност на уменията,Працягласць здольнасцей,アビリティ持続時間,능력 지속시간,技能持续时间,Durée des capacités,,Yetenek Süresi,Duração de habilidade,Duração de habilidade,Duración de habilidad
Ability Menu Open,Открыто меню скиллов,Відкрити меню можливостей,Menu Umiejętności Otwarte,Отворете менюто за способности,Меню уменняў адкрыта,アビリティメニューオープン,능력 메뉴 열기,能力菜单打开,Menu de capacité ouvert,,Yetenek Menüsünü Aç,Menu de habilidades aberto,Menu de habilidades aberto,Menú de habilidades abierto
Ability Range,Дальность способностей,Дальність здібностей,Zasięg umiejętności,Обхват на уменията,Далькасць здольнасцей,アビリティ範囲,능력 범위,技能范围,Portée des capacités,,Yetenek Menzili,Alcance de habilidade,Alcance de habilidade,Alcance de habilidad
Ability Suggestion,Рекомендация способности,Пропозиція здібностей,Sugestia Umiejętności,Предложение за способности,Прапанова уменняў,能力の提案,능려 추천,能力建议,Suggestion de capacité,,Yetenek Önerisi,Sugestão de habilidade,Sugestão de habilidade,Sugerencia de habilidad
Accent Color,Акцентный цвет,Колір акценту,Kolor Akcentujący,Цвят на акцента,Акцэнтны колер,アクセントカラー,강조 색상,强调色,Couleur d'accentuation,,Aksan Rengi,Cor de destaque,Cor de destaque,Color de acento
Accuracy:,Точность:,Точність:,Precyzja:,Точност:,Дакладнасць:,正確さ：,명중률:,准确性：,Précision:,,Kesinlik,Exatidão:,Precisão:,Exactitud:
actionbutton,кнопка действия,кнопка дії,przycisk akcji,бутон за действие,Кнопка дзеяння,アクションボタン,액션 버튼,动作按钮,bouton d'action,,aksiyonbutonu,botão de ação,botão de ação,botón de acción
Active Stats,Активные статы,Активна статистика,Aktywne Statystyki,Активни статистики,Актыўныя статы,アクティブステータス,전적 버튼 활성화,活动属性,Stats actives,,Aktif İstatistikler,Estatísticas ativas,Estatisticas ativas,Estadisticas activas
Addons,Аддоны,Аддони,Dodatki,добавки,Aддоны,アドオン,애드온,插件,Modules complémentaires,,Eklentiler,Complementos,Complementos,Complementos
Adds a STAT button on profile rows that opens Statlocker for that account.,Добавляет кнопку STAT в профиль и открывает Statlocker этого игрока.,"Додає кнопку STAT до рядків профілю, яка відкриває Statlocker для цього облікового запису.","Dodaje przycisk STAT w profilu, który otwiera profil Statlocker dla tego konta.","Добавя бутон STAT в редовете на профила, който отваря Statlocker за този акаунт.","Дадць кнопку STAT ў радках профілю, якая адкрывае Statlocker для гэтага акаўнта.",そのアカウントの Statlocker を開く STAT ボタンをプロファイル行に追加します。,해당 계정의 Statlocker 페이지를 여는 STAT 버튼을 추가합니다.,在资料行上添加 STAT 按钮，并为该账号打开 Statlocker,Ajoute un bouton STAT sur le profil qui ouvre Statlocker pour ce profil,,"Profil satırlarına, o hesaba ait Statlocker'ı açan bir STAT butonu ekler.",Adiciona um botão STAT nas linhas do perfil que abre o Statlocker para essa conta.,Adiciona um botão nas linhas do perfil que abre o Statlocker dessa conta.,Agrega un botón STAT en las filas del perfil que abre Statlocker para esa cuenta.
Adjust horizontal position of the in-game chat.,Настраивает горизонтальное положение игрового чата.,Відрегулюйте горизонтальне положення чату в грі.,Dostosuj poziomą pozycję czatu w grze.,Коригирайте хоризонталната позиция на чата в играта.,Наладзіць гарызантальнае становішча ўнутрыгульнявога чату.,ゲーム内チャットの水平位置を調整します。,인 게임 채팅의 수평 위치를 조절합니다.,调整游戏内聊天的水平位置。,Ajuste la position horizontale du chat en jeu.,,Oyun içi sohbetin yatay pozisyonunu ayarla.,Ajuste a posição horizontal do chat do jogo.,Ajuste a posição horizontal do bate-papo do jogo.,Ajusta la posición horizontal del chat del juego.
Adjust horizontal position of the player healthbar.,Изменяет горизонтальное положение панели здоровья игрока.,Відрегулюйте горизонтальне положення панелі здоров'я гравця.,Dostosuj poziomą pozycję paska zdrowia gracza.,Коригирайте хоризонталната позиция на здравната лента на играча.,Наладзіць гарызантальнае становішча паласы здароўя гульца.,プレイヤーのヘルスバーの水平位置を調整します。,플레이어 체력바의 수평 위치를 조절합니다.,调整玩家血条水平位置,Ajuste la position horizontale de la barre de vie du joueur.,,Oyuncu can çubuğunun yatay pozisyonunu ayarla.,Ajuste a posição horizontal da barra de saúde do jogador.,Ajuste a posição horizontal da barra de saúde do jogador.,Ajusta la posición horizontal de la barra de salud del jugador.
Adjust opacity of the player healthbar.,Изменяет прозрачность панели здоровья игрока.,Налаштуйте непрозорість панелі здоров’я гравця.,Dostosuj przezroczystość paska zdrowia gracza.,Регулиране на непрозрачността на лентата за здраве на плейъра.,Наладзіць празрыстасць паласы здароўя гульца.,プレイヤーのヘルスバーの不透明度を調整します。,플레이어 체력바의 투명도를 조절합니다.,调整玩家血条不透明度,Ajuste l'opacité de la barre de vie du joueur.,,Oyuncu can çubuğunun opaklığını ayarla.,Ajuste a opacidade da barra de saúde do jogador.,Ajuste a opacidade da barra de saúde do jogador.,Ajusta la opacidad de la barra de salud del jugador.
Adjust size of the in-game chat.,Настраивает размер игрового чата.,Налаштуйте розмір чату в грі.,Dostosuj rozmiar czatu w grze.,Регулирайте размера на чата в играта.,Наладзіць памер унутрыгульнявога чату.,ゲーム内チャットのサイズを調整します。,인 게임 채팅의 크기를 조절합니다.,调整游戏内聊天的大小。,Ajuste la taille du chat en jeu.,,Oyun içi sohbetin boyutunu ayarla.,Ajuste o tamanho do chat do jogo.,Ajuste o tamanho do bate-papo do jogo.,Ajusta el tamaño del chat del juego.
Adjust size of the player healthbar.,Изменяет размер панели здоровья игрока.,Налаштуйте розмір панелі здоров'я гравця.,Dostosuj rozmiar paska zdrowia gracza.,Регулирайте размера на лентата за здраве на играча.,Наладзіць памер паласы здароўя гульца.,プレーヤーのヘルスバーのサイズを調整します。,플레이어 체력바의 크기를 조절합니다.,调整玩家血条大小,Ajuste la taille de la barre de vie du joueur.,,Oyuncu can çubuğunun boyutunu ayarla.,Ajuste o tamanho da barra de saúde do jogador.,Ajuste o tamanho da barra de saúde do jogador.,Ajusta el tamaño de la barra de salud del jugador.
Adjust the in-game chat position and scale.,Настраивает позицию и масштаб игрового чата.,Налаштуйте позицію та масштаб чату в грі.,Dostosuj pozycję i skalę czatu w grze.,Регулирайте позицията и мащаба на чата в играта.,Наладзіць становішча і маштаб унутрыгульнявога чату.,ゲーム内チャットの位置とスケールを調整します。,인 게임 채팅의 크기와 위치를 조절합니다.,调整游戏内聊天的位置和缩放。,Ajuste la position et l'échelle du chat en jeu.,,Oyun içi sohbetin pozisyonunu ve boyutunu ayarla.,Ajuste a posição e a escala do bate-papo no jogo.,Ajuste a posição e a escala do bate-papo no jogo.,Ajusta la posición y escala del chat en el juego.
Adjust vertical position of the in-game chat.,Настраивает вертикальное положение игрового чата.,Відрегулюйте вертикальне положення чату в грі.,Dostosuj pionową pozycję czatu w grze.,Регулирайте вертикалната позиция на чата в играта.,Наладзіць вертыкальнае становішча ўнутрыгульнявога чату.,ゲーム内チャットの垂直位置を調整します。,인 게임 채팅의 수직 위치를 조절합니다.,调整游戏内聊天的垂直位置。,Ajuste la position verticale du chat en jeu.,,Oyun içi sohbetin dikey pozisyonunu ayarla.,Ajuste a posição vertical do chat do jogo.,Ajuste a posição vertical do bate-papo do jogo.,Ajusta la posición vertical del chat del juego.
Adjust vertical position of the player healthbar.,Изменяет вертикальное положение панели здоровья игрока.,Відрегулюйте вертикальне положення панелі здоров'я гравця.,Dostosuj pionową pozycję paska zdrowia gracza.,Регулирайте вертикалната позиция на здравната лента на играча.,Наладзіць вертыкальнае становішча паласы здароўя гульца.,プレーヤーのヘルスバーの垂直位置を調整します。,인 게임 체력바의 수직 위치를 조절합니다.,调整玩家血条垂直位置,Ajuste la position verticale de la barre de vie du joueur.,,Oyuncu can çubuğunun dikey pozisyonunu ayarla.,Ajuste a posição vertical da barra de saúde do jogador.,Ajuste a posição vertical da barra de saúde do jogador.,Ajusta la posición vertical de la barra de salud del jugador.
Advanced,Расширенный,Просунутий,Zaawansowany,Разширено,Пашыраны,高度な,고급,先进的,Avancé,,Gelişmiş,Avançado,Avançado,Avanzado
Advanced Filter,Расширенный фильтр,Розширений фільтр,Zaawansowany Filtr,Разширен филтър,Пашыраны фільтр,高度なフィルター,고급 필터,高级过滤,Filtre avancé,,Gelişmiş Filtre,Filtro avançado,Filtro avançado,Filtro avanzado
Advanced Mode,Расширенный режим,Розширений режим,Tryb Zaawansowany,Разширен режим,Пашыраны рэжым,アドバンスモード,고급 모드,高级模式,Mode avancé,,Gelişmiş Mod,Modo avançado,Modo avançado,Modo avanzado
Alert Threshold,Порог оповещения,Поріг сповіщення,Próg Alertu,Праг за сигнал,Парог апавяшчэння,アラートしきい値,알림 기준선,警告阈值,Seuil d'alerte,,Uyarı Sınırı,Limite de alerta,Limite de alerta,Umbral de alerta
All commissioned additions are released publicly and available to everyone.,Все заказанные изменения добавляются в публичную версию и доступны всем.,Усі замовлені доповнення опубліковані та доступні кожному.,Wszystkie zlecane dodatki są udostępniane publicznie i dostępne dla każdego.,Всички поръчани допълнения се пускат публично и са достъпни за всички.,Усе замоўленыя змены дадаюцца ў публічную версію і даступныя ўсім.,委託された追加内容はすべて公開され、誰でも利用できるようになります。,의뢰로 추가된 기능들은 곧 모든 사용자에게 공개됩니다.,所有委托添加的内容都会公开发布并提供给所有人。,Tous les ajouts commandés sont rendus publics et accessibles à  tous.,,Talep üzerine eklenen tüm içerikler kamuya açık olarak yayınlanır ve herkese sunulur.,Todas as adições comissionadas são divulgadas publicamente e estão disponíveis para todos.,Todas as adições comissionadas são divulgadas publicamente e estão disponíveis para todos.,Todas las funciones por encargo se publican y están disponibles para todos.
Allows you to drag move some menus.,Позволяет перетаскивать некоторые меню.,Дозволяє перетягувати та переміщувати деякі меню.,Umożliwia przeciąganie i przesuwanie niektórych menu.,Позволява ви да плъзгате и премествате някои менюта.,Дазваляе перацягваць некаторыя меню.,一部のメニューをドラッグして移動できます。,몇몇 메뉴들을 드래그할 수 있습니다.,允许您拖动一些菜单。,Vous permet de déplacer certains menus par glisser-déplacer.,,Bazı menüleri tutup hareket ettirmenizi sağlar.,Permite arrastar e mover alguns menus.,Permite mover alguns menus.,Le permite arrastrar y mover algunos menús.
Ally HP Warning,Предупреждение о ХП союзников,Союзник HP Попередження,Ostrzeżenie o HP Sojusznika,Съюзник HP Предупреждение,папярэджанне пра АЗ саюзніка,味方 HP 警告,아군 체력 경고,友方生命值警告,Avertissement HP allié,,Takım Arkadaşı HP Uyarısı,Aviso de HP aliado,Aviso de Vida dos aliado,Aviso de vida baja del aliado
Already at default value.,Уже по умолчанию.,Уже встановлено значення за замовчуванням.,Jest już domyślne/a,Вече е на стойност по подразбиране.,Ужо па змаўчанні.,すでにデフォルト値になっています。,이미 기본 설정입니다.,已经是默认值了。,Déjà à la valeur par défaut.,,Zaten varsayılan değerde.,Já está no valor por defeito.,Já está no valor padrão.,Ya en el valor predeterminado.
Alt Zoom,Зум миникарты на ALT,Alt Zoom,Alternatywne Powiększenie,Alt Zoom,Зум мінікарты на ALT,Alt ズーム,Alt를 눌러 확대,Alt 缩放,Zoom ALT,,Alt Tuşuyla Yakınlaştırma,Zoom alternativo,Alt Zoom,Zoom alternativo
Always Hidden,Всегда скрыто,Завжди прихований,Zawsze Ukryty,Винаги скрит,Заўсёды схаваны,常に非表示,항상 감춤,始终隐藏,Toujours caché,,Her Zaman Saklı,Sempre oculto,Sempre oculto,Siempre oculto
Always Shown,Всегда показано,Завжди показується,Zawsze Pokazane/a,Винаги се показва,Заўсёды паказваць,常に表示される,항상 보임,始终显示,Toujours affiché,,Her Zaman Görünür,Sempre mostrado,Sempre à mostra,Siempre visible
Always Visible Boost,Всегда видно ускорение,Завжди видиме підвищення,Wzmocnienie Zawsze Widoczne,Винаги видимо усилване,Заўсёды бачна паскарэнне,常に表示されるブースト,항상 보임 - 부스트,始终可见的提升,Boost toujours visible,,Her Zaman Görünür Güçlendirilmiş,Impulso sempre visível,Impulso sempre visível,Boost siempre visible
Always Visible Override,Принудительно показывать,Завжди видиме перевизначення,Zastąpienie Zawsze Widoczne,Винаги видимо заместване,Прымусова заўсёды бачна,常に表示されるオーバーライド,항상 보임 - 덮어쓰기,始终可见覆盖,Remplacement toujours visible,,Her Zaman Görünür Zorlanmış,Substituição sempre visível,Forçar sempre visível,Forzar visibilidad permanente
Amber,Янтарный,Бурштиновий,Bursztynowy,Кехлибарен,Бурштынавы,アンバー,호박색,琥珀色,Ambre,,Kehribar,Âmbar,Âmbar,Ámbar
An always visible zipline boost overlay.,Постоянно отображаемый оверлей буста зиплайна.,Завжди видима накладка для посилення зіплайну.,Zawsze widoczna nakładka wzmocnienia tyrolki,Винаги видимо наслагване на zipline.,Пастаянна бачны оверлэй буста зіплайна.,常に表示されるジップライン ブースト オーバーレイ。,항상 집라인 부스트 오버레이를 보여줍니다.,始终可见的滑索加速（zipline boost）叠加层,Un overlay du boost tyrolienne tjrs visible,,Her zaman görünür olan bir zipline hızlandırıcı göstergesi.,Uma sobreposição de tirolesa sempre visível.,Uma sobreposição de zipline sempre visível.,Una superposición de refuerzo de tirolesa siempre visible.
Angle and Speed,Угол и скорость,Кут і швидкість,Kąt i Prędkość,Ъгъл и скорост,Вугал і хуткасць,角度と速度,각도 및 속도,角度和速度,Angle et vitesse,,Açı ve Hız,Ângulo e Velocidade,Ângulo e Velocidade,Ángulo y velocidad
Append the selected build title after the build ID.,Показать название сборки после ID,Додайте назву вибраної збірки після ідентифікатора збірки.,Pokaż tytuł builda po jego ID,Добавете избраното заглавие на компилация след ИД на компилация.,Дадайце назву абранага білду пасля ідэнтыфікатара білду.,選択したビルド タイトルをビルド ID の後に追加します。,빌드 ID 옆에 해당 빌드 제목을 표시합니다.,将选定的构建标题附加到构建 ID 后。,Ajoutez le titre de build sélectionné après l’ID de build.,,Build ID'sinden sonra seçili Build'ın ismini ekle.,Anexe o título da compilação selecionada após o ID da compilação.,Anexe o título da build selecionada após o ID da build.,Agregue el título de la compilación seleccionada después del ID de la compilación.
APPLIED,ПРИМЕНЕНО,ЗАСТОСОВАНО,ZASTOSOWANO,ПРИЛОЖЕНО,ПРЫМЕНЕНА,適用済み,적용됨,已应用,APPLIQUÉ,,UYGULANDI,APPLIED,APLICADO,APPLIED
APPLY,ПРИМЕНИТЬ,ЗАСТОСУВАТИ,ZASTOSUJ,ПРИЛОЖИ,ПРЫМЯНІЦЬ,適用,적용,应用,APPLIQUER,,UYGULA,APPLY,APLICAR,AP
Arcade,Аркада,Аркада,Mini-gry,Аркада,Аркада,アーケード,아케이드,小游戏,Arcade,,Arcade,Arcada,Fliperama,Arcade
Asmon,Asmon,Асмон,Asmon,Асмон,Asmon,アスモン,Asmon,阿斯蒙,Asmon,,Asmon,Asmon,Asmon,Asmón
Audio,Аудио,Аудіо,Dźwięk,Аудио,Аўдыя,オーディオ,오디오,声音的,Audio,,Ses,Áudio,Áudio,Audio
Author:,Автор:,Автор:,Autor:,Автор:,Аўтар:,著者：,작가:,作者：,Auteur:,,Yaratıcı:,Autor:,Autor:,Autor:
Automatically selects 'With Party' in lane preference. Requires the party screen to be open.,Автоматически выбирает «С группой» в предпочтении линии. Требуется открытый экран группы.,"Автоматично вибирає 'З групою' у налаштуваннях лінії. Потрібно, щоб екран групи був відкритий.","Automatycznie wybiera ""Z Drużyną"" w preferencjach linii. Wymaga otwartego ekranu drużyny.",Автоматично избира 'With Party' в предпочитанието за лейн. Изисква екранът на партито да е отворен.,Аўтаматычна выбірае «З групай» у перавазе лініі. Патрабуе адкрытага экрана групы.,レーン設定で「パーティーあり」を自動的に選択します。パーティー画面が開いている必要があります。,전선 설정에서 '파티와 함께'를 자동으로 선택합니다. 파티 설정 창을 열어야 합니다.,在分路偏好中自动选择“与队伍一起”。需要打开队伍界面。,Sélectionne automatiquement 'Avec le groupe' dans la préférence de lane. Nécessite que l'écran de groupe soit ouvert.,,"Şerit terichinde otomatik olarak ""Arkadaş Grubu İle"" seçilir. Açık olması için parti ekranı gereklidir.",Seleciona automaticamente 'Com grupo' na preferência de pista. Requer que o ecrã do grupo esteja aberto.,Seleciona automaticamente 'Com grupo' na preferencia de lane. Requer que a tela de grupo esteja aberta.,Selecciona automaticamente 'Con grupo' en la preferencia de carril. Requiere que la pantalla de grupo este abierta.
Automatically selects Lane Preference: With Party for matchmaking.,Автоматически выбирает предпочтение линии: с группой.,Автоматично вибирає Lane Preference: With Party для пошуку партнерів.,"Automatycznie wybiera Preferencje Linii ""Z Drużyną"" podczas matchmakingu.",Автоматично избира Lane Preference: With Party за намиране на партньори.,Аўтаматычна выбірае перавагу лініі: з групай.,マッチメイキングにはレーン設定: パーティーありが自動的に選択されます。,전선 선호도를 항상 파티와 함께로 설정합니다.,匹配时自动选择“分路偏好：与队伍一起,Sélectionne automatiquement la préférence de lane : Avec le groupe pour le matchmaking.,,Eşleştirme için otomatik olarak Şerit Tercihi: Arkadaş Grubu İle'yi seçer,Seleciona automaticamente Preferência de pista: Com grupo para matchmaking.,Seleciona automaticamente Preferência de lane: Com grupo para matchmaking.,Selecciona automáticamente Preferencia de carril: Con grupo para emparejamiento.
Backup & Restore,Резервное копирование и восстановление,Резервне копіювання та відновлення,Kopia Zapasowa i Przywracanie,Архивиране и възстановяване,Рэзервовае капіяванне і аднаўленне,バックアップと復元,백업 & 복구,备份与恢复,Sauvegarde et restauration,,Yedekle ve Eski Haline Getir,Backup e restauro,Backup e restauração,Copia de seguridad y restauración
Base,База,База,Główne,База,База,ベース,기본,根据,Base,,Baz,Base,Base,Base
Be conscious of the features you are using and read carefully.,Изучайте функции которые вы используете и внимательно читайте их описание.,"Будьте уважні до функцій, які ви використовуєте, і уважно читайте.","Bądź świadomy funkcji, których używasz i czytaj uważnie.","Бъдете наясно с функциите, които използвате, и прочетете внимателно.","Будзьце ўважлівыя да функцый, якімі вы карыстаецеся, і ўважліва чытайце.",使用している機能に注意して、よく読んでください。,현재 사용 중인 기능을 잘 확인하고 잘 읽어보시기 바랍니다.,请注意您正在使用的功能并仔细阅读。,Soyez conscient des fonctionnalités que vous utilisez et lisez attentivement.,,Kullandığınız ayarların bilincinde olun ve dikkatlice okuyun.,Esteja ciente dos recursos que está a utilizar e leia com atenção.,Esteja ciente dos recursos que você está usando e leia com atenção.,Sea consciente de las funciones que está utilizando y léalas atentamente.
Beep,Beep,Звуковий сигнал,Beep,Звуков сигнал,Beep,ビープ,비프음,Beep,Bip,,Bip,Bip,Beep,Pitido
Behavior Summary,Плашка поведения,Резюме поведінки,Podsumowanie Zachowania,Резюме на поведението,Плашка паводзін,行動の概要,품행 요약,行为总结,Trust Factor/Comportement,,Davranış Özeti,Resumo de comportamento,Resumo de comportamento,Resumen de comportamiento
Best:,Лучший:,Найкраще:,Najlepszy Wynik:,Най-добър:,Лепшы:,最高：,최고:,最好的：,Meilleur:,,En İyi:,Melhor:,Melhor:,Mejor:
Better Item Cooldowns,Улучшенные перезарядки предметов,Кращі часи відновлення предметів,Lepsze Cooldowny Przedmiotów,По-добро охлаждане на предмети,Палепшаныя кулдаўны прадметаў,アイテムのクールダウンの改善,아이템 쿨다운 표시 개선,更好的物品冷却时间,Meilleurs cooldowns,,İyileştirilmiş Eşya Bekleme Süreleri,Melhores tempos de espera de itens,Melhores Cooldowns,Mejores tiempos de recarga
Better Unsecured,Улучшенные ненадежные души,Краще незабезпечений,Lepsze Niezabezpieczone,По-добре необезпечен,Палепшаныя страчвальныя душы,無担保の方が良い,미확보 영혼 표시 개선,更好的无保障,Better Unsecured,,İyileştirilmiş Korunmasız,Melhor inseguro,Better Unsecured,Better Unsecured
Better Unsecured Souls,Улучшенные ненадежные души,Краще незахищені душі,Lepsze Niezabezpieczone Dusze,По-добри незащитени души,Палепшаныя ненадзейныя душы,より良い安全のない魂,미확보 영혼 표시 개선,更好的无保障的灵魂,Better Unsecured Souls,,İyileştirilmiş Korunmasız Ruhlar,Almas melhores e inseguras,Better Unsecured Souls,Mejores almas sin asegurar
BHOP UI,Интерфейс для BHOP'a,BHOP UI,Interfejs BHOP,BHOP UI,Bhop UI,BHOP UI,버니합 UI,BHOP UI,BHOP UI,,BHOP Arayüzü,BHOP UI,BHOP UI,BHOP UI
Big Camps + Sinners,Большие крипы + автоматы,Великі табори + Sinner's,Duże Potwory + Kasyna,Големи лагери + Sinner's,Буйныя лагеры + Sinner's,大型キャンプ + 罪人の犠牲,대형 캠프 & 슬롯머신,大型营地 + 罪人献祭,Grands camps + Pécheurs,,Büyük Kamplar + Sinner'lar,Acampamentos grandes + Sinner's,Acampamentos grandes + Sinner's,Campamentos grandes + Sinner's
Big Number,Большие числа,Велике число,Duża Liczba,Голямо число,Вялікі лік,ビッグナンバー,큰 수,大数字,Grand nombre,,Büyük Sayı,Grande número,Grande número,Número grande
Big Numbers,Большие числа,Великі числа,Duże Liczby,Големи числа,Вялікія лікі,大きな数字,큰 수,大数字,Grands nombres,,Büyük Sayılar,Grandes números,Grandes números,Grandes números
Big Red,Большой и красный,Великий Червоний,Duży Czerwony,Голямо червено,Вялікі і чырвоны,ビッグレッド,큰 빨강,大红色,Grand rouge,,Büyük Kırmızı,Grande Vermelho,Grande Vermelho,Rojo grande
Black,Чёрный,Чорний,Czarny,Черен,Чорны,ブラック,검정색,黑色,Noir,,Siyah,Preto,Preto,Negro
Blackjack,Blackjack,блекджек,Blackjack,Блекджек,Блэкджек,ブラックジャック,블랙잭,Wraithjack,Wraithjack,,Blackjack,Wraithjack,Wraithjack,Wraithjack
Blackjack - You win.,Blackjack – Вы выиграли.,Блекджек - Ви виграли.,Blackjack – Wygrywasz.,Блекджек - Вие печелите.,Блэкджэк – Вы выйгралі.,ブラックジャック - あなたの勝ちです。,블랙잭 - 승리했습니다.,二十一点 - 你赢了。,Blackjack - Vous gagnez.,,Blackjack - Sen kazandın.,Blackjack - Ganha.,Wraithjack - Você ganha.,Blackjack: tú ganas.
Blue,Синий,Синій,Niebieski,Син,Сіні,ブルー,파랑색,蓝色,Bleu,,Mavi,Azul,Azul,Azul
Blur,Размытие,Розмиття,Rozmazanie,Размазване,Размыццё,ぼかし,흐리기,模糊,Flou,,Bulanıklaştırma,Borrão,Borrão,Desenfoque
Boom. Press New Game.,Бум. Нажмите «Новая игра».,Бум. Натисніть Нова гра.,Boom. Naciśnij Nowa Gra,Бум. Натиснете Нова игра.,Бум. Націсніце «Новая гульня».,ブーム。新しいゲームを押します。,콰광. 새 게임을 누르세요.,繁荣。按新游戏。,Boom. Appuyez sur Nouveau jeu.,,Bom. Yeni Oyun'a Bas.,Bum. Prima Novo Jogo.,Boom. Pressione Novo Jogo.,Auge. Pulsa Nuevo juego.
Bottom Bar,Нижняя панель,Нижня панель,Dolny Pasek,Долна лента,Ніжняя панэль,ボトムバー,하단 바,底栏,Barre inférieure,,Alt Çubuk,Barra inferior,Barra inferior,Barra inferior
BR Portuguese,БР Португальский,Португальська (Бразилія),Portugalski (Brazylia),Португалски (Бразилия),БР Партугальская,ブラジルポルトガル語,BR 포루투갈어,巴西葡萄牙语,BR Portugais,,BR Portuguese,Português do Brasil,Português BR,Portugués (Brasil)
Bridge Buff,Руна,Міст Бафф,Wzmocnienie Mostowe,Bridge Buff,Руна,ブリッジバフ,다리 버프,桥牌爱好者,Bridge Buff,,Köprü Buff'ı,Bridge Buff,Buff da ponte,Mejoras del puente
Bridge Buff Delay,Время до напоминания о рунах,Затримка Bridge Buff,Opóźnienie Wzmocnienia Mostowego,Bridge Buff Delay,Час да напаміну пра руны,ブリッジバフディレイ,다리 버프 지연,桥增益延迟,Délai du Bridge Buff,,Köprü Buff'ı Gecikmesi,Atraso de Buff da Ponte,Atraso de Buff da Ponte,Retraso de mejora del puente
Bridge Buff Timer,Таймер рун,Таймер Bridge Buff,Timer na Wzmocnienia Mostowe,Bridge Buff Timer,Таймер рун,ブリッジバフタイマー,다리 버프 타이머,桥梁 Buff  计时器,Bridge Buff Timer,,Köprü Buff'ı Sayacı,Temporizador de Buff de Ponte,Temporizador de Buff de Ponte,Temporizador de mejora del puente
Bridge Buffs,Руны,Бридж баффи,Wzmocnienia Mostowe,Bridge Buffs,Руны,ブリッジバフ,다리 버프,桥牌爱好者,Bridge Buffs,,Köprü Buff'ları,Bônus da ponte,Buffs da ponte,Mejoras del puente
Brown,Коричневый,Коричневий,Brązowy,Кафяв,Карычневы,ブラウン,갈색,棕色,Marron,,Kahverengi,Castanho,Marrom,Marrón
Buff Delay,Задержка баффа,Затримка баффа,Opóźnienie Wzmocnienia,Buff Delay,Затрымка бафа,バフディレイ,버프 지연,Buff 延迟,Délai du buff,,Buff Gecikmesi,Atraso de bônus,Atraso de Buff,Retraso de mejora
Buff Filter,Фильтр баффов,Бафф-фільтр,Filtr Wzmocnienia,Buff филтър,Фільтр бафаў,バフフィルター,버프 필터,Buff 过滤,Filtre des buffs,,Buff Filtresi,Filtro de bônus,Filtro de Buff,Filtro de mejora
Buff Reminder,Напоминание о рунах,Нагадування про бафф,Przypomnienie o Wzmocnieniu,Напомняне за баф,Напамін пра руны,バフリマインダー,버프 시간 알리미,增益提醒,Rappel de buff,,Buff Hatırlatıcısı,Lembrete de bônus,Lembrete de Buff,Recordatorio de mejora
Buff Timer,Таймер рун,Бафф таймер,Timer na Wzmocnienie/a,Buff Timer,Таймер бафаў,バフタイマー,버프 타이머,增益计时器,Buff Timer,,Buff Sayacı,Temporizador de bônus,Temporizador de Buff,Temporizador de mejora
Bulgarian,Болгарский,Болгарська,Bułgarski,Български,Балгарская,ブルガリア語,불가리아어,保加利亚语,bulgare,,Bulgarca,búlgaro,Búlgaro,búlgaro
Bullet Evasion,Уклонение от пуль,Ухилення від куль,Unik przed pociskami,Избягване на куршуми,Ухіленне ад куль,弾丸回避,총탄 회피,子弹闪避,Esquive des balles,,Mermiden Kaçınma,Evasão de balas,Evasão de balas,Evasión de balas
Bullet Lifesteal,Вампиризм от пуль,Вампіризм від куль,Kradzież życia z pocisków,Вампиризъм от куршуми,Вампірызм ад куль,弾丸ライフスティール,총탄 흡혈,子弹吸血,Vol de vie des balles,,Mermiyle Can Çalma,Roubo de vida de balas,Roubo de vida de balas,Robo de vida de balas
Bullet Resist,Сопротивление пулям,Опір кулям,Odporność na pociski,Съпротива срещу куршуми,Супраціў кулям,弾丸耐性,총탄 저항,子弹抗性,Résistance aux balles,,Mermi Direnci,Resistência a balas,Resistência a balas,Resistencia a balas
Bust - Dealer wins.,Перебор – победа дилера.,Перебір – виграє дилер.,Spalony – Krupier wygrywa.,Бюст - Дилърът печели.,Перабор – перамога дылера.,バスト - ディーラーの勝ち。,버스트 - 딜러 승리.,爆牌 - 庄家获胜。,Buste - Le croupier gagne.,,Battınız. Krupiye kazandı.,Busto - O dealer ganha.,Perdeu - O dealer vence.,Busto: el crupier gana.
by,от,за,przez,от,па,による,by,经过,par,,olarak,por,por,por
By default everything is disabled and has nearly zero performance cost.,По умолчанию - все ОТКЛЮЧЕНО и ПОЧТИ не влияет на производительность.,За замовчуванням усе вимкнено та має майже нульову вартість продуктивності.,Domyślnie wszystko jest wyłączone i ma prawie zerowy koszt wydajności.,По подразбиране всичко е деактивирано и има почти нулеви разходи за производителност.,Па змаўчанні ўсё адключана і мае амаль нулявы ўплыў на прадукцыйнасць.,デフォルトではすべてが無効になっており、パフォーマンスコストはほぼゼロです。,기본적으로 모든 기능이 꺼져 있으며 거의 부하를 주지 않습니다.,默认情况下，一切都被禁用，并且性能成本几乎为零。,"Par défaut, tout est désactivé et le coût en performances est presque nul.",,Varsayılan olarak her şey kapalı ve neredeyse performansı hiç etkilemez.,"Por defeito, tudo está desativado e tem um custo de desempenho quase nulo.","Por padrão, tudo está desabilitado e tem custo de desempenho quase zero.","De forma predeterminada, todo está deshabilitado y tiene un costo de rendimiento casi nulo."
Cancel,Отменить,Скасувати,Anuluj,Отказ,Адмена,キャンセル,취소,取消,Annuler,,İptal Et,Cancelar,Cancelar,Cancelar
Captions,Подписи,Підписи,Napisy,Надписи,Подпісы,キャプション,자막,字幕,Légendes,,Altyazılar,Legendas,Legendas,Subtítulos
Centered ESC Menu,Отцентровать меню паузы,Меню ESC по центру,Wyśrodkowane Menu pod Escape,Центрирано ESC меню,Адцэнтраваць меню ESC,中央の ESC メニュー,ESC 메뉴 중앙 정렬,居中 ESC 菜单,Menu ESC centré,,Merkezlenmiş ESC Menüsü,Menu ESC centralizado,Menu ESC centralizado,Menú ESC centrado
Centered Friends List,Отцентровать список друзей,Центрований список друзів,Wyśrodkowana Lista Znajomych,Центриран списък с приятели,Адцэнтраваць спіс сяброў,中心にある友達リスト,친구 메뉴 중앙 정렬,居中好友列表,Liste d'amis centrée,,Merkezlenmiş Arkadaş Listesi,Lista de amigos centralizada,Lista de amigos centralizada,Lista de amigos centrada
Centers ESC menu elements to make them easier to access.,Центрирует элементы меню ESC для более удобного доступа.,"Центрує елементи меню ESC, щоб полегшити до них доступ.","Wyśrodkowuje elementy menu Escape, aby ułatwić do nich dostęp.","Центрира елементите на менюто ESC, за да ги направи по-лесни за достъп.",Цэнтруе элементы меню ESC для больш зручнага доступу.,ESC メニュー要素を中央に配置してアクセスしやすくします。,ESC 메뉴를 중앙으로 모아 더 쉽게 누를 수 있습니다.,将 ESC 菜单元素居中，便于操作,Centre les éléments du menu ESC pour les rendre plus faciles d'accès.,,ESC menüsü öğelerini daha erişilebilir kılmak için onları merkezler.,Centraliza os elementos do menu ESC para torná-los mais fáceis de acessar.,Centraliza os elementos do menu ESC para torná-los mais fáceis de acessar.,Centra los elementos del menú ESC para facilitar el acceso a ellos.
Centers friends list area in ESC menu.,Перемещает список друзей в ESC ближе к центру.,Центрує область списку друзів у меню ESC.,Wyśrodkowuje obszar listy znajomych w menu Escape.,Центрира областта със списъка с приятели в менюто ESC.,Цэнтруе блок спісу сяброў у меню ESC.,ESC メニューのフレンド リスト領域を中央に配置します。,ESC 메뉴의 친구 목록을 중앙으로 정렬합니다.,将 ESC 菜单中的好友列表区域居中,Centre la liste d'amis dans le menu ESC.,,ESC menüsündeki arkadaş listesi alanını merkezler.,Centraliza a área da lista de amigos no menu ESC.,Centraliza a área da lista de amigos no menu ESC.,Centros de área de lista de amigos en el menú ESC.
Centers the friends list area within the ESC menu.,Отцентровывает список друзей в ESC,Центрує область списку друзів у меню ESC.,Wyśrodkowuje obszar listy znajomych w menu Escape.,Центрира областта на списъка с приятели в ESC менюто.,Адцэнтроўвае спіс сяброў у ESC,ESC メニュー内のフレンド リスト領域を中央に配置します。,ESC 메뉴의 친구 목록을 중앙으로 정렬합니다.,在 ESC 菜单中将好友列表区域居中。,Centre la zone de liste d'amis dans le menu ESC.,,ESC menüsü içerisindeki arkadaş listesi alanını merkezler.,Centraliza a área da lista de amigos no menu ESC.,Centraliza a área da lista de amigos dentro do menu ESC.,Centra el área de la lista de amigos dentro del menú ESC.
Change Log,Список изменений,Журнал змін,Lista Zmian,Дневник на промените,Спіс змен,変更ログ,변경사항,变更日志,Journal des modifications,,Sürüm Notları,Registro de alterações,Registro de alterações,Registro de cambios
CHANGE LOG,СПИСОК ИЗМЕНЕНИЙ,ЖУРНАЛ ЗМІН,LISTA ZMIAN,ДНЕВНИК НА ПРОМЯНАТА,СПІС ЗМЕН,変更ログ,변경사항,更新日志,CHANGE LOG,,SÜRÜM NOTLARI,CHANGE LOG,REGISTRO DE ALTERAÇÕES,CHANGE LOG
Changes the element's transparency.,Изменяет прозрачность элемента,Змінює прозорість елемента.,Zmienia przezroczystość elementu.,Променя прозрачността на елемента.,Змяняе празрыстасць элемента.,要素の透明度を変更します。,해당 요소의 투명도를 조정합니다.,更改该元素的透明度。,Modifie la transparence de l'élément.,,Öğenin saydamlığını değiştirir.,Altera a transparência do elemento.,Altera a transparência do elemento.,Cambia la transparencia del elemento.
"Changes the visual theme used by the settings menu, modals, loader, and save menus.",Изменяет визуальную тему мода.,"Змінює візуальну тему, яка використовується в меню налаштувань, режимах, меню завантажувача та збереження.","Zmienia motyw wizualny używany przez menu ustawień, okienka, loader i menu zapisywania.","Променя визуалната тема, използвана от менюто с настройки, модалните менюта, менютата за зареждане и запазване.","Змяняе візуальную тэму, якая выкарыстоўваецца меню налад, мадальнымі вокнамі, меню загрузчыка і захавання.",設定メニュー、モーダル、ローダー、および保存メニューで使用されるビジュアルテーマを変更します。,"설정 메뉴, 모듈, 로더, 저장 메뉴에 사용되는 시각 테마를 변경합니다.",更改设置菜单、模式、加载器和保存菜单使用的视觉主题。,"Modifie le thème visuel utilisé par le menu des paramètres, les modaux, le chargeur et les menus de sauvegarde.",,"Ayarlar menüsü, model, yükleyici ve kayıt menülerinin kullandığı görsel temayı değiştirir.","Altera o tema visual utilizado pelo menu de definições, modais, carregador e menus de guardar.","Altera o tema visual usado pelo menu de configurações, modais, carregador e menus de salvamento.","Cambia el tema visual utilizado por el menú de configuración, los modales, el cargador y los menús de guardar."
"Changes urn color to know which side is favored, green for your team, red for the enemy.",Перекрашивает урну в зависимости от перевеса команд.,"Змінює колір урни, щоб знати, яка сторона надає перевагу: зелений для вашої команди, червоний для ворога.","Zmienia kolor urny, aby wiedzieć, dla której strony jest łatwiejsza, zielony dla twojej drużyny, czerwony dla wroga.","Променя цвета на урната, за да разбере коя страна е предпочитана, зелено за вашия отбор, червено за врага.","Перафарбоўвае урну ў залежнасці ад перавагі каманд: зялёны - для вашай каманды, чырвоны - для праціўніка.",どちら側が有利かを知るために壺の色を変更します。緑は自分のチーム、赤は敵です。,"영혼 단지가 어느 쪽에 유리하게 적용되는지 표시합니다. 아군의 경우 초록색, 적군의 경우 빨간색.",根据喜欢哪一边来重新着色瓮。,"Change la couleur de l'urne pour savoir quel camp est favorisé, vert pour votre équipe, rouge pour l'ennemi.",,"Hangi takımın avantajlı olduğunu göstermek için urn'ün rengini değiştirir: takımınız için yeşil, düşman takım için kırmızı.","Muda a cor da urna para saber qual lado é o favorito, verde para o seu time, vermelho para o inimigo.","Muda a cor da urna para saber qual lado é o favorito, verde para o seu time, vermelho para o inimigo.","Cambia el color de la urna para saber qué bando es el favorito, verde para tu equipo, rojo para el enemigo."
Changes:,Изменения:,Зміни:,Zmiany:,Промени:,Змены:,変更点:,변경:,变化：,Modifications :,,Değişiklikler:,Mudanças:,Mudanças:,Cambios:
Charcoal,Угольный,Вугільний,Grafitowy,Графитен,Вугальны,チャコール,진회색,炭灰色,Anthracite,,Kömür,Carvão,Carvão,Carbón
Check out our site to join,"Посетите наш сайт, чтобы присоединиться","Перегляньте наш сайт, щоб приєднатися","Sprawdź naszą stronę, aby dołączyć","Разгледайте нашия сайт, за да се присъедините","Наведайце наш сайт, каб далучыцца",参加するにはサイトをチェックしてください,사이트에 접속하세요,查看我们的网站加入,Consultez notre site pour vous inscrire,,Katılmak için sitemize göz gezdirin,Consulte o nosso site para participar,Confira nosso site para participar,Visita nuestro sitio para unirte
Chinese,Китайский,Китайська,Chiński,Китайски,Кітайская,中国語,중국어,中文,Chinois,,Çince,Chinese,Chinês,Chino
Choose a preset accent color for the player healthbar frame.,Выберите пресет цвета для рамки панели здоровья игрока.,Виберіть попередньо встановлений колір акценту для рамки панелі здоров’я гравця.,Wybierz kolor akcentu dla ramki paska zdrowia gracza.,Изберете предварително зададен цвят на акцента за рамката на здравната лента на играча.,Абярыце прадвызначаны акцэнтны колер для рамкі панэлі здароўя гульца.,プレーヤーのヘルスバー フレームのプリセットのアクセント カラーを選択します。,플레이어 체력바 프레임의 강조 색상 프리셋을 선택합니다.,为玩家生命条框架选择预设强调色。,Choisissez une couleur d'accent prédéfinie pour le cadre de la barre de santé du joueur.,,Oyuncu can çubuğu çerçevesi için bir aksan rengi hazır ayarı seçin.,Escolha uma cor de destaque predefinida para o quadro da barra de saúde do jogador.,Escolha uma cor de destaque para a barra de saúde do jogador.,Elija un color de acento preestablecido para el marco de la barra de salud del jugador.
Choose a preset border color for stamina charge indicators.,Выберите пресет цвета рамки для панели выносливости.,Виберіть попередньо встановлений колір рамки для індикаторів заряду витривалості.,Wybierz kolor wskaźnika staminy.,Изберете предварително зададен цвят на рамката за индикаторите за заряд на издръжливост.,Абярыце прадвызначаны колер рамкі для індыкатараў зараду вынослівасці.,スタミナチャージインジケーターのプリセット境界線の色を選択します。,활력 충전 표시기의 테두리 색상 프리셋을 선택합니다.,选择耐力充电指示器的预设边框颜色。,Choisissez une couleur de bordure prédéfinie pour les indicateurs de charge d'endurance.,,Stamina dolum göstergesi için bir kenar rengi hazır ayarı seçin.,Escolha uma cor de bordo predefinida para os indicadores de carga de resistência.,Escolha uma cor de borda para indicadores de carga de stamina.,Elija un color de borde preestablecido para los indicadores de carga de resistencia.
Choose a preset color wash for minimap icons.,Выберите пресет цветов для значков мини-карты.,Виберіть попередньо встановлений відтінок для значків на міні-карті.,Wybierz kolor ikon na minimapie.,Изберете предварително зададено измиване на цветовете за иконите на миникарта.,Абярыце прадвызначаную каляровую заліву для значкоў мінікарты.,ミニマップ アイコンのプリセット カラー ウォッシュを選択します。,미니맵 아이콘의 배경색 프리셋을 선택합니다.,为小地图图标选择预设颜色清洗。,Choisissez un rendu de couleur prédéfini pour les icônes de la mini-carte.,,Mini harita simgeleri için bir renk tonu hazır ayarı seçin.,Escolha uma cor predefinida para os ícones do minimapa.,Escolha uma cor para os ícones do minimapa.,Elija un lavado de color preestablecido para los íconos del minimapa.
Choose a preset color wash for the bottom ability bar.,Выберите пресет цветов для нижней панели способностей.,Виберіть попередньо встановлений відтінок кольору для нижньої панелі можливостей.,Wybierz kolor dla dolnego paska umiejętności.,Изберете предварително зададено измиване на цвета за долната лента на способностите.,Абярыце прадвызначаную каляровую заліву для ніжняй панэлі уменняў.,下部のアビリティバーのプリセットカラーウォッシュを選択します。,하단 능력 바의 배경색 프리셋을 선택합니다.,为底部能力栏选择预设颜色清洗。,Choisissez un lavage de couleur prédéfini pour la barre de capacités inférieure.,,Alt yetenek çubuğu için bir renk tonu hazır ayarı seçin.,Escolha uma cor predefinida para a barra de habilidades inferior.,Escolha uma cor para a barra de habilidades.,Elija un lavado de color preestablecido para la barra de habilidades inferior.
Choose a preset color wash for the item bar.,Выберите пресет цветов для панели предметов.,Виберіть попередньо встановлений відтінок для панелі елементів.,Wybierz kolor dla paska elementów.,Изберете предварително зададено измиване на цвета за лентата на артикула.,Абярыце прадвызначаную каляровую заліву для панэлі прадметаў.,アイテムバーのプリセットカラーウォッシュを選択します。,아이템 바의 배경색 프리셋을 선택합니다.,为项目栏选择预设颜色清洗。,Choisissez un lavage de couleur prédéfini pour la barre d’articles.,,Eşya çubuğu için bir renk tonu hazır ayarı seçin.,Escolha uma cor predefinida para a barra de itens.,Escolha uma cor para a barra de itens.,Elija un lavado de color preestablecido para la barra de elementos.
Choose a preset color wash for the keyboard overlay.,Выберите пресет цветов для оверлея клавиатуры.,Виберіть попередньо встановлений відтінок кольору для накладання клавіатури.,Wybierz kolor dla nakładki klawiatury.,Изберете предварително зададено измиване на цвета за наслагването на клавиатурата.,Абярыце прадвызначаную каляровую заліву для накладання клавіятуры.,キーボード オーバーレイのプリセット カラー ウォッシュを選択します。,키보드 오버레이의 배경색 프리셋을 선택합니다.,为键盘覆盖层选择预设颜色清洗。,Choisissez une couleur prédéfinie pour la superposition du clavier.,,Klavye göstergesi için bir renk tonu hazır ayarı seçin.,Escolha uma cor predefinida para a sobreposição do teclado.,Escolha uma cor para a sobreposição do teclado.,Elija un lavado de color preestablecido para la superposición del teclado.
Choose a preset text color for the ammo display.,Выберите пресет цвета текста отображения боеприпасов.,Виберіть попередньо встановлений колір тексту для дисплея боєприпасів.,Wybierz kolor tekstu dla wskaźnika amunicji.,Изберете предварително зададен цвят на текста за дисплея на амунициите.,Абярыце прадвызначаны колер тэксту для адлюстравання боезапасу.,弾薬表示のプリセットテキストの色を選択します。,탄창 표시기의 글자 색상 프리셋을 선택합니다.,选择弹药显示的预设文本颜色。,Choisissez une couleur de texte prédéfinie pour l'affichage des munitions.,,Mermi göstergesi için bir metin tonu hazır ayarı seçin.,Escolha uma cor de texto predefinida para a apresentação da munição.,Escolha uma cor para o texto de exibição da munição.,Elija un color de texto preestablecido para la visualización de munición.
Choose which bridge buff sound variants can play.,"Выберите, какие варианты звука руны могут воспроизводиться.","Виберіть, які варіанти звуку бридж баф можна відтворювати.","Wybierz, które efekty dźwiękowe wzmocnienia mostowego będą odtwarzane.",Изберете кои варианти на звук за бридж баф могат да се възпроизвеждат.,"Абярыце, якія варыянты гуку руны могуць прайгравацца.",どのブリッジ バフ サウンド バリアントを再生できるかを選択します。,다리 버프 알림 시 출력될 소리를 설정합니다.,选择 桥梁buff 可播放的音效变体,Choisit quelles variantes sonores du buff de pont peuvent jouer.,,Hangi köprü buff'ı ses varyanlarının çalabileceğini seçin.,Escolha quais variantes de som de buff de ponte podem ser reproduzidas.,Escolha quais variantes de som de buff de ponte podem ser reproduzidas.,Elija qué variantes de sonido de mejora del puente pueden reproducir.
Circle,Круг,Коло,Koło,кръг,Круг,丸,원형,圆圈,Cercle,,Çember,Círculo,Círculo,Círculo
Clean Indicators,Чистые индикаторы,Чисті індикатори,Czyste Wskaźniki,Чисти индикатори,Лаканічныя індыкатары,クリーンインジケーター,깔끔한 표시기,清洁指标,Indicateurs propres,,Sade Göstergeler,Indicadores Limpos,Indicadores Limpos,Indicadores limpios
Clean Stacks,Чистые стаки,Чисті стеки,Czyste Stacki,Чисти стекове,Лаканічныя Стаки,クリーンスタック,깔끔한 스택,启用整洁层数显示,Activer des stacks plus clean,,Sade Yükler,Habilitar pilhas limpas,Stacks limpos,Habilitar pilas limpias
Cleaner Items,Убрать фон у предметов,Предмети очищення,Czystsze Przedmioty,По-чисти предмети,Лаканічныя прадметы,クリーナーアイテム,깔끔한 아이템,清洁用品,Articles plus propres,,Sade Eşyalar,Itens mais limpos,Itens mais limpos,Objetos más limpios
Cleaner Skills,Убрать фон способностей,Навички очищення,Czystsze Skille,По-чисти умения,Лаканічныя уменні,クリーナースキル,깔끔한 능력,清洁技能,Compétences plus propres,,Sade Yetenekler,Habilidades de limpeza,Habilidades mais limpas,Habilidades más limpias
Cleans up the styling of reticle hints.,Улучшает стиль подсказок прицела.,Очищає стиль натяків на сітку.,Oczyszcza styl wskaźników celownika.,Почиства стайлинга на намеци за решетки.,Паляпшае стыль падказак прыцэла.,レティクルヒントのスタイルをクリーンアップします。,조준선 힌트 스타일을 깔끔하게 바꿉니다.,清理准星提示（reticle hints）的样式,Nettoie le style des indices du réticule.,,Nişangâh ipuçlarının görünümünü iyileştirir.,Limpa o estilo das dicas do retículo.,Limpa o estilo das dicas do retículo.,Limpia el estilo de las sugerencias de retícula.
Cleans up the visuals of the shop stats display without changing the rest of the shop.,"Очищает визуальное отображение статистики магазина, не изменяя остальную часть магазина.","Очищає візуальні елементи відображення статистики магазину, не змінюючи решту магазину.",Czyści wygląd statystyk w sklepie bez zmiany reszty sklepu.,"Почиства визуалните елементи на дисплея със статистика на магазина, без да променя останалата част от магазина.","Ачышчае візуальнае адлюстраванне статыстыкі крамы, не змяняючы астатнюю частку крамы.",ショップの残りの部分を変更せずに、ショップ統計表示のビジュアルをクリーンアップします。,"나머지 상점 요소는 건드리지 않고, 능력치 창을 깔끔하게 바꿉니다.",清理商店统计显示的视觉效果，而不更改商店的其余部分。,Nettoie les visuels de l'affichage des statistiques de la boutique sans modifier le reste de la boutique.,,Mağaza istatistik ekranının görünümünü temizler ama mağazanın geri kalanını değiştirmez.,Limpa o aspeto da visualização de estatísticas da loja sem alterar o resto da loja.,Limpa o visual da exibição de estatísticas da loja sem alterar o resto da loja.,Limpia las imágenes de la visualización de estadísticas de la tienda sin cambiar el resto de la tienda.
Cleans up visuals of abilities significantly to reduce clutter.,"Сильно упрощает визуал способностей, уменьшая перегрузку.","Значно очищає візуальні елементи здібностей, щоб зменшити безлад.",Znacznie oczyszcza ikony umiejętności dla bardziej minimalistycznego wyglądu.,"Почиства значително визуалните елементи на способностите, за да намали безпорядъка.","Моцна спрашчае візуал здольнасцей, памяншаючы перагружанасць.",アビリティのビジュアルを大幅に整理して乱雑さを軽減します。,능력의 시각 효과를 깔끔하게 바꾸어 번잡함을 대폭 감소합니다.,大幅清理技能特效以减少画面杂乱,Nettoie considérablement les visuels des capacités pour faciliter la vue,,Yeteneklerin görünümünü ekran karmaşasını azaltmak için sadeleştirir.,Limpa significativamente o visual das habilidades para reduzir a desordem.,Limpa significativamente o visual das habilidades para reduzir a confusão.,Limpia significativamente las imágenes de las habilidades para reducir el desorden.
Cleans up visuals of the item bar significantly to reduce clutter.,"Сильно упрощает визуал панели предметов, уменьшая перегрузку.","Значно очищає візуальні елементи панелі елементів, щоб зменшити безлад.",Znacznie oczyszcza wygląd paska przedmiotów dla bardziej minimalistycznego wyglądu.,"Почиства значително визуалните елементи на лентата с елементи, за да намали безпорядъка.","Моцна спрашчае візуал панэлі прадметаў, памяншаючы перагружанасць.",アイテムバーのビジュアルを大幅に整理して乱雑さを軽減します。,아이템 창 시각 효과를 깔끔하게 바꾸어 번잡함을 대폭 감소합니다.,大幅清理物品栏视觉效果以减少杂乱,Nettoie considérablement les visuels de la barre d'éléments pour faciliter la vue,,Eşya çubuğunun görünümünü ekran karmaşasını azaltmak için sadeleştirir.,Limpa significativamente o visual da barra de itens para reduzir a confusão.,Limpa significativamente o visual da barra de itens para reduzir a confusão.,Limpia significativamente las imágenes de la barra de elementos para reducir el desorden.
Cleans up visuals of the minimap significantly to reduce clutter.,"Сильно упрощает визуал миникарты, уменьшая перегрузку.","Значно очищає візуальні елементи міні-карти, щоб зменшити безлад.","Znacznie oczyszcza wygląd minimapy, dla bardziej minimalistycznego wyglądu.","Почиства значително визуалните елементи на миникартата, за да намали безпорядъка.","Моцна спрашчае візуал міні-карты, памяншаючы перагружанасць.",ミニマップのビジュアルを大幅に整理して乱雑さを軽減します。,미니맵 시각 효과를 깔끔하게 바꾸어 번잡함을 대폭 감소합니다.,大幅清理小地图视觉效果以减少杂乱,Simplifie fortement les visuels de la mini-carte pour faciliter la vue,,Mini haritanın görünümünü ekran karmaşasını azaltmak için sadeleştirir.,Limpa significativamente o visual do minimapa para reduzir a confusão.,Limpa significativamente o visual do minimapa para reduzir a confusão.,Limpia significativamente las imágenes del minimapa para reducir el desorden.
Cleans up visuals of the shop menu significantly to reduce clutter.,"Сильно упрощает визуал магазина, уменьшая перегрузку.","Значно очищає візуальні елементи меню магазину, щоб зменшити безлад.","Znacznie oczyszcza menu sklepu, dla bardziej minimalistycznego wyglądu.","Изчиства значително визуалните елементи на менюто на магазина, за да намали безпорядъка.","Моцна спрашчае візуал крамы, памяншаючы перагружанасць.",ショップ メニューのビジュアルを大幅に整理して乱雑さを軽減します。,상점 창 시각 효과를 깔끔하게 바꾸어 번잡함을 대폭 감소합니다.,大幅清理商店菜单视觉效果以减少杂乱,Simplifie fortement les visuels du menu boutique pour faciliter la vue,,Mağaza menüsünün görünümünü ekran karmaşasını azaltmak için sadeleştirir.,Limpa significativamente o visual do menu da loja para reduzir a desordem.,Limpa significativamente o visual do menu da loja para reduzir a confusão.,Limpia significativamente las imágenes del menú de la tienda para reducir el desorden.
Clear completed.,Очистка завершена.,Очищення завершено.,Czyszczenie zakończone.,Изчистването е завършено.,Ачыстка завершана.,クリア完了しました。,비우기 완료.,清除完成,Effacement terminé.,,Temizleme tamamlandı.,Limpeza concluída.,Limpeza concluída.,Borrar completado.
Clear failed.,Очистка не удалась.,Не вдалося очистити.,Czyszczenie nie powiodło się.,Изчистването не бе успешно.,Ачыстка не ўдалася.,クリア失敗しました。,비우기 실패.,清除失败,Échec de la suppression.,,Temizleme başarısız.,Falha ao limpar.,Falha ao limpar.,Borrado fallido.
Clear in progress...,Идёт очистка...,Триває очищення...,Trwa czyszczenie...,Изчистване в ход...,Ідзе ачыстка...,クリア中…,비우는 중...,清除进行中……,Suppression en cours...,,Temizleme sürüyor...,Limpeza em andamento...,Limpeza em andamento...,Borrado en progreso...
Clear timed out. Try again.,Очистка не вернула ответ вовремя. Попробуйте ещё раз.,Час очікування минув. Спробуйте знову.,Upłynął limit czasu dla czyszczenia. Spróbuj ponownie.,Времето за изчакване за изчистване изтече. Опитайте отново.,Ачыстка не вярнула адказ своечасова. Паспрабуйце яшчэ раз.,クリアタイムアウトになりました。もう一度やり直してください。,비우기 시간이 초과되었습니다. 다시 시도해 주세요.,清除超时请重试,Le délai d'effacement a expiré. Essayer à  nouveau.,,Temizleme zaman aşımına uğradı. Tekrardan deneyin.,A limpeza expirou. Tente novamente.,A limpeza expirou. Tente novamente.,Se agotó el tiempo de borrado. Intentar otra vez.
CLEARED,ОЧИЩЕНО,ОЧИЩЕНО,WYCZYSZCZONE,ИЗЧИСТЕН,АЧЫШЧАНА,クリア済み,비어 있음,已清除,EFFACÉ,,TEMİZLENDİ,CLEARED,LIMPO,CLEARED
Cleared in,Очищено за,Очищено,Odkryto w,Изчистено,Ачышчана ў,クリア済み,비우기 남은 시간,清算于,Effacé dans,,Temizleme süresi,Liberado em,Limpado em,Borrado en
Clearing builds...,Очищаем билды...,Очищення збірок...,Czyszczenie buildów...,Изчистване на компилации...,Ачышчаем білды...,ビルドをクリアしています...,빌드 비우는 중,正在清除构筑……,Effacement des builds...,,Build'lar temizleniyor...,Limpando compilações...,Limpando builds...,Borrando compilaciones...
click here,Нажмите сюда,натисніть тут,kliknij tutaj,щракнете тук,націсніце сюды,ここをクリック,여기를 클릭,点击这里,Clique ici,,buraya tıklayın,Clique aqui,Clique aqui,haga clic aquí
Click Radius,Радиус клика,Натисніть Радіус,Promień Kliknięcia,Кликнете върху Радиус,Радыус кліку,クリック半径,클릭 반경,单击半径,Zone de clic,,Tıklama yarıçapı,Clique em Raio,Raio do click,Haga clic en Radio
Click to Notify,Уведомить команду о недостатке душ,"Натисніть, щоб сповістити","Kliknij, aby Powiadomić","Щракнете, за да уведомите","Націсніце, каб паведаміць",クリックして通知,클릭하여 알림 설정,点击通知,Cliquez pour notifier,,Bildirmek için tıkla,Clique para notificar,Clique para notificar,Haga clic para notificar
Clip Size,Размер магазина,Розмір магазину,Rozmiar magazynka,Размер на пълнителя,Памер абоймы,マガジンサイズ,탄창 용량,弹匣容量,Taille du chargeur,,Şarjör Boyutu,Tamanho do carregador,Tamanho do carregador,Tamaño del cargador
Clip Size % Increase: --,Увеличение размера магазина в %: --,% збільшення розміру кліпу: --,Procentowe Zwiększenie Rozmiaru Magazynka: --,% увеличение на размера на клипа: --,Павелічэнне памеру кліпа ў %: --,クリップ サイズ % 増加: --,탄창 용량 % 증가: --,剪辑尺寸增加百分比：--,Augmentation en % de la taille du clip : --,,Şarjör Boyutu % Artışı: --,Aumento percentual do tamanho do clipe: -,Aumento percentual do tamanho do clipe: -,Aumento % del tamaño del clip: --
Clipboard copy failed.,Копирование в буфер обмена не удалось.,Не вдалося скопіювати буфер обміну.,Kopiowanie do schowka nie powiodło się.,Неуспешно копиране на клипборда.,Капіяванне ў буфер абмену не ўдалося.,クリップボードのコピーに失敗しました。,클립보드로 복사가 실패했습니다.,剪贴板复制失败。,La copie du Presse-papiers a échoué.,,Panoya kopyalama başarısız.,Falha na cópia da área de transferência.,Falha na cópia da área de transferência.,Error al copiar el portapapeles.
Color Warning,Цветовое предупреждение,Кольорове попередження,Kolorowe Ostrzeżenie,Цветно предупреждение,Каляровае папярэджанне,色の警告,색상 경고,颜色警告,Couleur d'alerte,,Renk Uyarısı,Aviso de cor,Aviso colorido,Advertencia por color
Colored ally top-bar health warnings when at significant thresholds.,Изменение цвета здоровья союзников на верхней панели при достижении выбранных порогов.,"Кольорові сповіщення про стан здоров’я у верхній смузі, коли досягаються значні порогові значення.",Kolorowe ostrzeżenia o stanie zdrowia sojusznika na górnym pasku w przypadku osiągnięcia poszczególnych progów.,Цветни съюзнически предупреждения за здравето в горната лента при значителни прагове.,Каляровыя папярэджанні пра HP саюзнікаў на верхняй панэлі пры дасягненні значных парогаў.,重大なしきい値に達した場合、味方のトップバーに色付きのヘルス警告が表示されます。,상단 바에서 아군 체력이 특정 기준점에 도달한 경우 경고 색상을 표시합니다.,当达到重要阈值时，彩色盟友顶栏健康警告。,Avertissements de santé colorés dans la barre supérieure des alliés en cas de seuils importants.,,Kritik eşiklerde takım arkadaşlarının üst çubuk can uyarılarını renklendir.,Avisos de saúde coloridos na barra superior do aliado quando em limites significativos.,Avisos de saúde coloridos na barra superior dos aliados quando em limites significativos.,Advertencias de salud coloreadas de los aliados en la barra superior cuando se encuentran en umbrales significativos.
Colored enemy healthbar warnings when at significant thresholds.,Цветовые предупреждения по HP врага на важных порогах.,"Кольорові попередження про смужку здоров’я ворога, коли досягаються значні пороги.",Kolorowe ostrzeżenia na pasku zdrowia wroga przy poszczególnych progach.,"Предупреждения за цветна лента за здраве на врага, когато достигнете значителни прагове.",Каляровыя папярэджання на панэлі HP суперніка пры дасягненні значных парогавых значэнняў.,重大なしきい値に達した場合、敵のヘルスバーに色付きの警告が表示されます。,적 체력이 특정 기준점에 도달한 경우 경고 색상을 표시합니다.,当敌人的生命值达到重要阈值时，会发出彩色的敌人生命值警告。,Avertissements colorés de barre de vie ennemie à  des seuils importants,,Kritik eşiklerde düşmanın can çubuğu uyarılarını renklendir.,Avisos coloridos da barra de saúde do inimigo quando em limites significativos.,Avisos coloridos na barra de saúde do inimigo quando em limites significativos.,Advertencias coloreadas en la barra de salud del enemigo cuando se encuentran en umbrales significativos.
Colored enemy top-bar health warnings when at significant thresholds.,Изменение цвета здоровья противника на верхней панели при достижении выбранных порогов.,"Кольорові попередження про здоров’я ворогів у верхній панелі, коли досягаються значні порогові значення.",Kolorowe ostrzeżenia o stanie zdrowia wroga na górnym pasku w przypadku osiągnięcia poszczególnych progów.,"Цветни предупреждения за здравето на врага в горната лента, когато са на значителни прагове.",Каляровыя папярэджанні пра HP праціўніка на верхняй панэлі пры дасягненні значных парогаў.,重大なしきい値に達した場合、敵のトップバーの体力警告が色付きで表示されます。,상단 바에서 적 체력이 특정 기준점에 도달한 경우 경고 색상을 표시합니다.,当达到重要阈值时，彩色敌人顶栏健康警告。,Avertissements de santé colorés de la barre supérieure de l'ennemi lorsqu'il atteint des seuils importants.,,Kritik eşiklerde düşmanın üst çubuk can uyarılarını renklendir.,Avisos de saúde coloridos na barra superior do inimigo quando em limites significativos.,Avisos de saúde coloridos na barra superior dos inimigos quando em limites significativos.,Advertencias de salud coloreadas del enemigo en la barra superior cuando se encuentran en umbrales significativos.
Colored Health,Цветное здоровье,Кольорове здоров'я,Kolorowe Zdrowie,Цветно здраве,Каляровае здароўе,色の健康,체력 채색,有色健康,Santé colorée,,Renklendirilmiş Can,Saúde Colorida,Saúde Colorida,Vida coloreada
Colored Healthbar,Цветная полоска HP,Кольорова панель здоров'я,Kolorowy Pasek Zdrowia,Цветна здравна лента,Каляровы HP-бар,カラーヘルスバー,체력바 채색,彩色健康条,Barre de santé colorée,,Renklendirilmiş Can Çubuğu,Barra de saúde colorida,Barra de saúde colorida,Barra de vida coloreada
Colored healthbar warnings when at significant thresholds.,Цветовые предупреждения полосы здоровья на важных порогах.,"Кольорові попередження на панелі здоров’я, коли досягаються значні порогові значення.",Kolorowe ostrzeżenia na pasku zdrowia przy poszczególnych progach.,Предупреждения в цветни здравни ленти при значителни прагове.,Каляровыя папярэджанні HP-бара на важных парогах.,重大なしきい値に達すると、ヘルスバーに色付きの警告が表示されます。,체력이 특정 기준점에 도달한 경우 경고 색상을 표시합니다.,生命值在关键阈值时的彩色血条警告,Avertissements colorés de barre de vie à  des seuils importants.,,Kritik eşiklerde can çubuğu uyarılarını renklendir.,Avisos coloridos da barra de saúde quando em limites significativos.,Avisos coloridos da barra de saúde quando em limites significativos.,Advertencias de colores en la barra de salud cuando se encuentran en umbrales significativos.
Combat Indicator,Индикатор боя,Бойовий індикатор,Wskaźnik Walki,Боен индикатор,Індыкатар бою,戦闘インジケーター,전투 중 표시,战斗指示器,Indicateur de combat,,Çatışma Göstergesi,Indicador de Combate,Indicador de Combate,Indicador de combate
Combat Status,Состояние боя,Бойовий статус,Stan Walki,Боен статус,Стан бою,戦闘ステータス,전투 상태,战斗状态,Statut de combat,,Çatışma Durumu,Status de Combate,Status de Combate,Estado de combate
Commission,Заказать,Комісія,Zlecenie,комисия,Заказы,手数料,의뢰,委员会,Commission,,Sipariş Et,Comissão,Comissão,Comisión
Community acknowledgements,Благодарности сообществу,Подяки спільноти,Podziękowania społeczności,Признания на общността,Падзякі супольнасці,コミュニティの謝辞,커뮤니티 공지 사항,社区致谢,Remerciements de la communauté,,Topluluk teşekkürleri,Reconhecimentos da comunidade,Reconhecimentos da comunidade,Reconocimientos a la comunidad
Compact Layout,Компактный вид,Компактний план,Kompaktowy Układ,Компактно оформление,Кампактны выгляд,コンパクトなレイアウト,단순한 레이아웃,布局紧凑,Disposition compacte,,Kompakt Düzen,Layout compacto,Layout compacto,Diseño compacto
Compass & Speed,Компас и скорость,Компас і швидкість,Kompas i Prędkość,Компас и скорост,Компас і хуткасць,コンパスとスピード,나침반 & 속도,指南针和速度,Boussole et vitesse,,Pusula ve Hız,Bússola e velocidade,Bússola e velocidade,Brújula y velocidad
Config,Конфиг,Конфіг,Konfiguracja,Конфиг,Канфіг,設定,설정,配置,Configuration,,Config,Configuração,Configurações,Configuración
Confirm,Подтвердить,Підтвердити,Potwierdź,Потвърди,Пацвердзіць,確認,확인,确认,Confirmer,,Onayla,Confirmar,Confirmar,Confirmar
Confirming Skyrunner for clear...,Проверка Skyrunner для чистки...,Підтвердження Skyrunner для очищення...,Potwierdzanie Skyrunner w celu wyczyszczenia...,Потвърждава се Skyrunner за изчистване...,Праверка Skyrunner для ачысткі...,Skyrunner がクリアされていることを確認しています...,비우기를 위해 Skyrunner 확정 중...,正在确认用于清除的 Skyrunner……,Confirmation d'Skyrunner pour la suppression...,,Temizleme için Skyrunner doğrulanıyor...,Confirmando Skyrunner para limpar...,Confirmando Skyrunner para limpeza...,Confirmando Skyrunner para claro...
Console alert when any feature exceeds this ms threshold.,"Оповещение в консоли, когда любая функция превышает этот порог в мс.","Сповіщення в консолі, коли будь-яка функція перевищує цей поріг у мс.","Alert w konsoli, gdy dowolna funkcja przekroczy ten próg w ms.","Сигнал в конзолата, когато някоя функция надхвърли този праг в ms.","Апавяшчэнне ў кансолі, калі любая функцыя перавышае гэты парог у мс.",いずれかの機能がこの ms しきい値を超えたときにコンソールでアラートを表示します。,어떤 기능이라도 기준 시간을 초과할 경우 콘솔에 알림을 보냅니다.(단위: 밀리초),当任何功能超过此毫秒阈值时在控制台发出警告。,Alerte console lorsqu'une fonctionnalité dépasse ce seuil en ms.,,Herhangi bir özellik bu ms sınırını aşınca konsol uyarısı göster.,Alerta na consola quando qualquer recurso excede este limite em ms.,Alerta no console quando qualquer recurso ultrapassa este limite em ms.,Alerta en consola cuando cualquier funcion supera este umbral en ms.
Console Notes,Примечания к консоли,Примітки до консолі,Informacje dot. Konsoli,Бележки за конзолата,Нататкі да кансолі,コンソールノート,콘솔에 대하여,控制台注释,Remarques sur la console,,Konsol Notları,Notas da consola,Notas do console,Notas de la consola
Contact,Связаться,контакт,Kontakt,Контакт,Сувязь,接触,연락 방법,接触,Contact,,İletişim,Contato,Contato,Contacto
Contributors,Помощники,Учасники,Współtwórcy,Сътрудници,Сааўтары,コントリビューター,기여자,贡献者,Contributeurs,,Katkı Sağlayanlar,Colaboradores,Colaboradores,Colaboradores
Controls how many enhanced quickbuy preview items are shown.,"Управляет тем, сколько предметов показывается в превью улучшенной быстрой покупки.","Визначає, скільки елементів попереднього перегляду розширеної швидкої покупки відображається.","Określa, ile przedmiotów podglądu ulepszonego szybkiego zakupu jest pokazywanych.",Контролира колко подобрени елемента за предварителен преглед на бързата покупка се показват.,"Кіруе тым, колькі прадметаў паказваецца ў папярэднім праглядзе палепшанай хуткай куплі.",拡張クイック購入プレビューに表示されるアイテム数を制御します。,최대 빠른 구매 아이템 미리보기 갯수를 조절합니다.,控制显示多少个增强快速购买预览物品。,Contrôle le nombre d'items d'aperçu affichés dans l'achat rapide amélioré.,,Kaç tane gelişmiş hızlı satın alma önizleme eşyasının gösterileceğini kontrol eder.,Controla quantos itens de pré-visualização da compra rápida melhorada são mostrados.,Controla quantos itens de previa da compra rapida aprimorada sao exibidos.,Controla cuantos objetos de vista previa de la compra rapida mejorada se muestran.
COPIED,СКОПИРОВАНО,СКОПІЙОВАНО,SKOPIOWANO,КОПИРАНО,СКАПІЯВАНА,コピー済み,복사됨,已复制,COPIÉ,,KOPYALANDI,COPIED,COPIADO,COPIED
COPY,СКОПИРОВАТЬ,КОПІЮВАТИ,KOPIUJ,КОПИРАЙ,СКАПІЯВАЦЬ,コピー,복사,复制,COPIER,,KOPYALA,COPY,COPIAR,COPY
Coral,Коралловый,Кораловий,Koralowy,Коралов,Каралавы,コーラル,산호색,珊瑚色,Corail,,Mercan Rengi,Coral,Coral,Coral
Cosmetic Ability,Ивентовые способности,Косметична здатність,Umiejętność Kosmetyczna,Козметична способност,Касметычныя ўменні,美容能力,장식 능력,装饰技能,Capacités cosmétique,,Kozmetik Yetenek,Habilidade cosmética,Habilidade cosmética,Habilidad cosmética
Crashed. Click playfield to restart.,"Разбился. Нажмите на игровое поле, чтобы начать заново.","Розбився. Натисніть ігрове поле, щоб перезапустити.","Rozbiłeś się. Kliknij gdziekolwiek, aby zrestartować.","Разби се. Щракнете върху игралното поле, за да рестартирате.",Разбіўся. Націсніце для перазапуску.,クラッシュしました。プレイフィールドをクリックして再起動します。,충돌했습니다. 플레이 공간을 클릭해 재시작하세요.,坠毁了。单击游戏场重新启动。,Crashé. Cliquez sur le terrain de jeu pour redémarrer.,,Kaza. Yeniden başlamak için playfield'a basın.,Caiu. Clique no campo de jogo para reiniciar.,Bateu. Clique no campo para reiniciar.,Se estrelló. Haz clic en el campo de juego para reiniciar.
Crate Overlay,Отображение ящиков,Накладка на ящик,Nakładka Pudełek.,Наслагване на каси,Паказваць скрыні,クレートオーバーレイ,오버레이 생성,板条箱覆盖,Superposition de caisse,,Kutu Göstergesi,Sobreposição de caixa,Sobreposição de caixas,Superposición de cajas
Created By,Авторство:,Автор,Stworzony Przez,Създател,Аўтар,作成者,만든 사람들,创建者,Créateur,,Oluşturan,Criador,Criado por,Creador
Created By:,Авторство:,Створено:,Stworzony Przez:,Създаден от:,Аўтар:,作成者:,만든 사람들 :,创建者：,Créé par :,,Oluşturan:,Criado por:,Criado por:,Creado por:
Credits,Особая благодарность,Кредити,Podziękowania,Кредити,Творчая група,クレジット,크레딧,制作人员,Crédits,,Jenerik,Créditos,Créditos,Créditos
Crimson,Малиновый,Малиновий,Karmazynowy,Кармин,Малінавы,クリムゾン,진홍색,绯红色,Cramoisi,,Kızıl,Carmesim,Carmesim,Carmesí
Current,Текущее кол-во,поточний,Aktualna,Текущ,Сучасны,現在,현재,当前尺寸,Actuel,,Mevcut,Atual,Atual,Actual
Current ammo inside of your magazine.,Текущее количество патронов в магазине.,Поточні боєприпаси у вашому магазині.,Aktualna amunicja w twoim magazynku.,Актуални амуниции във вашето списание.,Бягучы запас патронаў у вашым краме.,マガジン内の現在の弾薬。,현재 탄창에 남은 총탄 수입니다.,弹匣内当前子弹数,La quantité actuelle de munitions dans votre chargeur.,,Şarjörünün içerisindeki mevcut mermi sayısı.,Munição atual dentro da sua revista.,Munição atual dentro do seu pente.,Munición actual dentro de tu cargador.
Current Size,Размер текущего,Поточний розмір,Rozmiar Aktualnej,Текущ размер,Бягучы памер,現在のサイズ,현재 크기,当前尺寸,Taille actuelle,,Mevcut Boyut,Tamanho atual,Tamanho atual,Tamaño actual
"Custom Preset Commission: <font color=""#66cc99"">$25</font>","Заказ персонального пресета: <font color=""#66cc99"">$25</font>","Спеціальна попередньо встановлена ​​комісія: <font color=""#66cc99"">25 доларів США</font>","Zlecenie Niestandarowego Presetu: <font color=""#66cc99"">25 USD</font>","Персонализирана предварително зададена комисионна: <font color=""#66cc99"">$25</font>","Заказ асабістага прэсета: <font color=""#66cc99"">$25</font>","カスタムプリセット手数料: <font color=""#66cc99"">$25</font>","개인 맞춤 설정 의뢰: <font color=""#66cc99"">25달러</font>","自定义预设委托：<font color=""#66cc99"">$25</font>","Commission d'un préréglage : <font color=""#66cc99"">25Â $</font>",,"Özel Hazır Ayar Sipariş Et: <font color=""#66cc99"">$25</font>","Comissão predefinida personalizada: <font color=""#66cc99"">$25</font>","Comissão de predefinição personalizada: <font color=""#66cc99"">$25</font>","Preajuste personalizado por encargo: <font color=""#66cc99"">$25 USD</font>"
Customizable Unsecured Souls,Настраиваемые ненадежные души,Настроювані незахищені душі,Personalizowane Niezabezpieczone Dusze,Необезпечени души с възможност за персонализиране,Наладжвальныя ненадзейныя душы,カスタマイズ可能な安全でない魂,미확보 영혼 표시 커스텀,可定制的无保障灵魂,Âmes non-sécurisées personnalisables,,Özelleştirilebilir Korunmamış Ruhlar,Almas Inseguras Personalizáveis,Almas Inseguras Personalizáveis,Almas no seguras personalizables
"Customize the position of the Player Stats panel, or hide it completely.",Настройте положение панели характеристик игрока или скройте её полностью.,Налаштуйте положення панелі статистики гравця або повністю приховайте її.,Dostosuj pozycję panelu Statystyk Gracza lub ukryj go całkowicie.,Персонализирайте позицията на панела със статистики на играча или го скрийте напълно.,Наладзіць становішча панэлі статаў гульца або цалкам яе схаваць.,プレイヤーステータスパネルの位置をカスタマイズするか、完全に非表示にします。,"플레이어 전적 패널 위치를 조정하거나, 완전히 감춥니다.",自定义玩家属性面板的位置，或将其完全隐藏。,"Personnalise la position du panneau des stats du joueur, ou le masque complètement.",,Oyuncu İstatistik panelinin pozisyonunu özelleştir veya tamamen gizle.,"Personalize a posição do painel de Estatísticas do jogador, ou oculte-o completamente.","Personalize a posicao do painel de Estatisticas do Jogador, ou oculte-o completamente.","Personaliza la posicion del panel de Estadisticas del jugador, u ocultalo por completo."
Customize the styling of damage numbers.,Настраивает стиль чисел урона.,Налаштуйте стиль номерів пошкоджень.,Dostosuj styl liczb obrażeń.,Персонализирайте стила на номерата на щетите.,Наладжвае стыль лікаў урону.,ダメージ数値のスタイルをカスタマイズします。,피해 숫자 표시 방식을 설정합니다.,自定义伤害数字的样式,Personnalise le style des nombres de dégâts.,,Hasar sayılarının stilini özelleştir.,Personalize o estilo dos números de danos.,Personalize o estilo dos números de danos.,Personaliza el estilo de los números de daños.
Customize the visuals of the incoming damage panel.,Настраивает внешний вид панели входящего урона.,Налаштуйте візуальні ефекти панелі вхідних пошкоджень.,Dostosuj wygląd panelu nadchodzących obrażeń.,Персонализирайте визуализациите на входящия панел за щети.,Наладжвае выгляд панэлі ўваходнага ўрону.,受けるダメージパネルのビジュアルをカスタマイズします。,입은 피해 표시 패널의 시각 효과를 설정합니다.,自定义受击面板的视觉效果,Personnalise les visuels du panneau de dégâts subis.,,Gelen hasar panelinin görsellerini özelleştir.,Personalize o visual do painel de danos recebidos.,Personalize o visual do painel de danos recebidos.,Personaliza las imágenes del panel de daños entrante.
Customize unsecured souls visuals.,Настраивает внешний вид ненадёжных душ.,Налаштуйте візуальні ефекти незахищених душ.,Dostosuj wygląd niezabezpieczonych dusz.,Персонализирайте визуалните елементи на незащитените души.,Наладжвае выгляд ненадзейных душ.,安全でない魂のビジュアルをカスタマイズします。,미확보 영혼 표시 효과를 설정합니다.,自定义“未稳获魂魄”的视觉效果,Personnalise les visuels des âmes non sécurisées.,,Korunmasız ruhların görsellerini özelleştir.,Personalize o visual das almas inseguras.,Personalize o visual das almas inseguras.,Personaliza imágenes de almas no seguras.
Customize visibility of target reticle when abilities or items visually show on allies and enemies.,"Настраивает видимость ромба-цели, когда способности или предметы отображаются на союзниках и врагах.","Налаштуйте видимість цільової сітки, коли здібності або предмети візуально відображаються на союзниках і ворогах.","Dostosuj widoczność celownika, gdy umiejętności lub przedmioty są widoczne na sojusznikach i wrogach.","Персонализирайте видимостта на целевия прицел, когато способностите или предметите се показват визуално на съюзници и врагове.","Наладжвайце бачнасць прыцэльнай сеткі, калі уменне або прадметы візуальна адлюстроўваюцца на саюзніках і ворагах.",アビリティやアイテムが味方や敵に視覚的に表示されるときに、ターゲットのレティクルの可視性をカスタマイズします。,아군 또는 적을 지정하는 능력과 아이템의 타겟 표시의 시각 효과를 설정합니다.,自定义目标准星可见性（当技能/物品在友军和敌人身上有视觉表现时）,Personnalise la visibilité du réticule lorsque des capacités ou objets s'affichent sur alliés et ennemis.,,"Yetenekler ve eşyalar, takım arkadaşları ve düşmanlar üzerinde göründüğünde hedef nişangâhının görünürlüğünü özelleştir.",Personalize a visibilidade do retículo alvo quando habilidades ou itens aparecerem visualmente em aliados e inimigos.,Personalize a visibilidade do retículo alvo quando habilidades ou itens aparecerem visualmente em aliados e inimigos.,Personaliza la visibilidad de la retícula del objetivo cuando las habilidades o los elementos se muestran visualmente en aliados y enemigos.
Customized healthbars for better visibility or flair.,Кастомные полосы здоровья для лучшей читаемости и стиля.,Індивідуальні смужки здоров'я для кращої видимості або чуття.,Personalizowane paski zdrowia dla lepszej widoczności i stylu.,Персонализирани здравни ленти за по-добра видимост или усет.,Кастомныя HP-бары для лепшай чытальнасці і стылю.,ヘルスバーをカスタマイズして視認性やセンスを向上させます。,체력바 표시를 설정해 시인성과 꾸밈 효과를 개선합니다.,自定义血条，以提升可见性或风格效果,Barres de vie personnalisées pour une meilleure lisibilité ou un meilleur style.,,Daha iyi görünürlük veya görsel tarz için özelleştirilmiş can çubukları.,Barras de saúde personalizadas para melhor visibilidade ou talento.,Barras de saúde personalizadas para melhor visibilidade ou talento.,Barras de salud personalizadas para una mejor visibilidad o estilo.
Cyan,Голубой,Блакитний,Cyjan,Циан,Блакітны,シアン,시안색,青色,Cyan,,Siyan,Ciano,Ciano,Cian
Damage Amp,Усиление урона,Підсилення шкоди,Wzmocnienie obrażeń,Усилване на щетите,Узмацненне ўрону,ダメージアップ,피해 증폭,伤害增幅,Amplification des dégâts,,Hasar Çarpanı,Amplificação de dano,Amplificação de dano,Amplificación de daño
Damage Fountain,Эффект фонтана на урон,Фонтан пошкоджень,Fontanna Obrażeń,Фонтан за щети,Пашкоджанне ад фантана,ダメージファウンテン,피해 숫자 분수 표시,伤害数字喷泉特效,Fontaine de dégâts,,Hasar Fıskiyesi,Fonte de Dano,Dano estilo Fonte,Daño estilo fuente
Damage Impact,Эффект урона,Вплив пошкодження,Wpływ Obrażeń,Въздействие на щетите,Уздзеянне ўрону,ダメージインパクト,피해 임팩트,伤害冲击,Impact des dégâts,,Hasar Etkisi,Impacto de dano,Impacto de dano,Impacto de dano
Damage Numbers,Числа урона,Номери пошкоджень,Liczby Obrażeń,Числа на щетите,Лікі ўрону,ダメージ数値,피해 숫자,伤害数字,Numéros de dégâts,,Hasar Sayıları,Números de danos,Números de danos,Números de daño
Damage Report,Отчет урона,Звіт про пошкодження,Raport Obrażeń,Доклад за щети,Сводка пашкоджанняў,被害報告書,피해 보고,伤害报告,Rapport de dégâts,,Hasar Raporu,Relatório de danos,Relatório de danos,Reporte de daño
DAMAGE REPORT,ОТЧЕТ О ПОВРЕЖДЕНИЯХ,ЗВІТ ПРО ЗБИТКИ,RAPORT OBRAŻEŃ,ДОКЛАД ЗА ЩЕТИ,СВОДКА ПАШКОДЖАННЯЎ,ダメージレポート,피해 보고,损坏报告,RAPPORT DE DOMMAGES,,HASAR RAPORU,RELATÓRIO DE DANOS,RELATÓRIO DE DANOS,INFORME DE DAÑOS
Dealer,Дилер,дилер,Krupier,Дилър,Дылер,ディーラー,딜러,经销商,Revendeur,,Krupiye,Distribuidor,Dealer,Distribuidor
Dealer blackjack.,Дилерский блэкджек.,Дилерський блекджек.,Blackjack krupiera.,Дилър блекджек.,У дылера блэкджек.,ディーラーのブラックジャック。,딜러 블랙잭.,经销商二十一点。,Blackjack avec croupier.,,Krupiye blackjack.,Blackjack do revendedor.,Blackjack do dealer.,Blackjack del crupier.
Dealer busts - You win.,Дилер перебрал – вы выиграли.,Розбій дилера - ви виграли.,Krupier spalił – Wygrywasz.,Арестувани дилъри - Вие печелите.,У дылера перабор — вы выйгралі.,ディーラーの破綻 - あなたの勝ちです。,딜러 버스트 - 승리했습니다.,荷官破产——你赢了。,Un croupier s'arrête - Vous gagnez.,,Krupiye iflas etti - Kazandınız.,Apreensões de revendedores - Ganha.,Dealer perde - Você vence.,El crupier se quiebra: tú ganas.
Dealer wins.,Дилер выигрывает.,Дилер виграє.,Krupier wygrywa.,Дилърът печели.,Дылер выйграе.,ディーラーの勝ちです。,딜러가 승리했습니다.,经销商获胜。,Le croupier gagne.,,Krupiye kazandı.,O revendedor ganha.,Dealer vence.,El repartidor gana.
Decide what style of item to display the cooldown of.,"Выберите, какие типы предметов показывать в кулдаунах.","Вирішіть, який стиль предмета відображати час відновлення.",Zdecyduj jakiego typu przedmiotu będzie wyświetlany cooldown,Решете какъв стил на артикула да покажете времето за охлаждане.,"Вырашыце, для якога тыпу прадметаў будзе адлюстроўвацца час аднаўлення.",クールダウンを表示するアイテムのスタイルを決定します。,쿨다운을 표시할 아이템 유형을 선택합니다.,决定用哪种物品样式来显示冷却,Détermine quel style d'objet affiche le cooldown,,Hangi tip eşyanın bekleme süresinin gösterileceğine karar verin.,Decida qual estilo de item exibir o tempo de espera.,Decida qual estilo de item exibir o cooldown.,Decide de qué estilo de elemento mostrar el tiempo de reutilización.
Deck:,Рука:,колода:,Deck:,колода:,Калода:,デッキ：,덱:,甲板：,Pont:,,Deste:,Convés:,Deck:,Cubierta:
Default 18,По умолчанию 18,За замовчуванням 18,Domyślnie 18,По подразбиране 18,Па змаўчанні 18,デフォルト 18,기본 18,默认 18,Par défaut 18,,Varsayılan 18,Padrão 18,Padrão 18,Predeterminado 18
Default 400,По умолчанию 400,За замовчуванням 400,Domyślnie 400,По подразбиране 400,Па змаўчанні 400,デフォルト 400,기본 400,默认 400,Par défaut 400,,Varsayılan 400,Padrão 400,Padrão 400,Predeterminado 400
Default difficulty when opening games.,Сложность по умолчанию при открытии игр.,Стандартна складність при відкритті ігор.,Domyślny poziom trudności podczas otwierania gier.,Трудност по подразбиране при отваряне на игри.,Складанасць па змаўчанні пры адкрыцці гульняў.,ゲームを開くときのデフォルトの難易度。,게임을 시작할 때의 기본 난이도입니다.,打开游戏时默认难度。,Difficulté par défaut lors de l'ouverture des jeux.,,Oyunları açarkenki varsayılan zorluk.,Dificuldade padrão ao abrir jogos.,Dificuldade padrão ao abrir jogos.,Dificultad predeterminada al abrir juegos.
Default Hero,Герой по умолчанию,Герой за замовчуванням,Domyślny Bohater,Герой по подразбиране,Герой па змаўчанні,デフォルトヒーロー,기본 영웅,默认英雄,Héro par défaut,,Varsayılan Kahraman,Herói padrão,Herói padrão,Héroe predeterminado
Defensive Active,Оборонительные активные,Захисний активний,Defensywny Aktywny,Дефанзивен активен,Актыўныя абарончыя,ディフェンスアクティブ,방어 사용 아이템,防御主动,Défensifs actifs,,Aktif Savunma,Ativo Defensivo,Ativo Defensivo,Defensivo Activo
Defensive Passive,Оборонительные пассивные,Захисний пасив,Defensywny Pasywny,Защитен пасивен,Пасіўныя абарончыя,守備的パッシブ,방어 패시브 아이템,防御被动,Défensifs passif,,Pasif Savunma,Passivo Defensivo,Passivo Defensivo,Pasivo Defensivo
Depending on complexity and work involved,Зависит от сложности и объема работ,Залежно від складності та обсягу роботи,W zależności od złożoności i wymaganego nakładu pracy,В зависимост от сложността и вложената работа,У залежнасці ад складанасці і аб'ёма працы,複雑さと関連する作業に応じて,구현의 복잡성과 업무량에 따라 달라짐,取决于复杂性和涉及的工作,En fonction de la complexité et du travail impliqué,,Karmaşıklık ve işin kapsamına göre,Dependendo da complexidade e do trabalho envolvido,Dependendo da complexidade e do trabalho envolvido,Según la complejidad y el trabajo requerido
"Depending on complexity and work involved, contact me on","В зависимости от сложности и объема работ, свяжитесь со мной в","Залежно від складності та обсягу роботи, зв'яжіться зі мною","W zależności od złożoności i wymaganego nakładu pracy, skontaktuj się ze mną","В зависимост от сложността и работата, свържете се с мен на","У залежнасці ад складанасці і аб'ёма працы,звяжыцеся са мной у",複雑さや関連する作業に応じて、私に連絡してください,구현의 복잡성과 업무량에 따라 달라짐. 연락 방법:,具体价格取决于复杂度和工作量，请通过以下方式联系我：,"En fonction de la complexité et du travail à  réaliser, contactez-moi au",,Karmaşıklık ve işin kapsamına göre benimle buradan iletişime geçin:,"Dependendo da complexidade e do trabalho envolvido, entre em contato comigo pelo telefone","Dependendo da complexidade e do trabalho envolvido, entre em contato comigo pelo","Dependiendo de la complejidad y el trabajo involucrado, contácteme al"
Detailed Console,Подробная консоль,Детальна консоль,Szczegółowa Konsola,Подробна конзола,Падрабязная кансоль,詳細コンソール,콘솔 세부사항 표시,详细控制台,Console détaillée,,Detaylı Konsol,Consola detalhada,Console detalhado,Consola detallada
Dev,Разработка,Розробка,Dev,Dev,Распрацоўка,開発,개발자,开发,Dev,,Geliştirici,Dev,Dev,Dev
Diagnostics,Диагностика,Діагностика,Diagnostyka,Диагностика,Дыягностыка,診断,진단,诊断,Diagnostics,,Teşhis,Diagnósticos,Diagnosticos,Diagnosticos
Difficulty,Сложность,Складність,Poziom Trudności,Трудност,Складанасць,困難,난이도,难度,Difficulté,,Zorluk,Dificuldade,Dificuldade,Dificultad
Ding to Check Minimap,Звуковое напоминание о миникарте,Перевірте мінікарту,Przypomnienie o Sprawdzaniu Minimapy,"Динг, за да проверите миникарта",Гукавы напамін пра міні-карту,ミニマップをチェックするために打ってください,미니맵 알림 효과음 출력,叮查看小地图,Ding de rappel pour vérifier la mini-carte,,Mini Haritayı Kontrol Etmek İçin Ding,Ding para verificar o minimapa,Som para verificar o minimapa,Ding para comprobar el minimapa
Disabled,Отключено,Вимкнено,Wyłączone,Изключено,Адключана,無効,비활성화,残疾人,Désactivé,,Devre dışı,Desativado,Desabilitado,Desactivado
"Discord: <font color=""#66cc99"">civocivocivo</font>","Discord: <font color=""#66cc99"">civocivocivo</font>","Discord: <font color=""#66cc99"">civocivocivo</font>","Discord: <font color=""#66cc99"">civocivocivo</font>","Discord: <font color=""#66cc99"">civocivocivo</font>","Discord: <font color=""#66cc99"">civocivocivo</font>","Discord: <font color=""#66cc99"">civocivocivo</font>","디스코드: <font color=""#66cc99"">civocivocivo</font>","Discord: <font color=""#66cc99"">civocivocivo</font>","Discord: <font color=""#66cc99"">civocivocivo</font>",,"Discord: <font color=""#66cc99"">civocivocivo</font>","Discord: <font color=""#66cc99"">civocivocivo</font>","Discord: <font color=""#66cc99"">civocivocivo</font>","Discord: <font color=""#66cc99"">civocivocivo</font>"
Display Hero,Показать героя,Показати героя,Pokaż Bohatera,Герой на дисплея,Паказаць героя,ディスプレイヒーロー,영웅 표시,显示英雄,Afficher le héro,,Kahramanı Göster,Herói de exibição,Exibir Herói,Mostrar héroe
Display Stats,Показать статистику героя,Показати статистику,Pokaż Statystyki,Показване на статистика,Паказаць статыстыку героя,統計の表示,능력치 표시,显示统计数据,Afficher les statistiques,,İstatistikleri Göster,Exibir estatísticas,Exibir estatísticas,Mostrar estadísticas
DO NOT PRESS ANY KEYS UNTIL COMPLETE UNLESS PROMPTED,НЕ НАЖИМАЙТЕ КЛАВИШИ ДО ЗАВЕРШЕНИЯ ЕСЛИ НЕ БЫЛО ЗАПРОСОВ НА ЭТО,"НЕ НАТИСНУЙТЕ ЖОДНУ КЛАВІШУ, ДО ЗАВЕРШЕННЯ, ЯКЩО НЕ З’ЯВИТЬСЯ ЗАПИТ","NIE WCISKAJ ŻADNYCH KLAWISZY DO ZAKOŃCZENIA, CHYBA ŻE ZOSTANIESZ O TO POPROSZONY","НЕ НАТИСКАЙТЕ НИКОЙ КЛАВИШ, ДОКАТО ЗАВЪРШИТЕ, ОСВЕН АКО НЕ СЕ ПОКАЗВАТЕ","НЕ НАЦІСКАЙЦЕ КЛАВІШЫ ДА ЗАВЯРШЭННЯ, КАЛІ НЕ БЫЛО ЗАПЫТАЎ НА ГЭТА",プロンプトが表示されない限り、完了するまでキーを押さないでください,완료까지 추가로 버튼을 누르지 마세요. (지시가 나타난 경우 제외),除非出现提示，否则请勿按任何键直至完成,APPUIE SUR RIEN DU TOUT SAUF SI PRÉCISÉ (JE TE VOIS HYN),,AKSİ BELİRTİLMEDİKÇE TAMAMLANANA KADAR HİÇBİR TUŞA BASMAYIN,"NÃO PRESSIONE NENHUMA TECLA ATÉ CONCLUIR, A MENOS QUE SOLICITADO","NÃO PRESSIONE NENHUMA TECLA ATÉ CONCLUIR, A MENOS QUE SOLICITADO",NO PRESIONE NINGUNA TECLA HASTA COMPLETAR A MENOS QUE SE LE SOLICITE
Download,Скачать,Завантажити,Pobierz,Изтегляне,Спампаваць,ダウンロード,다운로드,下载,Télécharger,,İndir,Download,Download,Descargar
Drag,Перетаскивать,Перетягування,Przeciągnij,Плъзгане,Перацягнуць,ドラッグ,드래그,拖,Déplaçable,,Sürükle,Arrastar,Arrastar,Arrastrar
Draggable UI,перетаскиваемый интерфейс,Перетягування UI,Przeciągalny Interfejs,UI с възможност за плъзгане,Перацягвальны інтэрфейс,ドラッグ可能なUI,드래그 가능 UI,可拖动的用户界面,Interface utilisateur déplaçable,,Sürüklenebilir Arayüz,IU arrastável,UI arrastável,UI arrastrable
Draw Over UI,Рисовать поверх интерфейса,Нічия більше UI,Renderuj na Interfejsie,Теглене върху UI,Адлюстроўваць паверх інтэрфейсу,UIを引き継ぐ,UI 위에 표시,覆盖在 UI 上方绘制,Apparaître au-dessus de l'UI,,Arayüzün Üstüne Çiz,Desenhar sobre a IU,Mostrar sobre a UI,Dibujar sobre la interfaz de usuario
Draws the minimap over all other UI elements for improved visibility.,Рисует миникарту поверх всех элементов интерфейса для лучшей видимости.,Малює мінікарту поверх усіх інших елементів UI для кращої видимості.,"Renderuje minimapę na wszystkich innych elementach UI, aby poprawić widoczność.",Чертае миникартата върху всички други елементи на UI за подобрена видимост.,Адлюстроўваць міні-карту паверх усіх элементаў інтэрфейсу для лепшай бачнасці.,視認性を向上させるために、他のすべての UI 要素の上にミニマップを描画します。,미니맵을 다른 UI 요소 위에 배치하여 시인성을 개선합니다.,将小地图绘制在所有其他 UI 元素之上，以提升可见性,Affiche la mini-carte au-dessus des autres éléments d'interface pour une meilleure visibilité.,,Daha iyi görünürlük için mini haritayı diğer tüm arayüz öğelerinin üzerine çizer.,Desenha o minimapa sobre todos os outros elementos da IU para melhorar a visibilidade.,Mostrar o minimapa sobre todos os outros elementos da UI para melhorar a visibilidade.,Dibuja el minimapa sobre todos los demás elementos de la interfaz de usuario para mejorar la visibilidad.
dropdown,падать,спадний список,menu rozwijane,падащо меню,Выпадальнае меню,落ちる,드롭다운,下拉菜单,dérouler,,açılır menü,suspenso,suspenso,menú desplegable
Duration,Продолжительность,Тривалість,Czas Trwania,Продължителност,Працягласць,間隔,지속시간,期间,Durée,,Süre,Duração,Duração,Duración
Easier Access,Облегченный доступ,Простіший доступ,Łatwiejszy Dostęp,По-лесен достъп,Больш зручны доступ,より簡単なアクセス,쉬운 접근,更方便的访问,Accès plus facile,,Daha Kolay Erişim,Acesso mais fácil,Acesso mais fácil,Acceso más fácil
Easy,Легкий,легко,Łatwy,лесно,Лёгкі,簡単,쉬움,简单,Facile,,Kolay,Fácil,Fácil,Fácil
Elevation Markers,Маркеры высоты,Мітки висоти,Znaczniki Wysokości,Маркери за надморска височина,Маркеры вышыні,標高マーカー,높이 마커,海拔标记,Marqueurs d'élévation,,Yükseklik İşaretleri,Marcadores de elevação,Marcadores de elevação,Marcadores de elevación
en,en,en,en,en,en,jp,en,en,fr,,en,pt,en,es
Enable,Включить,Увімкнути,Włącz,Включи,Уключыць,有効化,활성화,启用,Activer,,Etkinleştir,Habilitar,Habilitar,Activar
Enable performance tracking (required for overlay).,Включает отслеживание производительности (необходимо для оверлея).,Увімкнути відстеження продуктивності (required for overlay).,Włącz śledzenie wydajności (required for overlay).,Активиране на проследяването на производителността (required for overlay).,Уключыць адсочванне прадукцыйнасці (патрэбна для налажэння).,パフォーマンス追跡を有効にします (overlay に必要)。,성능 추적 켜기 (오버레이에 필요).,启用性能追踪（覆盖层所需）。,Active le suivi des performances (requis pour l'overlay).,,Performans takibini etkinleştir (gösterge için gerekli).,Ative o registo de desempenho (necessário para a sobreposição).,Habilita o rastreamento de desempenho (necessario para a sobreposicao).,Habilita el seguimiento de rendimiento (required for overlay).
Enable sounds in arcade games.,Включите звуки в аркадных играх.,Увімкніть звуки в аркадних іграх.,Włącz dźwięki w mini grach,Активиране на звуци в аркадни игри.,Уключыце гукі ў аркадных гульнях.,アーケード ゲームのサウンドを有効にします。,아케이드 게임에서 소리를 활성화합니다.,在街机游戏中启用声音。,Activez les sons dans les jeux d'arcade.,,Arcade oyunlarında sesleri etkinleştir.,Ative os sons em jogos de arcade.,Habilite sons em jogos de arcade.,Habilitar sonidos en juegos arcade.
Enabled,Включено,Увімкнено,Włączone,Включено,Уключана,有効,활성화,启用,Activé,,Etkin,Habilitado,Habilitado,Activado
Enemy healthbar enhancements.,Улучшения полосы здоровья врага.,Покращення панелі здоров'я противника.,Ulepszenia paska zdrowia wrogów.,Подобрения в здравната лента на противника.,Паляпшэнні HP-бары ворага.,敵のヘルスバーの強化。,적 체력바 보강 효과입니다.,敌人生命值栏增强。,Améliorations des barres de vie ennemies,,Düşman can çubuğu iyileştirmeleri.,Melhorias na barra de saúde do inimigo.,Melhorias na barra de saúde do inimigo.,Mejoras en la barra de salud del enemigo.
Enemy HP Warning,Предупреждение о ХП врагов,Ворог HP Попередження,Ostrzeżenie o HP Wroga,Враг HP Предупреждение,Папярэджанне пра здароўе ворага,敵HP警告,적 체력 경고,敌方生命值警告,Avertissement HP ennemi,,Düşman HP Uyarısı,Aviso de HP inimigo,Aviso de Vida inimigo,Aviso de vida baja del enemigo
English,Английский,Англійська,Angielski,Английски,Ангельскі,英語,ko,英语,Anglais,,İngilizce,English,Inglês,Inglés
Enhanced Count,Кол-во в улучшенной,Кількість розширених,Liczba Ulepszonych,Подобрен брой,Колькасць у палепшаным,拡張表示数,증강된 카운트,增强数量,Nombre d'items améliorés,,İyileştirilmiş Sayısı,Contagem melhorada,Quantidade aprimorada,Cantidad mejorada
Enhanced V2 enemy healthbar visuals and readability.,Улучшенный стиль полосок здоровья v2,Покращено візуальні ефекти та читабельність панелі здоров’я противника V2.,Ulepszona grafika i czytelność paska zdrowia wroga V2.,Подобрена визуализация и четливост на лентата за здраве на врага V2.,Палепшаны стыль HP-бараў v2.,V2 の敵のヘルスバーのビジュアルと読みやすさが強化されました。,적 체력바의 가시성과 시인성을 높여 주는 보강 효과입니다.,增强版 V2 敌人生命条的视觉效果与可读性。,Améliore les visuels et la lisibilité des barres de vie ennemies V2.,,İyileştirilmiş V2 düşman can çubuğu görselleri ve okunurluğu,Visual e legibilidade aprimorados da barra de saúde do inimigo V2.,Visual e legibilidade aprimorados na barra de saúde do inimigo V2.,Imágenes y legibilidad mejoradas de la barra de salud del enemigo V2.
error,ошибка,помилка,błąd,грешка,памылка,エラー,오류,错误,erreur,,hata,erro,erro,error
ERROR: Invalid String,ОШИБКА: Неверная строка,ПОМИЛКА: Недійсний рядок,BŁĄD: Nieprawidłowy Ciąg,ГРЕШКА: Невалиден низ,ПАМЫЛКА: няправільны радок,エラー: 無効な文字列,오류: 부적합한 문자열,错误：无效字符串,ERREUR : chaîne non valide,,HATA: Geçersiz metin dizesi,ERRO: String inválida,ERRO: String inválida,ERROR: Cadena no válida
Estimated Active Reload Timer,Примерный таймер Active Reload,Приблизний таймер Active Reload,Szacowany Timer Aktywnego Przeładowania,Прогнозен таймер за Active Reload,Прыблізны таймер Active Reload,アクティブリロードの推定タイマー,수동 재장전 예상 타이밍 표시,预计主动换弹定时器,Minuteur estimé de l'Active Reload,,Tahmini Aktif Doldurma Sayacı,Temporizador estimado de Active Reload,Temporizador estimado de Active Reload,Temporizador estimado de Recarga activa
Estimated ult cooldowns under top-bar ult icons,Примерный КД ультов под иконками игроков,Приблизний час відновлення ульта під значками ульта на верхній панелі,Szacowane czasy odnowienia superumiejętności pod ikonami superumiejętności na górnym pasku,Прогнозно време за изчакване на ult под иконите на ult в горната лента,Прыблiзны час аднаўлення ульт пад значкамі ультоў на верхняй панэлі,上部バーの ult アイコンの下にある推定 ult クールダウン,상단 바 궁극기 표시기 밑에 예상 쿨다운 표시,顶栏 ult 图标下的预计 ult 冷却时间,Cooldown Ulti estimé en-dessous des icônes des persos,,Top-bar ulti simgelerinin altında tahmini ulti bekleme süreleri,Cooldowns estimados de ult nos ícones de ult da barra superior,Cooldowns estimados de suprema nos ícones de suprema da barra superior,Tiempos de reutilización estimados de ult bajo los íconos de ult de la barra superior
Export Settings,Экспорт настроек,Експорт налаштувань,Eksportuj Ustawienia,Експорт на настройки,Экспарт налад,設定をエクスポート,설정 내보내기:,导出设置,Exporter les paramètres,,Ayarları Dışa Aktar,Exportar configurações,Exportar configurações,Exportar configuración
Export String,Строка экспорта,Експорт рядка,Ciąg Ustawień,Експортиране на низ,Радок экспарту,文字列のエクスポート,내보내기 문자열,导出字符串,Exporter la chaîne de code,,Metin Dizesini Dışa Aktar,Exportar sequência,Exportar sequência,Exportar cadena
Export string copied.,Строка экспорта скопирована.,Рядок експорту скопійовано.,Ciąg Ustawień skopiowany,Низът за експортиране е копиран.,Радок экспарту скапіяваны.,エクスポート文字列がコピーされました。,내보내기 문자열 복사됨.,导出字符串已复制。,Chaîne d'exportation copiée.,,Kopyalanan metin dizesini dışa aktar.,String de exportação copiada.,String de exportação copiada.,Cadena de exportación copiada.
F,F,Ф,F,Е,Ф,F,F,F,F,,F,F,F,F
Failed Hint,Уведомления выносливости,Невдала підказка,Podpowiedź Błędu,Неуспешен съвет,Памылка падказкі,失敗したヒント,실패 힌트,失败提示,Stamina fail pop-up,,İpucu Boyutu,Dica falhada,Dica de falha,Fallo de resistencia
Failed to queue save request.,Ошибка при добавлении сохранения в очередь.,Не вдалося поставити запит на збереження в чергу.,ZAPROPONUJ PRESET SPOŁECZNOŚCI,Неуспешно поставяне на заявка за запазване на опашка.,Не атрымалася паставіць запыт на захаванне ў чаргу.,保存リクエストをキューに入れることができませんでした。,저장 요청 대기에 실패했습니다.,保存请求加入队列失败,Échec de la mise en file d'attente de la demande de sauvegarde.,,Kaydetme isteği sıraya alınamadı.,Falha ao colocar a solicitação de salvamento na fila.,Falha ao colocar a solicitação de salvamento na fila.,No se pudo poner en cola la solicitud para guardar.
Failed to switch hero.,Не удалось поменять героя.,Не вдалося змінити героя.,Nie udało się zmienić bohatera.,Неуспешно превключване на героя.,Не ўдалося змяніць героя.,ヒーローの切り替えに失敗しました。,영웅 전환에 실패했습니다.,切换英雄失败。,Échec du changement de héros.,,Kahraman değiştirilemedi.,Falha ao trocar de herói.,Falha ao trocar de herói.,No se pudo cambiar de héroe.
Feature Test,Тест функций,Тест функції,Test Funkcji,Тест на функция,Тэст функцый,機能テスト,기능 테스트,功能测试,Test des fonctionnalités,,Özellik Testi,Teste de recurso,Teste de recurso,Prueba de funciones
Fighting Game,Fighting Game,файтинг,Bijatyka,Бойна игра,Fighting Game,格闘ゲーム,격투 게임,格斗游戏,Jeu de combat,,Dövüş Oyunu,Jogo de luta,Jogo de luta,Juego de lucha
Filters,Фильтры,Фільтри,Filtry,Филтри,Фільт,フィルター,필터,过滤器,Filtres,,Filtreler,Filtros,Filtros,Filtros
Find all safe tiles. Right-click to flag.,"Найдите все безопасные плитки. Щелкните правой кнопкой мыши, чтобы отметить.","Знайдіть усі безпечні плитки. Клацніть правою кнопкою миші, щоб позначити.",Znajdź wszystkie bezpieczne pola. Prawy przycisk flaguje minę.,"Намерете всички безопасни плочки. Щракнете с десния бутон, за да маркирате.","Знайдзіце ўсе бяспечныя пліткі. Пстрыкніце правай кнопкай мышы, каб адзначыць сцяжок.",安全なタイルをすべて見つけます。右クリックしてフラグを立てます。,안전한 타일을 모두 찾으세요. 오른쪽 클릭으로 깃발을 꽂습니다.,找到所有安全的瓷砖。右键单击即可标记。,Trouvez toutes les tuiles sûres. Cliquez avec le bouton droit pour signaler.,,Tüm güvenli kareleri bulun. İşaretlemek için sağ tıklayın.,Encontre todas as peças seguras. Clique com o botão direito para sinalizar.,Encontre toda área segura. Clique com o botão direito para sinalizar.,Encuentra todas las fichas seguras. Haga clic derecho para marcar.
Fire Rate,Скорострельность,Швидкострільність,Szybkostrzelność,Скорострелност,Скарастрэльнасць,発射速度,연사 속도,射速,Cadence de tir,,Atış Hızı,Cadência de tiro,Cadência de tiro,Cadencia de fuego
Fire Rate: --,Скорострельность: --,Швидкість вогню: --,Szybkostrzelność: --,Скорост на пожар: --,Хуткасць Стральбы: --,発射速度: --,연사 속도: --,射速：--,Cadence de tir : --,,Atış Hızı: --,Taxa de incêndio: -,Taxa de tiro: -,Tasa de fuego: --
First Spawns,Первые спавны,Перші нерести,Pierwsze Spawny,Първи хайвери,Першыя спаўны,最初のスポーン,첫 생성,第一个产卵,Premières apparitions,,İlk Ortaya Çıkış,Primeiras desovas,Primeiro Nascimento,Primeros engendros
Flags:,Флаги:,Прапори:,Flagi:,Флагове:,Сцягі:,フラグ:,깃발:,标志：,Drapeaux :,,İşaretler:,Bandeiras:,Bandeiras:,Banderas:
Flappy Bat,Flappy Bat,Flappy кажан,Flappy Bat,Flappy Bat,Flappy Bat,フラッピーバット,플래피 박쥐,下坠的蝙蝠,Flappy Bat,,Flappy Bat,Flappy Bat,Flappy Bat,Flappy Bat
Flip,Подбросить,Перевернути,Przerzuć,Обръщане,Падкінуць,フリップ,뒤집기,翻动,Retourner,,Ters Çevir,Piparote,Inverter,Voltear
For custom BHop gamemode UI changes.,Изменения интерфейса для кастомных BHop серверов.,Для спеціального ігрового режиму BHop змінено UI.,Zmiany interfejsu dla trybu BHop,За персонализирани промени в режима на игра BHop UI.,Для карыстальніцкіх змен інтэрфейсу ў рэжыму BHop.,カスタム BHop ゲームモードの場合、UI が変更されます。,사용자 설정 버니합 게임모드 용 UI 변경 기능입니다.,对于自定义 BHop 游戏模式 UI 更改。,Pour les modifications UI du mode de jeu BHop personnalisé.,,Özel BHop oyun modu için arayüz değişir.,Para alterações personalizadas do modo de jogo BHop UI.,Para alterações personalizadas do modo de jogo BHop UI.,Para cambios personalizados en el modo de juego BHop UI.
Force Testing Tools,Всегда показывать Debug инструменты,Інструменти тестування сили,Wymuś Narzędzia Testowe,Инструменти за тестване на сила,Інструменты прымусовага тэставання,力試験ツール,테스트 도구 강제,力测试工具,Forcer les outils de test,,Test Araçlarını Zorla,Ferramentas de teste de força,Forçar Ferramentas de Teste,Forzar herramientas de prueba
Forcibly hides testing tools at all times.,Принудительно скрывает инструменты тестирования всегда.,Завжди примусово приховує інструменти тестування.,Wymusza ukrycie narzędzi testowych,Принудително скрива инструментите за тестване по всяко време.,Примусова хавае інструменты тэставання ў любы час.,テストツールを常に強制的に非表示にします。,언제나 테스트 도구를 강제로 숨깁니다.,强制始终隐藏测试工具,Force le masquage permanent des outils de test.,,Test araçlarını her zaman zorunlu olarak gizler.,Oculta à força as ferramentas de teste em todos os momentos.,Oculta à força as ferramentas de teste em todos os momentos.,Oculta a la fuerza las herramientas de prueba en todo momento.
Forcibly shows testing tools at all times.,Принудительно показывает инструменты тестирования всегда.,Завжди примусово показує інструменти тестування.,Wymusza pokazanie narzędzi testowych,Принудително показва инструменти за тестване по всяко време.,Примусова адлюстроўвае інструменты тэставання ў любы час.,テストツールを常に強制的に表示します。,언제나 테스트 도구를 강제로 꺼냅니다.,强制始终显示测试工具,Force l'affichage permanent des outils de test.,,Test araçlarını her zaman zorunlu olarak gösterir.,Mostra à força ferramentas de teste em todos os momentos.,Mostra à força ferramentas de teste em todos os momentos.,Muestra a la fuerza herramientas de prueba en todo momento.
Fountain-style damage number animation.,"Стиль урона, в котором числа вылетают как фонтан.",Анімація кількості пошкоджень у стилі фонтану.,Animacja liczby obrażeń w stylu fontanny.,Анимация с номера на щетите в стил фонтан.,Анімацыя лічбаў урону ў стылі фантана.,噴水風のダメージ数値アニメーション。,피해 숫자 표시 애니메이션을 분수처럼 표현합니다.,喷泉风格的伤害数字动画。,Animation du numéro de dégâts de style fontaine.,,Fıskiye tarzında hasar sayısı animasyonları.,Animação do número de danos no estilo fonte.,Animação do número de danos no estilo de Chafariz.,Animación de números de daños estilo fuente.
FPS Impact:,Влияние на FPS:,Вплив FPS:,Wpływ na FPS:,FPS въздействие:,Уплыў на FPS:,FPS への影響:,FPS 영향,FPS 影响：,Impact sur les FPS  :,,FPS'ye Etkisi,Impacto FPS:,Impacto no FPS:,Impacto de FPS:
French,Французский,Французька,Francuski,Френски,Французскі,フランス語,프랑스어,法语,Français,,Fransızca,French,Francês,Francés
Full Keybinds,Полная раскладка,Повні клавіші,Pełne Skróty Klawiszowe,Пълни клавишни връзки,Поўныя кейбайнды,完全なキーバインド,전체 키 설정,完整按键绑定,Raccourcis clavier complets,,Tüm Tuş Atamaları,Atalhos de teclado completos,Atalhos de teclado completos,Combinaciones de teclas completas
Full Keys,Полные клавиши,Повні ключі,Wszystkie Klawisze,Пълни ключове,Поўныя клавішы,フルキー,전체 키,全键位,Toutes les touches,,Tüm Tuşlar,Chaves completas,Todas teclas,Teclas completas
Game Audio,Звуки игр,Аудіо гри,Dźwięk z Gry,Аудио на играта,Аўдыё гульні,ゲームオーディオ,게임 오디오,游戏音效,Audio du jeu,,Oyun Sesi,Áudio do jogo,Áudio do jogo,Audio del juego
Game Settings,Настройки игр,Налаштування гри,Ustawienia Gry,Настройки на играта,Налады гульні,ゲーム設定,게임 설정,游戏设置,Paramètres du jeu,,Oyun Ayarları,Configurações do jogo,Configurações do jogo,Configuración del juego
Gamemodes,Режимы игры,Ігрові режими,Tryby Gry,Режими на игра,Рэжымы гульні,ゲームモード,게임 모드,游戏模式,Modes de jeu,,Oyun Modları,Modos de jogo,Modos de jogo,Modos de juego
Games,Игры,Ігри,MiniGry,игри,Гульні,ゲーム,게임,游戏,Jeux,,Oyunlar,Jogos,Jogos,Juegos
General,Общее,Загальне,Ogólne,Общи,Агульнае,一般,일반,常规,Général,,Genel,Em geral,Geral,General
Get Filter,Сгенерировать фильтр,Отримати фільтр,Pobierz Filtr,Вземете филтър,Атрымаць фільтр,フィルターの取得,필터 받기,获取过滤器,Obtenir le filtre,,Filtreyi Al,Obter filtro,Obter filtro,Obtener filtro
Get Filter File Only,Качайте только файл фильтра,Отримати лише файл фільтра,Pobierz Tylko Plik Filtra,Вземете само филтърен файл,Атрымаць толькі файл фільтра,フィルターファイルのみを取得,필터 파일만 받기,仅获取过滤器文件,Télécharger le filtre uniquement,,Sadece Filtre Dosyasını Al,Obter apenas arquivo de filtro,Obter apenas arquivo de filtro,Obtener solo archivo de filtro
Graves Trainer,Graves Trainer,Трейнер Graves,Trener Aima dla Krypty,Graves Trainer,Graves Trainer,グレイブストレーナー,그레이브즈 훈련,格瑞墓瞄准训练,Graves aim trainer,,Graves Trainer,Treinador de Túmulos,Graves Trainer,Graves Trainer
Green,Зелёный,Зелений,Zielony,Зелен,Зялёны,グリーン,초록색,绿色,Vert,,Yeşil,Verde,Verde,Verde
Greys out heros in the top bar when missing on the map.,"Затемняет героев на верхней панели, когда они пропали с карты.","Засірює героїв у верхній панелі, якщо вони відсутні на карті.","Wyszarza bohaterów na górnym pasku, gdy nie ma ich na mapie.","Оцветява героите в горната лента, когато ги няма на картата.","Шарэе герояў у верхняй панэлі, калі яны адсутнічаюць на карце.",マップ上でヒーローが見つからない場合、上部のバーでヒーローがグレー表示されます。,맵에 보이지 않는 영웅을 흑백 처리합니다.,当英雄在地图上消失时，在顶栏将其置灰,Assombris fortement les héros dans la barre supérieure lorsqu'ils ne sont pas visibles,,Haritada görünmeyen kahramanları üst çubukta gri yapar.,Desaparece os heróis na barra superior quando faltam no mapa.,Acinzenta os heróis na barra superior quando somem do mapa.,Atenúa a los héroes en la barra superior cuando faltan en el mapa.
Hard,Тяжелый,важко,Trudny,трудно,Цяжка,難しい,어려움,困难,Difficile,,Zor,Duro,Difícil,Duro
Healing Amp,Усиление лечения,Підсилення зцілення,Wzmocnienie leczenia,Усилване на лекуването,Узмацненне лячэння,回復量アップ,체력 회복 증폭,治疗增幅,Amplification des soins,,İyileşme Çarpanı,Amplificação de cura,Amplificação de cura,Amplificación de curación
Health Numbers,Цифры здоровья,Числа здоров'я,Liczba Zdrowia,Здравни числа,Лічбы здароўя,健康数値,체력 수치,健康数据,Numéros de santé,,Sağlık Sayıları,Números de saúde,Números de saúde,Números de salud
Health Regen,Восстановление здоровья,Відновлення здоров'я,Regeneracja zdrowia,Възстановяване на здраве,Аднаўленне здароўя,HP回復,체력 재생,生命回复,Régénération de vie,,Sağlık Rejenerasyonu,Regeneração de vida,Regeneração de vida,Regeneración de vida
Help and feedback,Помощь и обратная связь,Довідка та відгук,Pomoc i feedback,Помощ и обратна връзка,Дапамога і зваротная сувязь,ヘルプとフィードバック,도움 및 피드백,帮助和反馈,Aide et commentaires,,Yardım ve geri bildirim,Ajuda e comentários,Ajuda e feedback,Ayuda y comentarios
Help fund continued development,Помогите финансировать дальнейшее развитие,Допоможіть профінансувати подальший розвиток,Pomóż finansować dalszy rozwój,Помогнете за финансирането на продължаващото развитие,Дапамажы фінансаваць далейшую распрацоўку,継続的な開発に資金を提供する,개발 지속을 위해 후원하기,帮助资助持续发展,Aidez à financer le développement continu,,Geliştirmeye devam edilmesini destekleyin.,Ajude a financiar o desenvolvimento contínuo,Ajude a financiar o desenvolvimento contínuo,Ayudar a financiar el desarrollo continuo
"Help, Contact & Support","Помощь, контакты и поддержка","Допомога, контакти та підтримка","Pomoc, Kontakt i Wsparcie","Помощ, контакт и поддръжка","Дапамога, кантакты і падтрымка",ヘルプ、連絡先、サポート,"도움, 연락 & 후원",帮助、联系和支持,"Aide, contact et support",,"Yardım, İletişim & Destek","Ajuda, contacto e suporte","Ajuda, contato e suporte","Ayuda, contacto y soporte"
"Help, feedback, and community","Помощь, обратная связь и сообщество","Допомога, відгуки та спільнота","Pomoc, feedback i społeczność","Помощ, обратна връзка и общност","Дапамога, зваротная сувязь і супольнасць",ヘルプ、フィードバック、コミュニティ,"도움, 피드백 및 커뮤니티",帮助、反馈和社区,"Aide, commentaires et communauté",,"Yardım, geri bildirim ve topluluk","Ajuda, feedback e comunidade","Ajuda, feedback e comunidade","Ayuda, comentarios y comunidad"
Hero Icon Size,Размер иконок героев,Розмір значка героя,Rozmiar Ikony Bohatera,Размер на иконата на героя,Памер значка героя,ヒーローアイコンのサイズ,영웅 아이콘 크기,英雄图标大小,Taille de l'icône des héros,,Kahraman Simgesi Boyutu,Tamanho do ícone do herói,Tamanho do ícone do herói,Tamaño del icono del héroe
Hero on Load or Save,Герой при загрузке или сохранении,Герой під час завантаження або збереження,Bohater podczas Wczytywania lub Zapisywania,Герой при зареждане или запазване,Герой пры загрузцы або захаванні,ロードまたは保存時のヒーロー,저장 혹은 불러오기 시 영웅,加载或保存时的英雄,Héros en chargement ou en sauvegarde,,Yükleme Veya Kaydetme Sırasında Kahraman,Herói ao carregar ou salvar,Herói ao carregar ou salvar,Héroe al cargar o guardar
Hide Ability Suggestion,Скрыть рекомендации способностей,Приховати пропозицію здібностей,Ukryj Sugestię Umiejętności,Скриване на предложението за способности,Схаваць падказку умення,能力の提案を隠す,능력 추천 감추기,隐藏能力建议,Masquer la suggestion de capacité,,Yetenek Önerisini Gizle,Ocultar sugestão de habilidade,Ocultar sugestão de habilidade,Ocultar sugerencia de habilidad
Hide All,Скрыть все,Приховати все,Ukryj Wszystko,Скриване на всички,Схаваць усе,すべて隠す,모두 감추기,全部隐藏,Tout masquer,,Tümünü Gizle,Ocultar tudo,Ocultar tudo,Ocultar todo
Hide Behavior Summary,Скрыть плашку поведения,Приховати зведення про поведінку,Ukryj Podsumowanie Zachowania,Скриване на резюмето на поведението,Схаваць зводку паводзін,動作の概要を非表示にする,품행 요약 감추기,隐藏行为摘要,Masquer le Trust Factor/Comportement,,Davranış Özetini Gizle,Ocultar resumo de comportamento,Ocultar resumo de comportamento,Ocultar resumen de comportamiento
Hide Big Number,Скрыть большие числа,Приховати велике число,Ukryj Dużą Liczbę,Скриване на големия номер,Схаваць вялікую лічбу,大きな数字を隠す,큰 숫자 감추기,隐藏大数字,Masquer les gros nombres,,Büyük Sayıyı Gizle,Ocultar grande número,Ocultar grande número,Ocultar número grande
Hide Blur,Убрать размытие,Приховати розмиття,Ukryj Rozmycie,Скриване на замъгляването,Схаваць размыццё,ぼかしを隠す,블러 효과 감추기,隐藏模糊,Masquer le flou,,Bulanıklığı Gizle,Ocultar desfoque,Ocultar desfoque,Ocultar desenfoque
Hide Circle,Скрыть общее кол-во,Приховати коло,Ukryj Okrąg,Скриване на кръг,Схаваць круг,サークルを隠す,원 감추기,隐藏圆圈,Masquer le cercle,,Daireyi Gizle,Ocultar Círculo,Ocultar Círculo,Ocultar círculo
Hide Cosmetic Ability,Скрыть ивентовую способность,Приховати косметичні здібності,Ukryj Umiejętność Kosmetyczną,Скриване на козметичните способности,Схаваць касметычнае уменне,美容能力を隠す,꾸미기 효과 감추기,隐藏装饰能力,Masquer la capacité cosmétique,,Kozmetik Yeteneği Gizle,Ocultar habilidade cosmética,Ocultar habilidade cosmética,Ocultar habilidad cosmética
Hide Current,Скрыть текущие,Приховати поточний,Ukryj Bieżącą,Скриване на текущия,Схаваць бягучае,現在を隠す,현재 감추기,隐藏当前,Masquer l'actuel,,Mevcut Olanı Gizle,Ocultar atual,Ocultar atual,Ocultar actual
Hide Damage Report,Скрыть отчет урона,Приховати звіт про пошкодження,Ukryj Raport Obrażeń,Скриване на доклада за щети,Схаваць справаздачу аб уроне,被害報告を隠す,피해 보고 감추기,隐藏损坏报告,Masquer le rapport de dégâts,,Hasar Raporunu Gizle,Ocultar relatório de danos,Ocultar relatório de danos,Ocultar reporte de daños
Hide Failed Hint,Скрыть уведомления выносливости,Сховати невдалу підказку,Ukryj Podpowiedź Błędu,Скриване на неуспешен съвет,Схаваць падказку аб няўдачы,失敗したヒントを非表示にする,실패 힌트 감추기,隐藏失败提示,Masquer le pop-up d'échec de stamina,,Başarısız İpucunu Gizle,Ocultar dica com falha,Ocultar dica de falha,Ocultar fallo de resistencia
Hide Icon,Скрыть иконку,Приховати значок,Ukryj Ikonę,Скриване на икона,Схаваць значок,アイコンを隠す,아이콘 감추기,隐藏图标,Masquer l'icône,,Simgeyi Gizle,Ocultar ícone,Ocultar ícone,Ocultar icono
Hide in normal view,Скрывать в обычном виде,Приховати у звичайному вигляді,Ukryj w normalnym widoku,Скриване при нормален изглед,Схаваць у звычайным выглядзе,通常表示時に非表示,게임 중에 숨기기,在正常视图中隐藏,Masquer en vue normale,,Normal görünümde gizle,Ocultar na vista normal,Ocultar na visao normal,Ocultar en vista normal
Hide on scoreboard (TAB),Скрывать на табло (TAB),Приховати на табло (TAB),Ukryj na tablicy wyników (TAB),Скриване на таблото (TAB),Схаваць на табліцы вынікаў (TAB),スコアボード表示時に非表示 (TAB),스코어보드 표시 중 숨기기,在记分板上隐藏 (TAB),Masquer sur le tableau de bord (TAB),,Skor tablosunda gizle (TAB),Ocultar no placar (TAB),Ocultar no placar (TAB),Ocultar en el marcador (TAB)
Hide Quick Buy,Скрыть быструю покупку,Приховати Quick Buy,Ukryj Szybki Zakup,Скриване на Quick Buy,Схаваць хуткую купліку,クイック購入を隠す,빠른 구매 감추기,隐藏快速购买,Masquer le menu d'achat rapide,,Hızlı Satın Alımı Gizle,Ocultar compra rápida,Ocultar compra rápida,Ocultar compra rápida
Hide Small Numbers,Скрыть малые числа,Приховати маленькі числа,Ukryj Małe Liczby,Скриване на малки числа,Схаваць малыя лічбы,小さい数字を非表示にする,작은 숫자 감추기,隐藏小数字,Masquer les petits nombres,,Küçük Sayıları Gizle,Ocultar números pequenos,Ocultar números pequenos,Ocultar números pequeños
Hide Testing Tools,Скрыть инструменты,Приховати інструменти тестування,Ukryj Narzędzia Testowe,Скриване на инструментите за тестване,Схаваць інструменты тэставання,テストツールを非表示にする,테스트 도구 감추기,隐藏测试工具,Masquer les outils de test,,Test Araçlarını Gizle,Ocultar ferramentas de teste,Ocultar Ferramentas de Teste,Ocultar herramientas de prueba
"Hide the bottom-left active stats block during normal play. It stays in the HUD (just made invisible), so the Crosshair Active Stats mirror keeps working.","Скрывает блок активных статов в левом нижнем углу во время обычной игры. Он остаётся в HUD (просто становится невидимым), поэтому отзеркаливание активных статов у прицела продолжает работать.","Приховує блок активної статистики в нижньому лівому куті під час звичайної гри. Він залишається в HUD (просто стає невидимим), тому дзеркало активної статистики біля прицілу продовжує працювати.","Ukrywa blok aktywnych statystyk w lewym dolnym rogu podczas normalnej rozgrywki. Pozostaje on w HUD (jedynie staje się niewidoczny), więc lustrzane odbicie Aktywnych Statystyk przy Celowniku nadal działa.","Скрива блока с активни статистики долу вляво по време на нормална игра. Той остава в HUD (просто става невидим), така че огледалото на активните статистики при мерника продължава да работи.","Хавае блок актыўных статаў у левым ніжнім куце падчас звычайнай гульні. Ён застаецца ў HUD (проста становіцца нябачным), таму адлюстраванне актыўных статаў каля прыцэла працягвае працаваць.",通常プレイ中に左下のアクティブステータスブロックを非表示にします。HUD には残ったまま (見えなくなるだけ) なので、クロスヘアのアクティブステータスミラーは引き続き機能します。,게임 중 왼쪽 하단에 활성화 된 능력치 블록을 숨깁니다. (사라지는 것이 아닌) 투명 처리되어 조준선 활성화 능력치 복제는 정상 작동합니다.,在正常游戏时隐藏左下角的活动属性块。它仍保留在 HUD 中（仅设为不可见），因此十字线活动属性镜像仍可正常工作。,"Masque le bloc des stats actives en bas à gauche pendant le jeu normal. Il reste dans le HUD (simplement rendu invisible), donc le miroir des stats actives du réticule continue de fonctionner.",,"Normal oyun sırasında sol alt köşedeki aktif istatistik bloğunu gizle. HUD’da kalmaya devam eder (yalnızca görünmez yapılır), böylece Nişangâh Aktif İstatistik yansıtması çalışmaya devam eder.","Oculta o bloco de estatísticas ativas no canto inferior esquerdo durante o jogo normal. Permanece no HUD (apenas fica invisível), por isso o espelho de Estatísticas Ativas da Mira continua a funcionar.","Oculta o bloco de estatisticas ativas no canto inferior esquerdo durante o jogo normal. Ele permanece no HUD (apenas invisivel), entao o espelho de Estatisticas Ativas da Mira continua funcionando.","Oculta el bloque de estadisticas activas de la esquina inferior izquierda durante el juego normal. Permanece en el HUD (solo se vuelve invisible), por lo que el reflejo de Estadisticas activas en la Mira sigue funcionando."
Hide the detailed stats list that appears while the scoreboard / TAB is held.,"Скрывает подробный список характеристик, который появляется при удержании табло / TAB.","Приховує детальний список статистики, що з’являється, поки утримується табло / TAB.","Ukrywa szczegółową listę statystyk, która pojawia się przy przytrzymaniu tablicy wyników / TAB.","Скрива подробния списък със статистики, който се появява, докато се държи таблото / TAB.","Хавае падрабязны спіс статаў, які з'яўляецца, пакуль зацiснута табліца вынікаў / TAB.",スコアボード / TAB を押している間に表示される詳細ステータスリストを非表示にします。,(TAB을 눌러) 점수창을 연 동안 보이는 세부 능력치 창을 감춥니다.,隐藏按住记分板 / TAB 时显示的详细属性列表。,Masque la liste détaillée des stats qui apparaît lorsque le tableau de bord / TAB est maintenu.,,Skor tablosu / TAB tuşu basılıyken görünen ayrıntılı istatistik listesini gizle.,Oculta a lista detalhada de estatísticas que aparece enquanto o placar / TAB é mantido premido.,Oculta a lista detalhada de estatisticas que aparece enquanto o placar / TAB esta pressionado.,Oculta la lista detallada de estadisticas que aparece mientras se mantiene el marcador / TAB.
Hide Total,Скрыть общее,Приховати загальну суму,Ukryj Sumę,Скриване на общо,Схаваць агульнае,合計を隠す,총합 감추기,隐藏总计,Masquer le total,,Toplamı Gizle,Ocultar total,Ocultar total,Ocultar total
Hide Trooper Damage,Скрыть урон по труперам,Приховати пошкодження Trooper,Ukryj Obrażenia Minionów (Szturmowców),Скриване на щетите на Trooper,Схаваць урон трупера,トルーパーのダメージを隠す,트루퍼 피해 감추기,隐藏士兵伤害,Masquer les dégâts faits aux troopers,,Asker Hasarını Gizle,Ocultar dano do soldado,Ocultar dano do soldado,Ocultar daño a los soldado
High,Высокая,Високий,Wysoki,високо,Высокі,高い,높음,高的,Haut,,Yüksek,Alto,Alto,Alto
HIGH FPS IMPACT WARNING!,ВНИМАНИЕ: ВЫСОКАЯ НАГРУЗКА НА FPS!,ПОПЕРЕДЖЕННЯ ЩОДО ВИСОКОГО КАДРУ В СІН!,OSTRZEŻENIE O WYSOKIM WPŁYWIE NA FPSy!,ПРЕДУПРЕЖДЕНИЕ ЗА УДАР С ВИСОК FPS!,УВАГА! ВЫСОКІ ЎПЛЫЎ НА FPS!,高 FPS の影響に関する警告!,경고! FPS 영향 높음,高帧率冲击警告！,AVERTISSEMENT D'IMPACT FPS ÉLEVÉ !,,YÜKSEK FPS ETKİSİ UYARISI!,AVISO DE IMPACTO DE ALTO FPS!,AVISO DE ALTO IMPACTO NOS FPS!,¡ADVERTENCIA DE IMPACTO DE ALTOS FPS!
Highlight Mode,Улучшенная видимость,Режим виділення,Tryb Wyróżnienia,Режим на маркиране,Рэжым падсветкі,ハイライトモード,강조 모드,高亮模式,Mode surbrillance,,Vurgu Modu,Modo de destaque,Modo de destaque,Modo de resaltado
Highlight regeneration in red for when in combat.,Выделите регенерацию красным цветом в бою.,Виділіть регенерацію червоним кольором під час бою.,Zaznacz regenerację na czerwono podczas walki.,"Маркирайте регенерацията в червено, когато сте в битка.",Падсвечвае рэгенерацыю чырвоным падчас бою.,戦闘中の再生を赤で強調表示します。,전투 중 체력 재생 수치를 붉은색으로 표시합니다.,在战斗中以红色突出显示再生。,Mettez en surbrillance la régénération en rouge pendant le combat.,,Çatışma sırasında rejenerasyonu kırmızı renkte vurgula.,Destaque a regeneração a vermelho para quando estiver em combate.,Destaque a regeneração em vermelho quando estiver em combate.,Resalte la regeneración en rojo para cuando esté en combate.
Highlighted abilities showing you what you should upgrade depending on build.,"Подсвечивает способности, которые стоит улучшать в зависимости от билда.","Виділені здібності, які показують вам, що вам слід покращити залежно від збірки.","Podświetla umiejętności pokazując, co powinieneś ulepszyć w zależności od builda.","Подчертани способности, които ви показват какво трябва да надстроите в зависимост от компилацията.","Падсвечвае уменні, паказваючы што варта ўзмацніць у залежнасці ад білда.",強調表示された能力は、ビルドに応じて何をアップグレードする必要があるかを示します。,(빌드별로 설정된)다음에 업그레이드할 능력을 강조합니다.,高亮技能，提示你根据流派/构筑应该升级什么,Montre ou non les capacités suggérées du build,,Build'ınıza bağlı olarak hangi yetenekleri yükseltmeniz gerektiğini gösteren vurgulu yetenekler.,Habilidades destacadas mostrando o que você deve atualizar dependendo da construção.,Habilidades destacadas mostrando o que você deve melhorar dependendo da build.,Habilidades resaltadas que te muestran lo que debes actualizar según la compilación.
Hint Size,Размер подсказки,Розмір підказки,Rozmiar Podpowiedzi,Размер на подсказката,Памер падказкі,ヒントサイズ,힌트 크기,提示大小,Taille de l'indice,,İpucu Boyutu,Tamanho da dica,Tamanho da dica,Tamano de la pista
Hit,Hit,хіт,Dobierz,Хит,Трапленне,打つ,힛,打,Frapper,,Kart Çek,Bater,Acertar,Golpear
Hitmarkers,Хитмаркеры,Хітмаркери,Znaczniki Trafień,Hitmarkers,Хітмаркеры,ヒットマーカー,적중 마커,命中标记,Hitmarkers,,İsabet İşaretleri,Marcadores de sucesso,Hitmarkers,Indicadores de impacto
Hits:,Хиты:,хіти:,Trafione:,хитове:,Трапленні:,ヒット数:,적중:,点击次数：,Coups :,,İsabetler:,Acessos:,Acertos:,Visitas:
Horizontal Offset,Гориз. положение,Горизонтальний зсув,Przesunięcie Poziome,Хоризонтално отместване,Гарызантальнае зрушэнне,横方向オフセット,수평 위치,水平偏移,Décalage horizontal,,Yatay Kaydırma,Deslocamento Horizontal,Deslocamento Horizontal,Desplazamiento horizontal
Horizontal Stretch,Гориз. размер,Горизонтальна розтяжка,Rozciągnięcie Poziome,Хоризонтално разтягане,Гарызантальнае расцяжэнне,水平方向のストレッチ,수평 늘이기,水平拉伸,Étirement horizontal,,Yatay Uzatma,Alongamento horizontal,Alongamento horizontal,Estiramiento horizontal
How fast the minimap refreshes.,Частота обновления миникарты.,Як швидко оновлюється мінікарта.,Jak szybko odświeża się minimapa.,Колко бързо се опреснява миникартата.,Як хутка абнаўляецца міні-карта.,ミニマップが更新される速度。,미니맵 갱신 주기를 설정합니다.,小地图刷新速度,La fréquence de rafraîchissement de la carte,,Mini haritanın ne kadar hızlı yenilendiği.,A rapidez com que o minimapa é atualizado.,A rapidez que o minimapa é atualizado.,Qué tan rápido se actualiza el minimapa.
How much icons will shrink when overlapping with others.,Насколько иконки сжимаются при перекрытии.,Наскільки піктограми зменшаться при накладенні на інші.,Jak bardzo ikony zmniejszą się w przypadku nakładania się na inne.,Колко икони ще се свият при припокриване с други.,Наколькі іконкі будуць зменшвацца пры перакрыцці з іншымі.,アイコンが他のアイコンと重なったときにどれだけ縮小するか。,영웅 아이콘이 서로 겹쳐질 경우 줄어드는 크기를 설정합니다.,图标重叠时缩小的幅度,Comment les icônes se rétrécissent quand elles se superposent,,Simgelerin diğerleriyle üst üste geldiğinde ne kadar küçüleceği.,Quanto os ícones diminuirão ao se sobreporem a outros.,Quanto os ícones diminuirão ao se sobreporem a outros.,Cuánto se reducirán los iconos al superponerse con otros.
How to Save Settings,Как сохранить настройки,Як зберегти налаштування,Jak Zapisać Ustawienia,Как да запазите настройките,Як захаваць налады,設定の保存方法,설정을 저장하는 방법,如何保存设置,Comment enregistrer les paramètres,,Ayarlar Nasıl Kaydedilir,Como salvar configurações,Como salvar configurações,Cómo guardar configuraciones
HP Warning,Предупреждение о ХП,HP Попередження,Ostrzeżenie o HP,HP Предупреждение,Папярэджанне аб HP,HP 警告,체력 경고,惠普警告,Avertissement HP,,HP Uyarısı,Aviso HP,Aviso de Vida,Aviso de vida baja
HUD Controls,Управление HUD,HUD Елементи керування,Sterowanie HUD,HUD Контроли,Кіраванне HUD,HUD コントロール,HUD 제어,HUD控制,Commandes du HUD,,HUD Kontrolleri,Controles do HUD,Controles do HUD,Controles del HUD
Hud Shift,Сдвиг HUD,Hud Shift,Przesunięcie HUDa,Hud Shift,Зрух HUD,ハッドシフト,HUD 전환,平视显示器移位,Changement HUD,,HUD Kaydırma,Mudança de Hud,Mudança de Hud,Desplazamiento del HUD
"I am open to all feedback, suggestions, and ideas!","Я открыт к любым отзывам, предложениям и идеям!","Я відкритий для всіх відгуків, пропозицій та ідей!","Jestem otwarty na wszelkie uwagi, sugestie i pomysły!","Отворен съм за всякакви отзиви, предложения и идеи!","Я адкрыты да любой зваротнай сувязі, прапаноў і ідэй!",すべてのフィードバック、提案、アイデアを歓迎します。,"모든 피드백, 제안, 아이디어를 환영합니다!",我对所有反馈、建议和想法持开放态度！,"Je suis ouvert à  tous commentaires, suggestions et idées !",,"Tüm geri bildirimlere, önerilere ve fikirlere açığım!","Estou aberto a todos os comentários, sugestões e ideias!","Estou aberto a todos os comentários, sugestões e ideias!","¡Estoy abierto a todo tipo de comentarios, sugerencias e ideas!"
Ice,Ледяной,Крижаний,Lodowy,Леден,Ледзяны,アイス,얼음색,冰蓝色,Glace,,Buz Rengi,Gelo,Gelo,Hielo
Icon Shrink,Сжатие иконок,Зменшення значка,Zmniejszanie się Ikon,Свиване на иконата,Памяншэнне іконкі,アイコンの縮小,아이콘 축소,图标缩小,Rétrécicement des icônes,,Simge Küçültme,Encolher ícone,Encolher ícone,Icono Reducir
Icons,Иконки,Ікони,Ikony,Икони,Іконкі,アイコン,아이콘,图标,Icônes,,Simgeler,Ícones,Ícones,Iconos
"If saving stalls, open your shop.","Если сохранение зависло, откройте магазин.","Якщо зберігаєте кіоски, відкрийте свій магазин.","Jeżeli zapisywanie zawiesi się, otwórz sklep.","Ако запазвате сергии, отворете магазина си.","Калі захаванне завісла, адкрый свой магазін.",屋台を節約する場合は、お店を開きます。,저장 중에 멈춘 경우 상점 창을 불러오시기 바랍니다.,如果节省摊位，就开店。,"Si la sauvegarde bloque, ouvre le shop",,Kaydetme duraklarsa mağazanızı açın.,"Se estiver salvando barracas, abra sua loja.","Se o salvamento travar, abra a loja.","Si ahorras puestos, abre tu tienda."
If you encounter issues please join the Discord,"Если вы столкнулись с проблемами, присоединяйтесь к Discord","Якщо у вас виникли проблеми, приєднайтеся до Discord","Jeśli napotkasz problemy, dołącz do Discorda","Ако срещнете проблеми, моля, присъединете се към Discord","Калі ўзніклі праблемы, далучайся да Discord",問題が発生した場合は、Discord に参加してください。,문제가 발생한 경우 디스코드 서버에 접속하시기 바랍니다.,如果您遇到问题，请加入 Discord,"Si vous rencontrez des problèmes, veuillez rejoindre le Discord",,Herhangi bir sorunla karşılaşırsanız Discord’a katılın.,"Se você encontrar problemas, entre no Discord","Se você encontrar problemas, entre no Discord","Si tienes algún problema, únete al Discord."
"If you encounter issues, need help, or have any feedback join the Discord.","Если возникли проблемы, нужна помощь или есть идеи, присоединяйтесь к Discord.","Якщо у вас виникли проблеми, потрібна допомога або є відгуки, приєднуйтесь до Discord.","Jeśli napotkasz problemy, potrzebujesz pomocy lub masz jakiś feedback, dołącz do Discorda.","Ако срещнете проблеми, имате нужда от помощ или имате обратна връзка, присъединете се към Discord.","Калі ўзніклі праблемы, патрэбна дапамога, або ёсць зваротная сувязь — далучайся да Discord.",問題が発生した場合、サポートが必要な場合、またはフィードバックがある場合は、Discord に参加してください。,"문제가 발생하거나, 도움이 필요하거나, 피드백을 남기실 경우 디스코드에 참여하세요.",如果您遇到问题、需要帮助或有任何反馈，请加入 Discord。,"Si vous rencontrez des problèmes, avez besoin d'aide ou avez des commentaires, rejoignez le Discord.",,"Sorun yaşarsanız, yardıma ihtiyaç duyarsanız veya geri bildiriminiz varsa Discord’a katılın.","Se você encontrar problemas, precisar de ajuda ou tiver algum comentário, junte-se ao Discord.","Se você encontrar problemas, precisar de ajuda ou tiver algum comentário, junte-se ao Discord.","Si tiene problemas, necesita ayuda o tiene algún comentario, únase a Discord."
Images in Chat,Отображение изображений в чате,Зображення в чаті,Obrazki na Chacie,Изображения в чат,Выявы ў чаце,チャット内の画像,채팅에 이미지 표시,聊天中的图像,Images dans le chat,,Sohbet İçinde Görseller,Imagens no chat,Imagens no bate-papo,Imágenes en el chat
Import failed.,Импорт не удался,Помилка імпорту.,Importowanie nie powiodło się.,Неуспешно импортиране.,Не ўдалося выканаць імпарт.,インポートに失敗しました。,불러오기 실패.,导入失败。,L'importation a échoué.,,İçe aktarma başarısız.,Falha na importação.,Falha na importação.,La importación falló.
Import Settings,Импорт настроек,Імпорт налаштувань,Importuj Ustawienia,Импорт на настройки,Імпарт налад,設定をインポート,설정 불러오기,导入设置,Importer les paramètres,,Ayarları İçe Aktar,Configurações de importação,Importar configurações,Importar configuración
Import String,Строка импорта,Імпорт рядка,Ciąg do Importu,Импортиране на низ,Імпартаваць радок,文字列をインポートする,문자열 불러오기,导入字符串,Importer la chaîne de code,,Metin Dizesini İçe Aktar,String de importação,Importar sequência,Importar cadena
Import: applying settings...,Импорт: применяются настройки...,Імпорт: застосування налаштувань...,Importowanie: stosowanie ustawień...,Импортиране: прилагане на настройките...,Імпарт: Ужыванне налад...,インポート: 設定を適用しています...,불러오기: 설정 적용 중...,导入：正在应用设置……,Importer : appliquer les paramètres...,,İçe Aktarma: ayarlar uygulanıyor...,Importar: aplicando configurações...,Importar: aplicando configurações...,Importar: aplicar configuración...
Import: parsing string...,Импорт: обработка строки...,Імпорт: розбір рядка...,Importowanie: analizowanie ciągu...,Импортиране: анализ на низ...,Імпарт: апрацоўка радка...,インポート: 文字列を解析中...,불러오기: 문자열 나누는 중...,导入：正在解析字符串……,Importer : analyse de la chaîne...,,İçe Aktarma: metin dizesi ayrıştırılıyor...,Importar: analisando string...,Importar: analisando string...,Importar: cadena de análisis...
Import: refreshing UI...,Импорт: перезагружается интерфейс...,Імпорт: оновлення UI...,Importowanie: odświeżanie UI...,Импортиране: опресняване на UI...,Імпарт: абнаўленне інтэрфейсу...,インポート: UI を更新します...,불러오기: UI 새로고침 중,导入：正在刷新 UI……,Importer : rafraîchissement de l'UI...,,İçe Aktarma: arayüz yenileniyor...,Importar: atualizando a IU...,Importar: atualizando a UI...,Importar: actualizar la interfaz de usuario...
Improve Ability Stacks,Улучшает отображение стаков способностей.,Покращення стеків здібностей,Ulepsz Stacki Umiejętności,Подобрете купчините способности,Паляпшэнне стэкаў умення,アビリティスタックを改善する,능력 중첩 표시 개선,改进技能层数（Ability Stacks）,Améliore l'affichage des stacks de capacités.,,Yetenek Yüklerini İyileştir,Melhore as pilhas de habilidades,Melhore as cargas de habilidades,Mejorar las pilas de habilidades
Improved Hint,Улучшенная подсказка,Покращена підказка,Ulepszone Wskaźniki,Подобрена подсказка,Палепшаная падказка,改善されたヒント,힌트 표시 개선,改进的提示,Indice amélioré,,İyileştirilmiş İpucu,Dica melhorada,Dica melhorada,Pista mejorada
IN COMBAT,В БОЮ,В БОЮ,W WALCE,В БОРБА,У БОІ,戦闘中,전투 중,战斗中,EN COMBAT,,ÇATIŞMADA,EM COMBATE,EM COMBATE,EN COMBATE
In Seconds,В секундах,За секунди,W Sekundach,За секунди,У секундах,数秒で,초,几秒钟内,En secondes,,Saniye Cinsinden,Em segundos,Em segundos,En Segundos
Indigo,Индиго,Індиго,Indygo,Индиго,Індыга,インディゴ,남색,靛蓝色,Indigo,,İndigo,Índigo,Índigo,Índigo
info,Информация,інформація,info,инфо,інфармацыя,情報,정보,信息,infos,,bilgi,informações,informações,información
Invalid import string.,Неверный код настроек,Недійсний рядок імпорту.,Nieprawidłowy ciąg do importu.,Невалиден низ за импортиране.,Няправільны радок імпарту.,インポート文字列が無効です。,적합하지 않은 불러오기 문자열입니다.,导入字符串无效。,Chaîne d'importation invalide.,,Geçersiz içe aktarma metin dizesi.,String de importação inválida.,String de importação inválida.,Cadena de importación no válida.
"Issues, Feedback and Ideas","Проблемы, отзывы и идеи","Проблеми, відгуки та ідеї","Problemy, Opinie i Pomysły","Проблеми, обратна връзка и идеи","Праблемы, зваротная сувязь і ідэі",問題、フィードバック、アイデア,"오류 신고, 피드백, 아이디어 제안",问题、反馈和想法,"Problèmes, commentaires et idées",,"Sorunlar, Geri Bildirim ve Fikirler","Problemas, comentários e ideias","Problemas, comentários e ideias","Problemas, comentarios e ideas"
Item Buy Notifications,Уведомления о покупке предметов,Сповіщення про купівлю предметів,Powiadomienia o Zakupie Przedmiotów,Известия за покупка на предмети,Апавяшчэнні аб куплі прадметаў,アイテム購入通知,아이템 구매 알림,物品购买通知,Notifications d'achat d'items,,Satın Alınan Eşya Bildirimleri,Notificações de compra de itens,Notificacoes de compra de itens,Notificaciones de compra de objetos
Item Cooldowns,Кулдаун предметов,Перезарядка предметів,Cooldowny Itemów,Изчакване на артикул,Кулдауны прадметаў,アイテムのクールダウン,아이템 쿨다운,物品冷却时间,Cooldowns,,Eşya Bekleme Süreleri,Recargas de itens,Cooldowns de itens,Tiempo de recarga de objetos
Item Target Reticle,Прицел предметов,Пункт Цільова сітка,Wskaźnik Celu Przedmiotu,Артикул Целева решетка,Прыцэл прадмета,アイテム ターゲット レティクル,아이템 대상 지정 표시,目标准星指示,Cible réticule,,Eşya Hedefleme Nişangâhı,Retículo alvo do item,Retículo alvo do item,Mira de objetos
Items,Предметы,Предмети,Przedmioty,Предмети,Прадметы,アイテム,아이템,物品,Items,,Eşyalar,Itens,Itens,Objetos
Japanese,Японский,Японська,Japoński,Японски,Японскі,日本語,일본어,日本人,japonais,,Japonca,japonês,japonês,japonés
Keyboard,Клавиатура,Клавіатура,Klawiatura,Клавиатура,Клавіятура,キーボード,키보드,键盘,Overlay clavier,,Klavye,Teclado,Teclado,Teclado
Lane Guardian Weak,Страж линии ослаблен,Охоронець смуги слабкий,Słaby Strażnik Liniowy,Защитник на лентата отслабен,Гвардыян лэйна аслаблены,レーンガーディアン弱体,전선 가디언 약화,车道守护者弱化,Gardien de voie affaibli,,Şerit Gardiyanı Zayıf,Guardião da pista enfraquecido,Guardião da lane enfraquecido,Guardián de carril debilitado
Lane with Party,Лайнинг с группой,Провулок з партією,Linia z Drużyną,Лейн с Парти,Лэйніць з пачком,パーティーのあるレーン,파티와 함께 전선 서기,与队伍同路线,Lane avec le groupe,,Şeride Arkadaş Grubu İle git,Pista com Festa,Lane com grupo,Carril con fiesta
Language,Язык,Мова,Język,Език,Мова,言語,언어,语言,Langue,,Dil,Linguagem,Linguagem,Lenguaje
Latest updates and version notes,Последние обновления и примечания к версии,Останні оновлення та примітки до версій,Najnowsze aktualizacje i lista zmian wersji,Последни актуализации и бележки за версията,Апошнія абнаўленні і нататкі версіі,最新のアップデートとバージョンノート,최신 업데이트 및 버전 변경사항,最新更新和版本说明,Dernières mises à jour et notes de version,,Son güncellemeler ve sürüm notları,Últimas atualizações e notas de versão,Últimas atualizações e notas de versão,Últimas actualizaciones y notas de versión.
Lavender,Лавандовый,Лавандовий,Lawendowy,Лавандов,Лавандавы,ラベンダー,라벤더색,薰衣草色,Lavande,,Lavanta,Lavanda,Lavanda,Lavanda
Left,Слева,Ліворуч,Lewa,Ляво,Злева,左,왼쪽,左,Gauche,,Sol,Esquerda,Esquerda,Izquierda
Legacy Durations,Старые длительности способностей,Застарілі терміни,Czasy Trwania Legacy,Наследени продължителности,Устарэлыя працягласці,従来の期間,이전 버전 지속시간 표시,传统持续时间条,Durées classiques,,Eski Yetenek Süreleri,Durações legadas,Durações legado,Duraciones clásicas
Light Item Cooldowns,Облегчённые перезарядки предметов,Перезарядка легких предметів,Lekkie Czasy Odnowienia Przedmiotów,Охлаждания на леки предмети,Лёгкія кулдауны прадметаў,ライトアイテムのクールダウン,간단한 아이템 쿨다운 표시,Light Item Cooldowns,Light Item Cooldowns,,Açık Renkli Eşya Bekleme Süreleri,Recargas de itens leves,Recargas de itens claras,Tiempos de recarga de objetos ligero
Lime,Лаймовый,Лаймовий,Limonkowy,Лайм,Лаймавы,ライム,라임색,青柠色,Citron vert,,Limon Yeşili,Lima,Lima,Lima
Local settings loaded.,Локальные настройки загружены.,Локальні налаштування завантажено.,Załadowano ustawienia lokalne.,Локалните настройки са заредени.,Лакальныя налады загружаны.,ローカル設定がロードされました。,지역 설정을 불러왔습니다.,本地设置已加载。,Paramètres locaux chargés.,,Lokal ayarlar yüklendi.,Configurações locais carregadas.,Configurações locais carregadas.,Configuración local cargada.
Loud,Громко,Голосно,Głośny,Силно,Гучны,うるさい,시끄러움,大声,Fort,,Yüksek Sesli,Alto,Alto,Alto
Low,Низкая,Низький,Niski,ниско,Нізкі,低い,낮음,低的,Faible,,Düşük,Baixo,Baixo,Bajo
Low Stamina Popup,Убирает выскакивающие уведомления о стамине,Спливаюче вікно з низькою витривалістю,Wyskakujące Okienko Niskiej Staminy,Изскачащ прозорец с ниска издръжливост,Папап нізкай вынослівасці,スタミナ低下ポップアップ,활력 낮음 팝업,低耐力弹出窗口,Fenêtre contextuelle de stamina bass,,Düşük Stamina Uyarısı,Pop-up de baixa resistência,Pop-up de baixa stamina,Aviso de resistencia baja
Magenta,Маджента,Маджента,Magenta,Магента,Маджэнта,マゼンタ,자주색,品红色,Magenta,,Macenta,Magenta,Magenta,Magenta
"Makes the minimap rotate with player view, this is just for fun.","Поворачивает миникарту вместе с направлением игрока, опция забавы ради.","Змушує мінікарту обертатися під час перегляду гравця, це просто для розваги.","Sprawia, że ​​minimapa obraca się wraz z widokiem gracza. Dla zabawy.","Кара миникартата да се върти с изглед на играч, това е само за забавление.",Павярочвае міні-карту разам з аглядам гульца — проста для забавы.,ミニマップをプレイヤービューとともに回転させます。これは単なる遊びです。,미니맵을 플레이어 시야와 일치하게끔 회전합니다. 재미용 기능입니다.,让小地图随玩家视角旋转（仅供娱乐）,"Fait pivoter la mini-carte avec la vue du joueur,(ça donne v'là le tournis)",,Mini haritanın oyuncu görüşüyle birlikte dönmesini sağlar. Sadece eğlence amaçlı.,"Faz o minimapa girar com a visualização do jogador, isso é apenas para diversão.","Faz o minimapa girar com a visualização do jogador, isso é apenas para diversão.","Hace que el minimapa gire con la vista del jugador, esto es sólo por diversión."
Max Health: --,Максимальное здоровье: --,Максимальне здоров'я: --,Maksymalne Zdrowie: --,Максимално здраве: --,Макс. здароўе: --,最大体力: --,최대 체력: --,最大生命值：--,Santé maximale : --,,Maks Can: --,Saúde máxima: -,Saúde máxima: -,Salud máxima: --
Max Notifications,Максимальное количество уведомлений,Макс сповіщень,Maksymalna Liczba Powiadomień,Макс. известия,Макс. апавяшчэнняў,最大通知数,최대 알림 수,最大通知数,Notifications maximales,,Maksimum Bildirimler,Máximo de notificações,Máximo de notificações,Notificaciones máximas
Medium,Средняя,Середній,Średni,Среден,Сярэдні,中くらい,중간,中等,Moyen,,Orta,Médio,Médio,Medio
Medium Camps,Средние лагеря,Середні табори,Średnie Potwory,Средни лагери,Сярэднія лагеры,中型キャンプ,중형 캠프,中型营地,Camps moyens,,Orta Seviye Kamplar,Acampamentos médios,Acampamentos médios,Campamentos medianos
Menu when you receive a punishment for breaking game rules.,"Меню, которое появляется при наказании за нарушение правил игры.","Меню, коли ви отримуєте покарання за порушення правил гри.","Menu, gdy otrzymasz karę za złamanie zasad.","Меню, когато получите наказание за нарушаване на правилата на играта.","Меню, якое з'яўляецца пры атрыманні пакарання за парушэнне правіл гульні.",ゲームルールを破って罰を受けたときのメニュー。,게임 내 불량 행위로 인해 받은 처벌을 표시하는 메뉴입니다.,违反游戏规则受到惩罚时弹出的菜单,"C'est genre si t'es toxique et que t'as un cooldown, ou parce que t'as quitté et que dcp t'as une mauvaise rép",,Oyun kurallarını ihlal ettiğiniz için ceza aldığınızda gösterilen menü.,Menu quando você recebe uma punição por quebrar as regras do jogo.,Menu quando você recebe uma punição por quebrar as regras do jogo.,Menú cuando recibes un castigo por romper las reglas del juego.
Meta Settings,Настройки мода,Мета налаштування,Ustawienia Mety,Мета настройки,Мета налады,メタ設定,메타 설정,基本设置,Autres paramètres,,Meta Ayarları,Metaconfigurações,Metaconfigurações,Metaconfiguraciones
Metro Button,Функция для Jamside,Кнопка метро,Przycisk Metro,Бутон за метро,Кнопка метро,メトロボタン,메트로 버튼,地铁按钮,Bouton Metro,,Metro Butonu,Botão Metrô,Botão Metro,Botón Metro
Mid Boss Timer,Таймер мид-босса,Таймер Mid Boss,Timer Mid Bossa,Mid Boss Timer,Таймер мід боса,中ボスタイマー,중앙 보스 타이머,Mid Boss 计时器,Mid Boss Timer,,Mid Boss Sayacı,Temporizador de chefe médio,Temporizador do Mid Boss,Temporizador del jefe central
Midtown-only crate markers on the minimap.,Показывает ящики стандартной карты на мини-карте.,Маркери ящиків лише для центру міста на міні-карті.,Znaczniki pudełek tylko w Midtown na minimapie.,Маркери за сандъци само в центъра на миникартата.,Маркеры скрынь толькі для Мідтауна на міні-карце.,ミニマップ上のミッドタウン限定の木箱マーカー。,미니맵에 지도 전체에 생성된 상자 위치를 표시합니다.,小地图上仅限中城的板条箱标记。,Marqueurs de caisses réservés au centre-ville sur la mini-carte.,,Mini haritada sadece orta bölgedeki kutu işaretleri gösterilir.,Marcadores de caixas apenas no centro da cidade no minimapa.,Marcadores de caixas somente no centro da cidade no minimapa.,Marcadores de cajas exclusivos del centro de la ciudad en el minimapa.
Mines:,Мины:,Шахти:,Miny:,мини:,Міны:,鉱山:,지뢰:,地雷：,Mines :,,Mayınlar:,Minas:,Minas:,Minas:
Minimalist Abilities,Минималистичные способности,Мінімалістичні здібності,Minimalistyczne Umiejętności,Минималистични способности,Мінімалістычныя уменні,ミニマリストの能力,미니멀 능력,极简技能栏,Capacités minimalistes,,Minimalist Yetenekler,Habilidades minimalistas,Habilidades minimalistas,Habilidades minimalistas
Minimalist Healthbar,Маленькая полоска HP,Мінімалістична панель здоров'я,Minimalistyczny Pasek Zdrowia,Минималистична здравна лента,Мінімалістычы HP-бар,ミニマリストヘルスバー,미니멀 체력바,极简健康栏,Barre de santé minimaliste,,Minimalist Can Çubuğu,Barra de saúde minimalista,Barra de saúde minimalista,Barra de vida minimalista
Minimalist Item Bar,Минималистичная панель предметов,Мінімалістична панель предметів,Minimalistyczny Pasek Przedmiotów,Минималистична лента с елементи,Мінімалістычная паласа прадметаў,ミニマリストアイテムバー,미니멀 아이템 창,极简物品栏,Barre d'items minimaliste,,Minimalist Eşya Çubuğu,Barra de itens minimalista,Barra de itens minimalista,Barra de objetos minimalista
Minimalist Minimap,Минимал. миникарта,Мінімалістична міні-карта,Minimalistyczna Minimapa,Минималистична миникарта,Мінімалістычная міні-карта,ミニマリストのミニマップ,미니멀 미니맵,极简小地图,Mini-carte minimaliste,,Minimalist Mini Harita,Minimapa minimalista,Minimapa minimalista,Minimapa minimalista
Minimalist Opacity,Прозрачность минималистичной карты,Мінімалістична непрозорість,Nieprzezroczystość Trybu Minimalistycznego,Минималистична непрозрачност,Мінімалістычная празрыстасць,ミニマリストの不透明度,미니멀 투명도,极简不透明度,Opacité minimaliste,,Mini Harita Opaklığı,Opacidade minimalista,Opacidade minimalista,Opacidad minimalista
Minimalistic Pause,Минималистичная пауза,Мінімалістична пауза,Minimalistyczna Pauza,Минималистична пауза,Мінімалістычная паўза,ミニマルなポーズ画面,미니멀 일시 정지,极简暂停,Pause minimaliste,,Minimalist Duraklatma Ekranı,Pausa minimalista,Pausa minimalista,Pausa minimalista
Minimap Reminder,Напоминание о миникарте,Нагадування мінікарти,Przypomnienie o Minimapie,Напомняне за мини карта,Напамін мінімапы,ミニマップリマインダー,미니맵 알림,小地图提醒,Rappel mini-carte,,Minimap Hatırlatma,Lembrete de minimapa,Lembrete de minimapa,Recordatorio de minimapa
Mint,Мятный,М'ятний,Miętowy,Ментов,Мятны,ミント,민트색,薄荷色,Menthe,,Nane Yeşili,Menta,Menta,Menta
Mirror active buffs/debuffs vertically next to the crosshair so they are visible mid-fight.,"Отзеркаливает активные баффы/дебаффы вертикально рядом с прицелом, чтобы они были видны прямо в бою.","Дзеркально відображає активні баффи/дебаффи вертикально біля прицілу, щоб їх було видно під час бою.","Lustrzanie odbij aktywne wzmocnienia/osłabienia pionowo obok celownika, aby były widoczne w trakcie walki.","Огледално показва активните бафове/дебафове вертикално до мерника, за да са видими по време на битка.","Адлюстроўвае актыўныя бафы/дэбафы вертыкальна каля прыцэла, каб яны былі бачныя падчас бою.",アクティブなバフ/デバフをクロスヘアの横に縦方向にミラー表示し、戦闘中でも見えるようにします。,전투 중 가시성 개선을 위해 현재 받고 있는 약화/강화 효과를 조준선 옆에 복사하여 표시합니다.,在十字线旁垂直镜像显示当前增益/减益，使其在战斗中可见。,Reflète verticalement les buffs/debuffs actifs à côté du réticule pour qu'ils soient visibles en plein combat.,,"Aktif buff/debuff’ları (ateş hızı, yavaşlatma vb.) nişangâhın yanında dikey olarak yansıtarak, çatışma sırasında görünür hale getir.",Espelha os buffs/debuffs ativos verticalmente junto à mira para que fiquem visíveis durante o combate.,Espelha os buffs/debuffs ativos verticalmente ao lado da mira para que fiquem visiveis durante a luta.,Refleja las mejoras/desventajas activas verticalmente junto a la mira para que sean visibles en pleno combate.
Mirror unsecured gold number,Отзеркаливать ненадежные души,Дзеркальний незабезпечений золотий номер,Lustrzanie odbij złoty numer niezabezpieczonych dusz,Огледален необезпечен златен номер,Адлюстраваць лічбу незабяспечанага золата,ミラーの無担保ゴールドナンバー,미확보 골드 숫자 뒤집기,镜像无担保金号,Mirroiter l'or non-sécurisé,,Korunmasız altın sayısını yansıt,Espelhar número ouro inseguro,Espelhar número ouro inseguro,Reflejar número de almas no aseguradas
Misses:,Промахи:,промахи:,Chybionych:,пропуски:,Прамахі:,ミス:,빗나감:,错过：,Manques :,,Iskalar:,Falta:,Falta:,Fallos:
Missing Hero Opaque,Скрыть пропавших героев,Непрозорий герой,Niewidoczny Bohater Zacieniony,Липсва Hero Opaque,Адсутны герой непразрысты,行方不明のヒーロー不透明,위치 불명 영웅 감추기,消失的英雄不透明化,Héros manquant assombris,,Kayıp Düşman Opaklığı,Herói desaparecido opaco,Herói desaparecido opaco,Héroe perdido opaco
Modify damage numbers for a cleaner style and animation to be more out of the way,"Измените цифры урона, чтобы стиль был чище, а анимация была более незаметной.","Змініть кількість ушкоджень, щоб створити чистіший стиль і анімацію, щоб не заважати","Zmień liczby obrażeń, aby uzyskać czystszy i bardziej minimalistyczny styl i animację","Променете номерата на щетите за по-изчистен стил и анимация, за да бъдете по-далеч от пътя","Змяняе лічбы ўрону для больш акуратнага стылю і анімацыі, каб яны менш замінялі",よりクリーンなスタイルとアニメーションを邪魔にならないようにダメージ数値を変更します。,"피해량 숫자를 좀 더 깔끔하게 표시하고, 애니메이션이 시야를 덜 가리게 합니다.",修改伤害数字以获得更简洁的风格和动画，使其更加不碍事,Modifiez les numéros de dégâts pour un style et une animation plus propres afin d'être plus à l'écart,,"Hasar sayılarının stilini ve animasyonunu, göze batmaması için sadeleştir",Modifique os números de danos para um estilo e animação mais limpos e mais fora do caminho,Modifique os números de danos para um estilo e animação mais limpos e mais fora do caminho,Modifique los números de daño para obtener un estilo y una animación más limpios para que no estorben.
MOG is Deadlock's first custom gamemode community server network.,MOG — это первая сеть серверов сообщества Deadlock с пользовательским игровым режимом.,MOG — це перша користувацька мережа серверів спільноти Deadlock.,MOG to pierwsza sieć customowych serwerów Deadlock.,MOG е първата персонализирана мрежа от общностен сървър на Deadlock.,MOG — першая сеткавая супольнасць кастомных рэжымаў Deadlock.,MOG は、Deadlock の最初のカスタム ゲームモード コミュニティ サーバー ネットワークです。,MOG는 데드락의 커스텀 게임 모드를 위한 최초의 커뮤니티 서버입니다.,MOG 是 Deadlock 的第一个自定义游戏模式社区服务器网络。,MOG est le premier réseau de serveurs communautaires en mode jeu personnalisé de Deadlock.,,"MOG, Deadlock’ın ilk özel oyun modu topluluk sunucu ağıdır.",MOG é a primeira rede de servidores comunitários de modo de jogo personalizado de Deadlock.,MOG é a primeira rede de servidores comunitários de modo de jogo personalizado de Deadlock.,MOG es la primera red de servidores comunitarios con modo de juego personalizado de Deadlock.
Move ability stacks to bottom-center of ability icon,"Перемещает стаки способностей в старое положение (на способность, с более видимым текстом).",Перемістіть стеки здібностей унизу по центру значка здібностей,Przenieś stacki umiejętności na środkową dolną część ikony umiejętnosći,Преместете купчините способности в долния център на иконата на способностите,Перамясціць стэкі умення ў ніжні цэнтр іконкі умення,能力スタックを能力アイコンの中央下に移動します,능력 중첩을 능력 아이콘 중앙 하단에 표시합니다.,将能力堆栈移动到能力图标的底部中心,Déplacez les piles de capacités en bas au centre de l'icône de capacité.,,Yetenek yüklerini yetenek ikonunun alt ortasına taşı,Mova as pilhas de habilidades para a parte inferior central do ícone de habilidade,Mova as cargas de habilidades para a parte inferior central do ícone de habilidade,Mover pilas de habilidades a la parte inferior central del icono de habilidad
Move ability stacks to bottom-center of ability icon.,"Перемещает стаки способностей в старое положение (на способность, с более видимым текстом).",Перемістіть стеки здібностей унизу по центру значка здібностей.,Przenieś stacki umiejętności na środkową dolną część ikony umiejętnosći.,Преместете купчините способности в долния център на иконата на способностите.,Перамясціць стэкі умення ў ніжні цэнтр іконкі умення,能力スタックを能力アイコンの中央下に移動します。,능력 중첩을 능력 아이콘의 중앙 하단에 표시합니다.,将能力堆栈移动到能力图标的底部中心。,Déplacez les piles de capacités en bas au centre de l’icône de capacité.,,Yetenek yüklerini yetenek ikonunun alt-orta kısmına taşı.,Mova as pilhas de habilidades para a parte inferior central do ícone de habilidade.,Mova as cargas de habilidades para a parte inferior central do ícone de habilidade.,Mueve las pilas de habilidades a la parte inferior central del icono de habilidad.
Move notifications around Rejuvenator and Scoreboard UI.,Перемещает уведомления вокруг Реджува и TAB интерфейса.,Перемістіть сповіщення навколо Rejuvenator і Scoreboard UI.,Przenieś powiadomienia znad interfejsu Odnawiacza oraz Tablicy Wyników,Преместване на известия около Rejuvenator и Scoreboard UI.,Перамясціць апавяшчэнні вакол інтэрфейсу Рэжувенатара і табліцы вынікаў.,Rejuvenator と Scoreboard UI の周りに通知を移動します。,알림을 소생의 보석과 스코어보드 UI 중심으로 옮깁니다.,移动 Rejuvenator 和记分板 UI 周围的通知。,Déplacez les notifications autour de Rejuvenator et du tableau de bord UI.,,Canlandırıcı ve skor tablosu arayüzündeki bildirimlerin yerini değiştir.,Mover notificações em torno do Rejuvenator e do Scoreboard UI.,Mova notificações em torno do Rejuvenator e do Scoreboard UI.,Mover notificaciones alrededor de Rejuvenator y Scoreboard UI.
Move Speed,Скорость передвижения,Швидкість руху,Prędkość ruchu,Скорост на движение,Хуткасць перамяшчэння,移動速度,이동 속도,移动速度,Vitesse de déplacement,,Hareket Hızı,Velocidade de movimento,Velocidade de movimento,Velocidad de movimiento
Moves the Bridge Buff timer onto the bridge with two smaller centered copies.,Перемещает таймер Bridge Buff на мост с двумя меньшими копиями по центру.,Переміщує таймер Bridge Buff на міст із двома меншими копіями по центру.,Przesuwa timer Wzmocnień Mostowych na most z dwoma mniejszymi zcentrowanymi kopiami.,Премества таймера Bridge Buff на моста с две по-малки центрирани копия.,Перамяшчае таймер Руны на мост з двума меншымі цэнтраванымі копіямі.,Bridge Buff タイマーを、中央に配置された 2 つの小さなコピーを持つブリッジに移動します。,다리 버프 타이머 위치를 다리 근처로 옮깁니다. 또한 중앙에도 2개의 작은 창을 복제합니다.,将 Bridge Buff 计时器移动到具有两个较小的居中副本的桥上。,Déplace le minuteur Bridge Buff sur le pont avec deux copies centrées plus petites.,,Köprü Buff sayacını mini haritanın köprü alanına taşır ve ortalanmış iki küçük kopya gösterir.,Move o temporizador Bridge Buff para a ponte com duas cópias mais pequenas centradas.,Move o temporizador Bridge Buff para a ponte com duas cópias menores centralizadas.,Mueve el temporizador Bridge Buff al puente con dos copias más pequeñas centradas.
Moves the element horizontally.,Двигает элемент горизонтально,Переміщує елемент горизонтально.,Przesuwa element w poziomie.,Премества елемента хоризонтално.,Перамяшчае элемент гарызантальна.,要素を水平方向に移動します。,해당 요소의 수평 위치를 조정합니다.,水平移动该元素。,Déplace l'élément horizontalement.,,Öğeyi yatayda kaydırır.,Move o elemento horizontalmente.,Move o elemento horizontalmente.,Mueve el elemento horizontalmente.
Moves the element vertically.,Двигает элемент вертикально,Переміщує елемент вертикально.,Przesuwa element w pionie.,Премества елемента вертикално.,Перамяшчае элемент вертыкальна.,要素を垂直方向に移動します。,해당 요소의 수직 위치를 조정합니다.,垂直移动该元素。,Déplace l'élément verticalement.,,Öğeyi dikeyde kaydırır.,Move o elemento verticalmente.,Move o elemento verticalmente.,Mueve el elemento verticalmente.
Moves the Mid Boss timer onto the bridge area of the minimap.,Перемещает таймер Мид Босса в область моста на мини-карте.,Переміщує таймер Mid Boss на область мосту міні-карти.,Przesuwa timer Mid Bossa na obszar mostu na minimapie.,Премества таймера Mid Boss върху мостовата зона на миникартата.,Перамяшчае таймер мід боса на вобласць моста міні-карты.,Mid Boss タイマーをミニマップのブリッジ領域に移動します。,중앙 보스 타이머를 미니맵의 다리 구간으로 옮깁니다.,将 Mid Boss 计时器移至小地图的桥接区域。,Déplace le minuteur Mid Boss sur la zone du pont de la mini-carte.,,Mid Boss sayacını mini haritanın köprü alanına taşır.,Move o temporizador Mid Boss para a área da ponte do minimapa.,Move o cronômetro Mid Boss para a área da ponte do minimapa.,Mueve el temporizador Mid Boss al área del puente del minimapa.
multitoggle,мультипереключатель,мультиперемикач,multitoggle,мултипревключвател,множынны пераключальнік,マルチトグル,다중 토글,多重切换,multi-bascule,,çokluseçim,alternância múltipla,alternância múltipla,alternancia múltiple
N/A,Н/Д,N/A,N/A,N/A,Н/Д,該当なし,없음,不适用,N / A,,Mevcut Değil,N / D,N / D,N / A
Neutral Camps,Нейтральные кемпы,Нейтральні табори,Potwory Neutralne,Неутрални лагери,Нейтральныя лагеры,中立陣営,중립 몬스터 캠프,中立阵营,Camps neutres,,Nötr Kamplar,Acampamentos Neutros,Acampamentos Neutros,Campamentos neutrales
"New Feature Commission: <font color=""#66cc99"">$10</font> to <font color=""#66cc99"">$100</font>","Заказ новой фичи: <font color=""#66cc99"">$10</font> до <font color=""#66cc99"">$100</font>","Комісія за нові функції: <font color=""#66cc99"">$10</font> до <font color=""#66cc99"">$100</font>","Opłata za nową funkcję: od <font color=""#66cc99"">10 USD</font> do <font color=""#66cc99"">100 USD</font>","Комисионна за нова функция: <font color=""#66cc99"">$10</font> до <font color=""#66cc99"">$100</font>","Камісія за новую функцыю: <font color=""#66cc99"">$10</font> да <font color=""#66cc99"">$100</font>","新機能コミッション: <font color=""#66cc99"">$10</font> ～ <font color=""#66cc99"">$100</font>","신규 기능 의뢰: <font color=""#66cc99"">10달러</font> 에서 <font color=""#66cc99"">100달러</font>","新功能委托：<font color=""#66cc99"">$10</font> 至 <font color=""#66cc99"">$100</font>","Commission d'une nouvelle fonctionnalité : de <font color=""#66cc99"">10Â $</font> à  <font color=""#66cc99"">100Â $</font>",,"Yeni Özellik Siparişi: <font color=""#66cc99"">10$</font> ile <font color=""#66cc99"">100$</font> arasında","Comissão de novos recursos: <font color=""#66cc99"">$10</font> a <font color=""#66cc99"">$100</font>","Comissão de novos recursos: <font color=""#66cc99"">$10</font> a <font color=""#66cc99"">$100</font>","Encargo de nueva función: <font color=""#66cc99"">$10 USD</font> a <font color=""#66cc99"">$100 USD</font>"
New Game,Новая игра,Нова гра,Nowa Gra,Нова игра,Новая гульня,新しいゲーム,새 게임,新游戏,Nouveau jeu,,Yeni Oyun,Novo jogo,Novo jogo,Nuevo juego
New Hand,Новая рука,Нова рука,Następna gra,Нова ръка,Новая рука,新しい手,새 패,新手,Nouvelle main,,Yeni El,Nova mão,Nova mão,Nueva mano
New Run,Новый забег,Новий біг,Nowy Run,Ново изпълнение,Новы запуск,新しい実行,새 시도,新跑,Nouvelle course,,Yeni Tur,Nova corrida,Nova tentativa,Nueva ejecución
Nicknames,Никнеймы,Прізвиська,Pseudonimy,Псевдоними,Нікнеймы,ニックネーム,별명,昵称,Pseudos,,Kullanıcı Adları,Apelidos,Apelidos,Apodos
No color wash,Без кастомного цвета,Без змивання кольору,Bez zmiany koloru,Без измиване на цветовете,Без змывання колеру,カラーウォッシュなし,배경 없음,不洗色,Pas de lavage de couleur,,Renk filtresiz,Sem lavagem de cor,Sem lavagem de cor,Sin lavado de color
No filter settings but better FPS.,"Без настроек фильтров, но с более хорошим FPS","Без налаштувань фільтрів, але кращий FPS.","Bez ustawień filtrów, ale lepsze FPSy.","Без настройки на филтъра, но по-добър FPS.","Без налад фільтра, але лепшы FPS.",フィルター設定はありませんが、FPS が向上します。,필터 세팅 없음. FPS이 개선됩니다.,没有滤镜设置，但 FPS 更高。,Aucun filtre mais de meilleurs FPS.,,"Filtre ayarı yok, ama daha yüksek FPS.","Sem configurações de filtro, mas melhor FPS.","Sem configurações de filtro, mas melhor FPS.",Sin configuraciones de filtro pero con mejores FPS.
No results found,Ничего не найдено,Нічого не знайдено,Brak wyników,Няма намерени резултати,Вынікаў не знойдзена,結果が見つかりません,결과 없음,没有找到结果,Aucun résultat,,Hiç sonuç bulunamadı,Nenhum resultado encontrado,Nenhum resultado encontrado,No se encontraron resultados
No setting changes detected.,Никаких изменений настроек не обнаружено.,Змін налаштувань не виявлено.,Nie wykryto żadnych zmian ustawień.,Не са открити промени в настройките.,Змен налад не выяўлена.,設定の変更は検出されませんでした。,확인된 변경사항이 없습니다.,未检测到设置更改。,Aucune modification de paramètre détectée.,,Harhangi bir ayar değişikliği algılanmadı.,Nenhuma alteração de configuração detetada.,Nenhuma alteração de configuração detectada.,No se detectaron cambios de configuración.
None,Нет,жодного,None,Няма,Няма,なし,없음,没有任何,Aucun,,Hiçbiri,Nenhum,Nenhum,Ninguno
Normal,Средне,нормальний,Normalny/a,нормално,Звычайны,普通,보통,普通的,Normale,,Normal,Normal,Normal,Normal
Notify your teammates in chat about how close you are to a quickbuy purchase.,"Сообщите своим товарищам по команде в чате о том, насколько вы близки к быстрой покупке.","Повідомте своїх товаришів по команді в чаті про те, наскільки ви близькі до швидкої покупки.","Powiadom swoich członków drużyny na czacie o tym, ile brakuje Ci dusz do szybkiego zakupu.",Уведомете съотборниците си в чата колко близо сте до покупка с бърза покупка.,"Апавяшчае тымейтаў у чаце аб тым, наколькі блізка ты да хуткай купліі.",クイックバイ購入がどのくらい近づいているかをチャットでチームメイトに通知します。,다음 빠른 구매까지 얼마나 남았는지 채팅창에 표시합니다.,在聊天中通知您的队友您距离快速购买还有多远。,Informez vos coéquipiers dans le chat de votre proximité avec un achat rapide.,,Bir hızlı satın alıma ne kadar yakın olduğunuzu sohbetten takım arkadaşlarınıza bildirin.,Notifique os seus colegas de equipa no chat sobre o quão perto está de uma compra rápida.,Notifique seus colegas de equipe no chat sobre o quão perto você está de uma compra rápida.,Notifique a sus compañeros de equipo en el chat qué tan cerca está de realizar una compra rápida.
Objective Damage,Урон по строениям,Об'єктивне пошкодження,Obrażenia Celów,Обективни щети,Урон па аб'ектах,客観的ダメージ,목표물 피해,目标伤害,Dégâts aux objectifs,,Hedef Yapı Hasarı,Dano Objetivo,Dano em Objetivo,Daño al objetivo
Objective Map,Карта строений,Карта цілей,Mapa Celów,Обективна карта,Карта аб'ектаў,目標マップ,목표물 지도,目标地图,Carte des objectifs,,Hedef Yapı Haritası,Mapa Objetivo,Mapa do Objetivo,Mapa de objetivo
Off,Выкл,Вимкнено,Wył.,Изкл,Выкл.,オフ,끄기,关闭,Désactivé,,Kapalı,Desligado,Desligado,Apagado
Offensive Active,Агрессивные активные,Напад Активний,Ofensywny Aktywny,Офанзива Активен,Актыўныя атакавальныя,オフェンスアクティブ,공격 사용 아이템,攻击主动,Offensifs actifs,,Aktif Saldırı,Ofensiva Ativa,Ofensivo Ativo,Ofensivo Activo
Offensive Passive,Агрессивные пассивные,Нападальний пасив,Ofensywny Pasywny,Офанзивен пасивен,Пасіўныя атакавальныя,オフェンスパッシブ,공격 패시브 아이템,攻击被动,Offensifs passif,,Pasif Saldırı,Passivo Ofensivo,Passivo Ofensivo,Pasivo Ofensivo
On,Вкл,Увімкнено,Wł.,включено,Укл.,の上,켜기,开启,Activé,,Açık,Sobre,Ligado,Encendido
On Ability Upgrade,скрывает рекомендации сборок,Про підвищення здатності,Przy Ulepszeniu Umiejętności,При надграждане на способности,Пры ўзмацненні умення,アビリティアップグレードについて,능력 업그레이드 시,关于能力提升,Sur l'upgrade des capacités,,Yetenek Yükseltildiğinde,Na atualização de habilidade,Na melhoria de habilidade,Al mejorar una habilidad
On Bridge,На мосту,На мосту,Na Moście,На моста,На мосце,ブリッジ上,다리 위,在桥上,Sur le pont,,Köprünün Üzerinde,Na ponte,Na ponte,En el puente
On Death,Показывать во время смерти,Про смерть,Przy Śmierci,На смъртта,Пры смерці,死について,사망 시,在死亡的时候,à la mort,,Ölümde,Na morte,Durante a morte,Al morir
On Death Games,Игры после смерти,Про смертельні ігри,Gry Przy Śmierci,На игрите със смъртта,Гульні пры смерці,デスゲームについて,사망 게임 호출 시,论死亡游戏,Mini-jeux quand mort,,Ölüm Sonrası Oyunları,Sobre Jogos da Morte,Jogos durante a morte,Juegos al morir
On Mid Boss,На Мид Боссе,На Mid Boss,Przy Mid Bossie,На Mid Boss,На мід босе,中ボス位置,중앙 보스 위,在 Mid Boss,Sur le Mid Boss,,Mid Boss'un Üzerinde,No Mid Boss,No Mid Boss,En el jefe central
"Only download the filter file of the filter you want, nothing else.","Скачивайте только файл нужного фильтра, ничего лишнего.","Завантажте лише потрібний файл фільтра, більше нічого.","Pobierz tylko plik filtra, który chcesz, nic więcej.","Изтеглете само филтърния файл на филтъра, който искате, нищо друго.","Спампуй толькі файл патрэбнага фільтра, нічога іншага.",必要なフィルターのフィルター ファイルのみをダウンロードし、他には何もダウンロードしません。,적용한 필터 파일만 다운로드합니다. 다른 것은 다운로드하지 않습니다.,只下载你想要的滤镜文件，不需要其他内容,Télécharge juste le filtre voulu et rien d'autre,,"Yalnızca istediğiniz filtrenin dosyasını indirin, başka hiçbir şey indirmeyin.","Baixe apenas o arquivo de filtro do filtro desejado, nada mais.","Baixe apenas o arquivo de filtro do filtro desejado, nada mais.","Descargue solo el archivo de filtro del filtro que desee, nada más."
Only simplifies the shop stats display.,Упрощает только отображение характеристик в магазине.,Спрощує лише відображення статистики магазину.,Upraszcza tylko wyświetlanie statystyk w sklepie.,Опростява само показването на статистиките в магазина.,Спрашчае толькі адлюстраванне статаў у магазіне.,ショップのステータス表示のみを簡素化します。,상점 능력치 창만 단순화합니다.,仅简化商店属性显示。,Simplifie uniquement l'affichage des stats de la boutique.,,Sadece mağaza istatistikleri görünümünü sadeleştirir.,Apenas simplifica a visualização de estatísticas da loja.,Apenas simplifica a exibicao de estatisticas da loja.,Solo simplifica la visualizacion de estadisticas de la tienda.
Opacity of the background of Minimalist Minimap.,Прозрачность фона минималистичной миникарты.,Непрозорість фону Minimalist Minimap.,Nieprzezroczystość tła Minimalistycznej Minimapy.,Непрозрачност на фона на Minimalist Minimap.,Празрыстасць фону мінімалістычнай міні-карты.,ミニマリスト ミニマップの背景の不透明度。,미니멀 미니맵의 배경 투명도를 조절합니다.,极简小地图背景的不透明度,Opacité de l'arrière-plan de la mini-carte minimaliste.,,Minimalist Mini Harita'nın arka plan opaklığı.,Opacidade do fundo do Minimapa Minimalista.,Opacidade do fundo do Minimapa Minimalista.,Opacidad del fondo del Minimapa minimalista.
Opacity of the performance overlay panel.,Прозрачность панели оверлея производительности.,Прозорість панелі оверлею продуктивності.,Przezroczystość panelu nakładki wydajności.,Прозрачност на панела с овърлея за производителност.,Празрыстасць панэлі налажэння прадукцыйнасці.,パフォーマンスオーバーレイパネルの不透明度。,성능 오버레이 패널의 투명도를 조절합니다.,性能覆盖层面板的不透明度。,Opacité du panneau de l'overlay de performances.,,Performans üst kaplama panelinin opaklığı.,Opacidade do painel de sobreposição de desempenho.,Opacidade do painel de sobreposicao de desempenho.,Opacidad del panel de superposicion de rendimiento.
Opacity of the underground tunnel overlay while Alt Zoom is active.,Непрозрачность наложения подземного туннеля при активном Alt Zoom.,"Непрозорість накладення підземного тунелю, коли активовано Alt Zoom.","Nieprzezroczystość nakładki podziemnych tuneli, gdy przybliżenie pod Alt jest aktywne.","Непрозрачност на наслагването на подземния тунел, докато Alt Zoom е активно.",Празрыстасць налажэння падземнага тунэля пры актыўным Alt Zoom.,Alt Zoom がアクティブなときの地下トンネル オーバーレイの不透明度。,Alt 확대 중 지하 터널 표시의 투명도를 조절합니다.,Alt Zoom 处于活动状态时地下隧道叠加层的不透明度。,Opacité de la superposition du tunnel souterrain lorsque le zoom Alt est actif.,,Alt Tuşuyla Yakınlaştırma aktifken yer altı tünel göstergesinin opaklığı,Opacidade da sobreposição do túnel subterrâneo enquanto o Alt Zoom está ativo.,Opacidade da sobreposição dos túneis subterrâneos enquanto Alt Zoom está ativo.,Opacidad de la superposición del túnel subterráneo mientras Alt Zoom está activo.
Opacity of the underground tunnel overlay while Tab Zoom is active.,Непрозрачность наложения подземного туннеля при активном Tab Zoom.,Непрозорість накладення підземного тунелю під час активного масштабування вкладки.,"Nieprzezroczystość nakładki podziemnych tuneli, gdy przybliżenie pod Tab jest aktywne.","Непрозрачност на наслагването на подземния тунел, докато Tab Zoom е активно.",Празрыстасць налажэння падземнага тунэля пры актыўным Tab Zoom.,タブ ズームがアクティブなときの地下トンネル オーバーレイの不透明度。,Tab 확대 중 지하 터널 표시의 투명도를 조절합니다.,选项卡缩放处于活动状态时地下隧道覆盖层的不透明度。,Opacité de la superposition du tunnel souterrain lorsque Tab Zoom est actif.,,Tab Tuşuyla Yakınlaştırma aktifken yer altı tünel göstergesinin opaklığı,Opacidade da sobreposição do túnel subterrâneo enquanto o Tab Zoom está ativo.,Opacidade da sobreposição dos túneis subterrâneos enquanto Tab Zoom está ativo.,Opacidad de la superposición del túnel subterráneo mientras Tab Zoom está activo.
Opacity of the underground tunnel overlay.,Непрозрачность наложения подземного туннеля.,Непрозорість накладення підземного тунелю.,Nieprzezroczystość nakładki podziemnych tuneli.,Непрозрачност на наслагването на подземния тунел.,Празрыстасць налажэння падземнага тунэля.,地下トンネルのオーバーレイの不透明度。,지하 터널 표시의 투명도를 조절합니다.,地下隧道覆盖层的不透明度。,Opacité de la superposition du tunnel souterrain.,,Yer altı tünel göstergesinin opaklığı,Opacidade da sobreposição do túnel subterrâneo.,Opacidade da sobreposição dos túneis subterrâneos.,Opacidad de la superposición del túnel subterráneo.
Open Config,Открыть конфиг,Відкрийте Config,Otwórz Konfig,Отворете Config,Адкрыць канфігурацыю,構成を開く,Config 열기,打开配置,Ouvrir la configuration,,Konfigürasyonu Aç,Abrir configuração,Abrir configuração,Abrir configuración
Open random game when dead,Открывать случайную игру при смерти,"Відкрийте випадкову гру, коли мертвий","Otwórz losową grę, gdy jesteś martwy","Отворете произволна игра, когато умрете",Адкрыць выпадковую гульню пры смерці,死亡時にランダムゲームを開く,사망 시 랜덤한 미니게임을 켭니다.,死亡时打开随机游戏,Ouvrir un jeu aléatoire une fois mort,,Ölünce rastgele bir oyun aç,Abra o jogo aleatório quando estiver morto,Abra o jogo aleatório quando estiver morto,Abrir juego aleatorio cuando esté muerto.
Open Settings,Открыть настройки,Відкрийте налаштування,Otwórz Ustawienia,Отворете Настройки,Адкрыць налады,設定を開く,설정 열기,打开设置,Ouvrir les paramètres,,Ayarları Aç,Abra as Configurações,Abra Configurações,Abrir configuración
Open shop to continue clear.,Откройте магазин что бы продолжить очистку.,"Відкрийте магазин, щоб продовжити очищення.","Otwórz sklep, aby kontynuować czyszczenie.","Отворете магазина, за да продължите ясно.","Адкрый магазін, каб працягнуць ачыстку.",クリアを続けるためにショップを開いてください。,비우기를 계속하려면 상점 창을 여시기 바랍니다.,打开商店以继续清除,Ouvre la boutique pour continuer à supprimer,,Temizlemeye devam etmek için mağazayı açın.,Abra a loja para continuar limpo.,Abra a loja para continuar limpo.,Abrir tienda para continuar despejado.
Open shop to continue save.,Откройте магазин что бы продолжить сохранение.,"Відкрийте магазин, щоб продовжити економію.","Otwórz sklep, aby kontynuować zapisywanie.","Отворете магазина, за да продължите да спестявате.","Адкрый магазін, каб працягнуць захаванне.",保存を続けるにはショップを開いてください。,저장을 계속하려면 상점 창을 여시기 바랍니다.,打开商店以继续保存,Ouvre la boutique pour continuer à sauvegarder,,Kaydetmeye devam etmek için mağazayı açın.,Abra a loja para continuar economizando.,Abra a loja para continuar economizando.,Abra la tienda para continuar ahorrando.
Optimize Filters,Фильтры оптимизации,Оптимізація фільтрів,Optymalizuj Filtry,Оптимизиране на филтри,Аптымізаваць фільтры,フィルターの最適化,필터 최적화,优化过滤器,Filtres optimisés,,Filtreleri Optimize Et,Otimizar filtros,Otimizar filtros,Optimizar filtros
Optimize Mode,Режим оптимизации,Режим оптимізації,Optymalizuj Tryb,Режим за оптимизиране,Рэжым аптымізацыі,最適化モード,최적화 모드,优化模式,Mode Optimisé,,Modu Optimize Et,Modo de otimização,Modo de otimização,Modo de optimización
Orange,Оранжевый,Помаранчевий,Pomarańczowy,Оранжев,Аранжавы,オレンジ,주황색,橙色,Orange,,Turuncu,Laranja,Laranja,Naranja
Overlay Opacity,Прозрачность оверлея,Прозорість оверлею,Przezroczystość Nakładki,Прозрачност на овърлея,Празрыстасць налажэння,オーバーレイの不透明度,오버레이 투명도,覆盖层不透明度,Opacité de l'overlay,,Üst Katman Opaklığı,Opacidade da sobreposição,Opacidade da sobreposicao,Opacidad de la superposicion
palette,Палитра,палітра,paleta,палитра,палітра,パレット,팔레트,调色板,palette,,palet,paleta,paleta,paleta
Paste and apply an exported settings string,Вставить и применить экспортированную строку,Вставте та застосуйте експортований рядок налаштувань,Wklej i zastosuj wyeksportowany ciąg ustawień,Поставете и приложете експортиран низ от настройки,Устаўце і ўжыце экспартаваны радок налад,エクスポートした設定文字列を貼り付けて適用します,설정 문자열을 붙여넣기 한 후 적용 버튼을 누르세요.,粘贴并应用导出的设置字符串,Colle et applique la chaîne de code,,Dışa aktarılmış ayarlar metin dizesini yapıştır ve uygula,Cole e aplique uma string de configurações exportada,Cole e aplique uma string de configurações exportada,Pegar y aplicar una cadena de configuración exportada
Per-Hero Popups,Всплывашки у каждого героя,Спливаючі вікна для кожного героя,Wyskakujące Okienka przy Bohaterach,Изскачащи прозорци за всеки герой,Папапы па героях,ヒーローごとのポップアップ,영웅 별 팝업,每位英雄弹窗,Pop-ups par héros,,Kahraman-Bazlı Bildirimler,Pop-ups por herói,Pop-ups por heroi,Avisos por heroe
Perf Debug,Отладка производительности,Налагодження продуктивності,Debug Wydajności,Perf Debug,Адладка прадукцыйнасці,パフォーマンスデバッグ,성능 디버그,性能调试,Débogage perf,,Performans Debug,Depuração de desempenho,Depuracao de desempenho,Depuracion de rendimiento
Performance,Производительность,Продуктивність,Wydajność,Производителност,Прадукцыйнасць,パフォーマンス,성능,性能,Performances,,Performans,Desempenho,Desempenho,Rendimiento
"Pin the stats panel to the left (default, like vanilla) or right side of the screen.","Закрепляет панель характеристик слева (по умолчанию, как в ваниле) или справа экрана.","Закріпити панель статистики ліворуч (за замовчуванням, як у ванілі) або праворуч на екрані.","Przypnij panel statystyk do lewej (domyślnie, jak w wersji podstawowej) lub prawej strony ekranu.","Закачете панела със статистики вляво (по подразбиране, като ванила) или вдясно на екрана.","Замацаваць панэль статаў злева (па змаўчанні, як у ванілі) або справа экрана.",ステータスパネルを画面の左 (デフォルト、バニラと同じ) または右に固定します。,능력치 창을 화면의 왼쪽(기존 위치) 또는 오른쪽에 배치합니다.,将属性面板固定在屏幕左侧（默认，与原版相同）或右侧。,"Épingle le panneau des stats à gauche (par défaut, comme le vanilla) ou à droite de l'écran.",,İstatistik panelini ekranın sol (varsayılan/vanilla) ya da sağ tarafına sabitle.,"Fixa o painel de estatísticas no lado esquerdo (predefinição, como o original) ou direito do ecrã.","Fixe o painel de estatisticas no lado esquerdo (padrao, como o original) ou direito da tela.","Fija el panel de estadisticas a la izquierda (predeterminado, como el original) o a la derecha de la pantalla."
Pink,Розовый,Рожевий,Różowy,Розов,Ружовы,ピンク,분홍색,粉色,Rose,,Pembe,Rosa,Rosa,Rosa
Play an audio reminder to remember to look at the minimap.,"Проигрывает звуковое напоминание, чтобы не забывать смотреть на миникарту.","Увімкніть звукове нагадування, щоб не забути подивитися на міні-карту.","Odtwórz efekt dźwiękowy, aby pamiętać o spojrzeniu na minimapę.","Пуснете аудио напомняне, за да не забравите да погледнете миникартата.","Прайграе гукавы напамін, каб памятаць глядзець на міні-карту.",ミニマップを見ることを忘れないように音声リマインダーを再生します。,미니맵을 꾸준히 확인하도록 효과음을 재생합니다.,播放音效提醒，提醒你查看小地图,Joue un rappel audio pour penser à  regarder la mini-carte.,,Mini haritaya bakmayı hatırlatmak için sesli bir uyarı çal.,Reproduza um lembrete de áudio para lembrar de olhar o minimapa.,Reproduza um lembrete de áudio para lembrar de olhar o minimapa.,Reproduzca un recordatorio de audio para recordar mirar el minimapa.
Play current announcer voice and volume.,Проиграть текущий голос и громкость озвучки.,Відтворити голос і гучність поточного диктора.,Odtwórz bieżący głos i głośność spikera.,Възпроизвеждане на текущия глас и сила на диктора.,Прайграць бягучы голас і гучнасць дыктара.,現在のアナウンサーの声と音量を再生します。,현재 아나운서 음성을 설정한 음량으로 재생합니다.,播放当前播音员的声音和音量。,Jouez la voix et le volume actuels de l'annonceur.,,Mevcut spiker sesini ve seviyesini oynat.,Reproduza a voz e o volume do locutor atual.,Reproduza a voz e o volume do locutor atual.,Reproduzca la voz y el volumen del locutor actual.
Play current announcer voice.,Проиграть текущий голос.,Відтворити поточний голос диктора.,Odtwórz bieżący głos spikera.,Възпроизвеждане на текущия глас на диктора.,Прайграць бягучы голас дыктара.,現在のアナウンサーの音声を再生します。,현재 아나운서 음성을 재생합니다.,播放当前提示音效的声音,Jouer la voix actuelle de l'annonceur.,,Mevcut spiker sesini oynat.,Reproduzir a voz do locutor atual.,Reproduzir a voz do locutor atual.,Reproduce la voz del locutor actual.
Play Sound,Воспроизвести звук,Відтворення звуку,Odtwórz Dźwięk,Възпроизвеждане на звук,Прайграць гук,サウンドを再生する,다음 소리 재생:,播放声音,Jouer du son,,Ses Oynat,Reproduzir som,Reproduzir som,Reproducir sonido
Play When On Death Enabled,Играть при смерти включено,"Грати, коли On Death включено","Opcja ""Graj Po Śmierci"" Włączona","Възпроизвеждане, когато On Death е активирано",Прайграваць пры ўключаным рэжыме смерці,死亡時に再生が有効化,사망 시 플레이 켜짐,启用死亡时播放,Jouer à la mort activé,,“Ölümde” Açıkken Oynat,Jogar quando estiver morto ativado,Jogar Quando Morto Ativado,Jugar cuando mueras habilitado
Player Icon Size,Размер иконки игрока,Розмір значка гравця,Rozmiar Ikony Gracza,Размер на иконата на играча,Памер іконкі гульца,プレーヤーアイコンのサイズ,플레이어 아이콘 크기,玩家图标大小,Taille de l'icône du joueur,,Oyuncu Simgesi Boyutu,Tamanho do ícone do jogador,Tamanho do Ícone do Jogador,Tamaño del icono del jugador
Player Stats,Характеристики игрока,Статистика гравця,Statystyki Gracza,Статистики на играча,Статы гульца,プレイヤーステータス,플레이어 전적,玩家属性,Stats du joueur,,Oyuncu İstatistikleri,Estatísticas do jogador,Estatisticas do Jogador,Estadisticas del jugador
Poison,Ядовитый,Отруйний,Trujący,Отровен,Атрутны,ポイズン,독,毒绿色,Poison,,Zehir Yeşili,Veneno,Veneno,Veneno
Polish,Польский,Польська,Polski,Полски,Польскі,ポーランド語,폴란드어,抛光,polonais,,Lehçe,polaco,Polonês,Polaco
Portuguese,Португальский,Португальська,Portugalski,Португалски,Партугальскі,ポルトガル語,포르투갈어,葡萄牙语,Portugais,,Portekizce,Português,Português,Portugués
Position and Velocity real time statistics.,Статистика позиции и скорости в реальном времени.,Статистика позиції та швидкості в реальному часі.,Statystyki Pozycji i Prędkości w czasie rzeczywistym.,Статистика за позицията и скоростта в реално време.,Статыстыка пазіцыі і хуткасці ў рэальным часе.,位置と速度のリアルタイム統計。,위치와 속도 정보를 실시간으로 통계를 냅니다.,位置与速度的实时统计,Affiche les statistiques en temps réel de position et de vitesse.,,Gerçek zamanlı Pozisyon ve Hız istatistikleri.,Estatísticas de posição e velocidade em tempo real.,Estatísticas de posição e velocidade em tempo real.,Estadísticas de posición y velocidad en tiempo real.
Preset apply failed.,Попытка применения пресета не удалась,Помилка застосування попереднього налаштування.,Nie udało się zastosować presetu.,Прилагането на предварителна настройка не бе успешно.,Не атрымалася ўжыць прэсет.,プリセットの適用に失敗しました。,프리셋 적용이 실패했습니다.,预设应用失败。,L'application du préréglage a échoué.,,Hazır ayar uygulanamadı.,Falha na aplicação da predefinição.,Falha na aplicação da predefinição.,Error en la aplicación de ajustes preestablecidos.
Preset Cycle,Перебор пресетов,Цикл пресетів,Cykl Presetów,Цикъл на пресети,Цыкл прэсетаў,プリセットサイクル,프리셋 전환,预设循环,Cycle des préréglages,,Hazır Ayar Döngüsü,Ciclo de predefinições,Ciclo de predefinicoes,Ciclo de ajustes predefinidos
Presets,Пресеты,Пресети,Presety,Пресети,Прэсеты,プリセット,프리셋,预设,Préréglages,,Hazır Ayarlar,Predefinições,Predefinições,Ajustes predefinidos
Preview,Показывать изменения,Попередній перегляд,Podgląd,Преглед,Папярэдні прагляд,プレビュー,미리보기,预览,Aperçu,,önizle,Visualização,Pré-visualização,Vista previa
Preview Announcer,Прослушать озвучку,Диктор попереднього перегляду,Podgląd Spikera,Говорител за предварителен преглед,Папярэдні прагляд дыктара,プレビューアナウンサー,아나운서 미리듣기,预览播音员,Tester l'Annonceur,,Spikeri Önizle,Locutor de pré-visualização,Pré-visualização de locutor,Vista previa del locutor
Preview Changes,Предварительный просмотр изменений,Попередній перегляд змін,Podgląd Zmian,Преглед на промените,Папярэдні прагляд змен,変更のプレビュー,변경점 미리보기,预览更改,Aperçu des modifications,,Değişiklikleri Önizle,Visualizar alterações,Visualizar alterações,Vista previa de cambios
Preview realtime changes to settings when modifying them.,"Отображать изменения в реальном времени там, где это возможно",Попередньо переглядайте зміни налаштувань у реальному часі під час їх редагування.,Podgląd zmian ustawień w czasie rzeczywistym podczas ich modyfikowania.,"Визуализирайте промените в реално време в настройките, когато ги променяте.",Папярэдні прагляд змен налад у рэальным часе пры іх змене.,設定を変更するときに、設定の変更をリアルタイムでプレビューします。,설정 중 변경사항을 실시간으로 표시합니다.,在修改设置时实时预览更改效果。,Prévisualise en temps réel les modifications des paramètres pendant leur ajustement.,,Ayar değişikliklerini gerçek zamanlı olarak önizle.,Visualize alterações em tempo real nas configurações ao modificá-las.,Visualize alterações em tempo real nas configurações ao modificá-las.,Obtenga una vista previa de los cambios en la configuración en tiempo real al modificarlos.
Preview setting changes in realtime.,Предварительный просмотр изменений настроек в реальном времени.,Попередній перегляд змін налаштувань у реальному часі.,Podgląd zmian ustawień w czasie rzeczywistym.,Визуализация на промените в настройките в реално време.,Прагляд змен налад у рэальным часе.,設定の変更をリアルタイムでプレビューします。,설정 변경점을 실시간으로 표시합니다.,实时预览设置更改。,Prévisualisez les modifications des paramètres en temps réel.,,Değişiklikleri canlı olarak önizle.,Visualize as alterações nas definições em tempo real.,Visualize alterações nas configurações em tempo real.,Vista previa de los cambios de configuración en tiempo real.
Purple,Пурпурный,Пурпуровий,Purpurowy,Пурпурен,Пурпурны,パープル,자주색,紫色,Pourpre,,Mor,Roxo,Roxo,Púrpura
Push - Both have blackjack.,Ничья – у обоих блэкджек.,Push - в обох є блекджек.,Remis – Oboje mają blackjacka.,Пуш - И двете имат блекджек.,Нічыя — у абодвух блэкджэк.,プッシュ - どちらもブラックジャックを持っています。,푸시 - 양쪽 모두 블랙잭입니다.,全押 - 双方都有二十一点。,Push – Les deux ont du blackjack.,,İt - İkisinde de blackjack var.,Push - Ambos têm blackjack.,Push - Ambos têm blackjack.,Push: ambos tienen blackjack.
Push.,Ничья.,Поштовх.,Naciskać.,Бутане.,Нічыя.,押す。,푸시.,推。,Pousser.,,İt.,Pressionar.,Push.,Empujar.
Q,Q,Q,Q,Q,Q,Q,Q,问,Q,,Q,P,Q,Q
QOL Settings Clearer,QOL Очистка настроек,QOL Налаштування зрозуміліші,Moduł Czyszczenia Ustawień QOL,По-ясни настройки на QOL,Ачышчальнік QOL налад,QOL 設定をより明確に,QOL 설정 비우기,QOL 设置更清晰,Paramètres QOL plus clairs,,QOL Ayarlar Temizleyicisi,Configurações QOL mais claras,Configurações QOL mais claras,Configuración de QOL más clara
QOL Settings Loader,QOL Загрузчик настроек,QOL Завантажувач налаштувань,Moduł Ładowania Ustawień QOL,Зареждане на настройките на QOL,Загрузчык QOL налад,QOL 設定ローダー,QOL 설정 불러오기,QOL 设置加载程序,Chargeur de paramètres QOL,,QOL Ayarlar Yükleyicisi,Carregador de definições QOL,Carregador de configurações QOL,Cargador de configuración QOL
QOL Settings Saver,QOL Сохранение настроек,QOL Збереження налаштувань,Moduł Zapisywania Ustawień QOL,QOL Защита на настройките,Захавальнік QOL налад,QOL 設定セーバー,QOL 설정 저장,QOL 设置保护程序,Économiseur de paramètres QOL,,Kaydedicisi,Protetor de definições QOL,Salvador de configurações QOL,Ahorrador de configuración de QOL
Quick Buy,Быстрая покупка,Швидка покупка,Szybki Zakup,Бърза покупка,Хуткая купля,クイック購入,빠른 구매,快速购买,Achat rapide,,Hızlı Satın Al,Compra rápida,Compra rápida,Compra rápida
Quiet,Тихо,Тихо,Cichy,Тихо,Ціха,静かな,조용히,安静的,Bas,,Sessiz,Quieto,Quieto,Tranquilo
Ragnarok Online damage visuals with improved fancy styling.,Визуал чисел урона в стиле Ragnarok Online с улучшенным оформлением.,Візуальні ефекти пошкодження Ragnarok Online з покращеним вигадливим стилем.,Obrażenia wizualne z Ragnarock Online z ulepszoną stylistyką.,Ragnarok Online щети визуализации с подобрен фантастичен стил.,Візуалы ўрону з Ragnarok Online з палепшаным стыльным афармленнем.,Ragnarok Online のダメージビジュアルは、派手なスタイルが改善されました。,라그나로크 온라인 형식의 피해 표시 효과입니다. 강화된 꾸밈 효과입니다.,Ragnarok Online 风格的伤害显示，并增强华丽样式,Visuels de dégâts façon Ragnarok Online avec un style plus travaillé,,Geliştirilmiş süslü stil ile Ragnarok Online hasar görselleri.,Ragnarok Online causa danos visuais com estilo sofisticado aprimorado.,Visuais de dano melhorados com estilo chique do Ragnarok Online,Imágenes de daños de Ragnarok Online con un estilo elegante mejorado.
RAM and GPU Memory real time usage statistics.,Статистика использования RAM и видеопамяти в реальном времени.,Статистика використання оперативної та графічної пам’яті в реальному часі.,Statystyki wykorzystania pamięci RAM i GPU w czasie rzeczywistym.,Статистика за използване на RAM и GPU памет в реално време.,Статыстыка выкарыстання RAM і памяці GPU у рэальным часе.,RAM および GPU メモリのリアルタイム使用統計。,실시간 RAM과 GPU 메모리 사용량을 표시합니다.,内存 与 GPU 显存的实时占用统计,Affiche les statistiques en temps réel de la RAM et de la mémoire GPU.,,Gerçek zamanlı RAM ve GPU Hafızası kullanım istatistikleri.,Estatísticas de uso de memória RAM e GPU em tempo real.,Estatísticas de uso de memória RAM e GPU em tempo real.,Estadísticas de uso de memoria RAM y GPU en tiempo real.
Randomly opens an enabled arcade game while dead.,Открывает случайную аркаду из выбранных во время смерти,"Випадково відкриває активну аркадну гру, коли він мертвий.","Losowo otwiera jedną z włączonych gier zręcznościowych, kiedy umrzesz.","Случайно отваря активирана аркадна игра, докато е мъртъв.",Выпадкова адкрывае ўключаную аркадную гульню падчас смерці.,死亡中に有効なアーケード ゲームをランダムに開きます。,사망 시 무작위 아케이드 미니 게임을 엽니다.,死亡时随机打开一个已启用的小游戏。,Ouvre aléatoirement un jeu d'arcade activé alors qu'il est mort.,,"Öldüğünde, etkinleştirilmiş bir arcade oyununu rastgele açar.",Abre aleatoriamente um jogo de arcade habilitado enquanto estiver morto.,Abre aleatoriamente um jogo de arcade habilitado enquanto estiver morto.,Abre aleatoriamente un juego de arcade habilitado mientras estás muerto.
Ready,Готовый,Готовий,Gotowy,Готови,Гатова,準備ができて,준비,准备好,Prêt,,Hazır,Pronto,Pronto,Listo
Ready.,Готово.,Готовий.,Gotowy.,Готови.,Гатова.,準備ができて。,준비,就绪。,Prêt.,,Hazır.,Preparar.,Pronto.,Listo.
Real time key input visual.,Визуализация нажатий клавиш в реальном времени.,Візуальний режим введення клавіш у реальному часі.,Wizualizacja wciskania klawiszy w czasie rzeczywistym.,Визуално въвеждане на ключове в реално време.,Візуал уводу клавіш у рэальным часе.,リアルタイムキー入力ビジュアル。,실시간 키 입력 시각 효과입니다.,实时按键输入可视化,Bah tu sais ce que c'est un overlay non?,,Canlı tuş girdisi göstergesi.,Visual de entrada de teclas em tempo real.,Visual de entrada de teclas em tempo real.,Visualización de entrada clave en tiempo real.
Realtime Changes,Показывает изменения в реальном времени,Зміни в реальному часі,Zmiany w Czasie Rzeczywistym,Промени в реално време,Змены ў рэальным часе,リアルタイムの変更,실시간 변경,实时更改,Modifications en temps réel,,Gerçek Zamanlı Değişiklikler,Mudanças em tempo real,Mudanças em tempo real,Cambios en tiempo real
Realtime Drain Countdown,Показать время до перехода в чистые души,Зворотний відлік зливу в реальному часі,Timer Zabezpieczania Dusz w Czasie Rzeczywistym,Отброяване на източване в реално време,Зваротны адлік расходу ў рэальным часе,リアルタイムドレインカウントダウン,실시간 드레인 카운트다운,实时排水倒计时,Compte à  rebours du vidage de vie en temps réel,,Gerçek Zamanlı Azalma Sayacı,Contagem regressiva de drenagem em tempo real,Contagem regressiva de drenagem em tempo real,Cuenta regresiva de recarga en tiempo real
Realtime Key Inputs,Нажатия в реальном времени,Ключові введення в реальному часі,Klawisze w Czasie Rzeczywistym,Ключови входове в реално време,Увод клавіш у рэальным часе,リアルタイムキー入力,실시간 키 입력 표시,实时按键输入,Inputs des touches en temps réel,,Gerçek Zamanlı Tuş Girdileri,Principais entradas em tempo real,Teclas em tempo real,Pulsaciones de teclas en tiempo real
Realtime Settings Changes,Отображение изменений настроек в реальном времени,Зміни налаштувань у реальному часі,Zmiany Ustawień w Czasie Rzeczywistym,Промени в настройките в реално време,Змены налад у рэальным часе,リアルタイム設定変更,실시간 설정 변경사항,实时设置更改,Modifications des paramètres en temps réel,,Gerçek Zamanlı Ayar Değişiklikleri,Alterações nas configurações em tempo real,Alterações nas configurações em tempo real,Cambios de configuración en tiempo real
Recent Purchases,Недавние покупки,Останні покупки,Ostatnie Zakupy,Скорошни покупки,Апошнія пакупкі,最近の購入,최근 구매,最近购买,Achats récents,,Son Satın Alımlar,Compras recentes,Compras recentes,Compras recientes
Recommended for 4:3,Рекомендовано для 4:3,Рекомендовано для 4:3,Zalecane dla 4:3,Препоръчва се за 4:3,Рэкамендавана для 4:3,4:3推奨,4:3 화면비에 추천,推荐4:3,Recommandé pour 4:3,,4:3 için önerilir,Recomendado para 4:3,Recomendado para 4:3,Recomendado para 4:3
Red,Красный,Червоний,Czerwony,Червен,Чырвоны,レッド,빨간색,红色,Rouge,,Kırmızı,Vermelho,Vermelho,Rojo
Refresh Rate,Частота обновления,Частота оновлення,Częstotliwość Odświeżania,Честота на опресняване,Частата абнаўлення,リフレッシュレート,갱신 주기,刷新率,Taux de rafraîchissement,,Yenileme Hızı,Taxa de atualização,Taxa de atualização,Frecuencia de actualización
Reload Cooldown,Время перезарядки,Reload Cooldown,Czas Przeładowania,Презареди изчакване,Кулдаун перазарадкі,リロードクールダウン,장전 쿨다운,换弹冷却,Recharge,,Şarjör Dolum Süresi,Tempo de recarga de recarga,Tempo de recarga da arma,Tiempo de recarga del arma
Reloading,Перезарядка,Перезавантаження,Przeładowanie,Презареждане,Перазарадка,リロード中,장전 중,换弹,Rechargement,,Şarjör Dolduruluyor,Recarregando,Recarregando,Recargando
Rem Tunnels,Туннели Рема,Rem Тунелі,Tunele Rema,Рем Тунели,Тунэлі Рэма,レムトンネル,렘 터널,雷姆隧道,Tunnels Rem,,REM Tünelleri,Túneis Rem,Túneis do Rem,Túneles Rem
Rem Tunnels Opacity,Непрозрачность туннелей Рема,Непрозорість Rem Tunnels,Nieprzezroczystość Tunelów Rema,Rem Tunnels Opacity,Празрыстасць тунэляў Рэма,レムトンネルの不透明度,렘 터널 투명도,Rem 隧道不透明度,Opacité des tunnels Rem,,REM Tünelleri'nin Opaklığı,Opacidade dos túneis Rem,Opacidade dos túneis do Rem,Opacidad de túneles Rem
Remind when big camps and Sinner's Sacrifice are spawning.,"Напомните, когда спавнятся большие лагеря и Sinner's Sacrifice.","Нагадайте, коли з’являться великі табори та Sinner's Sacrifice.","Przypomnij, kiedy pojawiają się duże potwory oraz kasyna.",Напомняйте кога се появяват големи лагери и Sinner's Sacrifice.,"Нагадвае, калі буйныя лагеры і казіно адраджаюцца.",大規模なキャンプと罪人の犠牲がいつ出現するかを思い出させます。,대형 몬스터 캠프와 슬롯 머신 생성을 알립니다.,当大型营地和罪人献祭出现时提醒。,Rappelez-vous quand les grands camps et le sacrifice du pécheur apparaissent.,,Büyük kamplar ve Sinner's Sacrifice makineleri doğarken hatırlat.,Lembra-se quando grandes acampamentos e Sinner's Sacrifice estão a surgir.,Lembrar quando grandes acampamentos e Sinner's Sacrifice estão surgindo.,Recuerde cuándo están apareciendo grandes campamentos y Sinner's Sacrifice.
Remind when bridge buffs and melee troopers are spawning.,"Напоминайте, когда появляются усилители моста и солдаты ближнего боя.","Нагадайте, коли з’являться любителі мостів і солдати ближнього бою.","Przypomnij, kiedy pojawiają się wzmocnienia mostowe i miniony walczące wręcz (szturmowce).","Напомняйте, когато се появяват бридж бъфове и меле бойци.","Нагадвае, калі Руны і мілішныя труперы адраджаюцца.",ブリッジバフと近接トルーパーがいつ出現するかを思い出させます。,다리 버프와 근접 트루퍼 생성을 알립니다.,当桥梁爱好者和近战士兵出现时提醒。,Rappelez-vous quand les buffs de pont et les soldats de mêlée apparaissent.,,Köprü buff'ları ve yakın dövüş askerleri doğarken hatırlat.,Lembra-se quando os buffs de ponte e os soldados corpo a corpo estão a surgir.,Lembrar quando buffs de ponte e tropas estão surgindo.,Recuerda cuándo aparecen mejoras de puente y soldados cuerpo a cuerpo.
Remind when bridge buffs are spawning.,"Напоминайте, когда появляются усиления моста.","Нагадувати, коли з’являються любителі мостів.","Przypomnij, kiedy pojawiają się wzmocnienia mostowe.","Напомняне, когато се появяват любители на моста.","Нагадвае, калі Руны адраджаюцца.",橋のバフがいつ出現するかを思い出させます。,다리 버프 생성을 알립니다.,当桥迷出现时提醒。,Rappelez-vous quand les buffs de pont apparaissent.,,Köprü buff'ları doğarken hatırlat.,Lembra-se quando os buffs da ponte estão a surgir.,Lembrar quando os buffs da ponte estão surgindo.,Recuerda cuándo aparecen las mejoras del puente.
Remind when bridge buffs spawn and gold statue buffs are maxed.,"Напомните, когда появляются усиления моста и достигаются максимумы усиления золотых статуй.","Нагадайте, коли з’являються бафи мосту та бафи золотої статуї досягають максимуму.","Przypomnij, kiedy wzmocnienia mostowe i złote posągi osiągną najlepsze wartości.","Напомняне, когато се появят бъфовете на моста и бъфовете на златна статуя са максимални.","Нагадвае, калі Руны адраджаюцца і бафы залатых статуі дасягаюць максімуму.",橋のバフが出現し、金の像のバフが最大になったときに通知します。,다리 버프 생성과 황금상 능력치 최대 강화를 알립니다.,当桥梁增益产生且金雕像增益达到最大时提醒。,Rappelez-vous quand les buffs de pont apparaissent et que les buffs de statue d’or sont maximisés.,,Köprü buff’ları doğduğunda ve altın heykel buff’ları maksimuma ulaştığında hatırlat.,Lembra-se quando os buffs da ponte aparecem e os buffs da estátua dourada estão no máximo.,Lembrar quando os buffs da ponte aparecem e os buffs da estátua de ouro estão no máximo.,Recuerde cuándo aparecen las mejoras del puente y cuándo se maximizan las mejoras de las estatuas doradas.
Remind when bridge buffs spawn and troopers improve again.,"Напомните, когда появятся усиления моста и снова улучшатся солдаты.","Нагадайте, коли з’являться бафи на мостах і солдати знову покращаться.","Przypomnij, kiedy pojawią się wzmocnienia mostowe oraz miniony (szturmowce) się ulepszą.","Напомняйте, когато бридж бафовете се появят и войниците се подобрят отново.","Нагадвае, калі Руны адраджаюцца і труперы зноў узмацняюцца.",橋のバフが出現し、トルーパーが再び改善されたときに思い出してください。,다리 버프 생성과 트루퍼 강화를 알립니다.,当桥梁增益出现并且士兵再次提高时提醒。,Rappelez-vous quand les buffs de pont apparaissent et que les soldats s'améliorent à nouveau.,,Köprü buff’ları doğduğunda ve askerler yeniden güçlendiğinde hatırlat.,Lembra-se quando os buffs da ponte aparecem e os soldados melhoram novamente.,Lembrar quando os buffs da ponte aparecem e tropas melhoram novamente.,Recuerde cuándo aparecen mejoras de puente y los soldados mejoran nuevamente.
Remind when bridge buffs spawn and troopers speed up.,"Напоминайте, когда появляются усиления моста и ускоряются солдаты.","Нагадуйте, коли з’являються любителі мостів і солдати прискорюються.","Przypomnij, kiedy pojawiają się wzmocnienia mostowe oraz miniony (szturmowce) przyspieszają.","Напомняйте, когато бридж бафовете се появяват и войниците ускоряват.","Нагадвае, калі Руны адраджаюцца і труперы паскараюцца.",橋のバフが出現し、トルーパーがスピードアップするときを思い出させます。,다리 버프 생성과 트루퍼 속도 증가를 알립니다.,当桥梁爱好者出现并且士兵加速时提醒。,Rappelez-vous quand les buffs de pont apparaissent et que les soldats accélèrent.,,Köprü buff’ları doğduğunda ve askerler hızlandığında hatırlat.,Lembram-se quando os buffs da ponte aparecem e os soldados aceleram.,Lembrar quando os buffs da ponte aparecem e os tropas aceleram.,Recuerda cuando aparecen mejoras en el puente y los soldados aceleran.
Remind when lane guardian resistance is reduced.,"Напоминайте, когда сопротивление стража на линии снижается.","Нагадати, коли опір охоронців смуги зменшується.","Przypomnij, kiedy ochrona strażników liniowych zmniejszy się.","Напомни, когато съпротивлението на защитника на лентата е намалено.","Нагадвае, калі супраціўленне гвардыяна лэйна зніжаецца.",レーンガーディアンの抵抗が減少したときに思い出させます。,전선 가디언의 피해 저항 약화를 알립니다.,当车道守护者抵抗力降低时进行提醒。,Rappel lorsque la résistance du gardien de voie est réduite.,,Şerit Gardiyanları'nın direnci azaldığında hatırlat.,Lembra-se quando a resistência do guardião da pista é reduzida.,Lembrar quando a resistência do guardião da lane é reduzida.,Recordar cuando se reduce la resistencia del guardián de carril.
Remind when medium camps are spawning.,"Напомните, когда спавнятся средние лагеря.","Нагадати, коли виникають середні табори.","Przypomnij, kiedy pojawiają się średnie potwory.","Напомняне, когато се появяват средни лагери.","Нагадвае, калі сярэднія лагеры адраджаюцца.",中規模キャンプが出現するタイミングを思い出させます。,중형 캠프 생성을 알립니다.,中型营地生成时提醒。,Rappelez-vous quand les camps moyens apparaissent.,,Orta kamplar ilk ortaya çıkarken hatırlat.,Lembra-se quando os acampamentos médios estão a surgir.,Lembrar quando os médios acampamentos estão surgindo.,Recuerda cuándo están apareciendo campamentos medianos.
"Remind when midboss, urn, bridge buffs, and gold statue upgrades are spawning.","Напоминайте, когда появляются мидбосс, урна, усиления моста и улучшения золотой статуи.","Нагадуйте, коли з’являться покращення мідбоса, урни, мосту та золотої статуї.","Przypomnij, kiedy pojawi się midboss, urna i wzmocnienia mostowe oraz złote posągi ulepszą się.","Напомняйте, когато се появяват надстройки за мидбос, урна, бридж бъфове и златна статуя.","Нагадвае, калі мід бос, урна, Руны і апгрэйды залатой статуі адраджаюцца.",中ボス、壺、橋バフ、金像のアップグレードがいつ出現するかをリマインドします。,"중앙 보스, 다리 버프, 황금상 강화 생성을 알립니다.",当中boss、瓮、桥梁增益和金雕像升级出现时提醒。,"Rappelez-vous quand les améliorations de midboss, d'urne, de pont et de statue d'or apparaissent.",,"Mid Boss, urn, köprü buff'ları, ve altın heykel güçlendiricileri ortaya çıkarken hatırlat.","Lembra-se quando midboss, urna, buffs de ponte e atualizações de estátua de ouro estão a surgir.","Lembrar quando midboss, urna, buffs de ponte e estátua de ouro estão surgindo.","Recuerde cuándo aparecen las mejoras de jefe medio, urna, mejoras de puente y estatuas doradas."
"Remind when small camps, boxes, and statues are spawning.","Напоминайте, когда появляются небольшие лагеря, ящики и статуи.","Нагадуйте, коли виникають невеликі табори, ящики та статуї.","Przypomnij, kiedy pojawią się małe potwory, pudła oraz posągi.","Напомняйте, когато се появяват малки лагери, кутии и статуи.","Нагадвае, калі малыя лагеры, скрыні і статуі адраджаюцца.",小さなキャンプ、ボックス、彫像がいつ出現するかを思い出させます。,"소형 캠프, 상자, 황금상 생성을 알립니다.",当小型营地、盒子和雕像生成时提醒。,"Rappelez-vous quand les petits camps, boîtes et statues apparaissent.",,"Küçük kamplar, kutular, ve heykeller ortaya çıkarken hatırlat.","Lembra-se quando pequenos acampamentos, caixas e estátuas estão a surgir.","Lembrar quando pequenos acampamentos, caixas e estátuas estão surgindo.","Recuerde cuándo están apareciendo pequeños campamentos, cajas y estatuas."
"Remind when urn, bridge buffs, and gold statue upgrades are spawning.","Напоминает о появлении урны, рун и улучшений золотой статуи.","Нагадувати, коли з’являються урна, бридж баффи та покращення золотої статуї.","Przypomnij, kiedy pojawiają się urna, wzmocnienia mostowe oraz ulepszenia złotych posągów.","Напомняне, когато се появяват урна, бридж бафове и надстройки на златна статуя.","Нагадвае, калі адраджаюцца урна, Руны і апгрэйды залатой статуі.",壺、ブリッジバフ、金の像のアップグレードが出現するタイミングを通知します。,"영혼 단지, 다리 버프, 황금상 능력치 강화를 알립니다.",当瓮、桥梁增益和金雕像升级出现时提醒。,"Rappelle quand l'urne, les buffs de pont et les améliorations de la statue d'or apparaissent.",,"Urn, köprü buff'ları, ve altın heykel güçlendirmeleri ortaya çıkarken hatırlat.","Lembra-se quando a urna, os buffs da ponte e as melhorias da estátua dourada estão a surgir.","Lembrar quando a urna, os buffs da ponte e as melhorias da estatua de ouro estao surgindo.","Recuerda cuando aparecen la urna, las mejoras del puente y las mejoras de la estatua dorada."
Remind when walker resistance is reduced.,"Напомните, когда сопротивление Шагохода снизится.","Нагадайте, коли опір ходунків зменшується.","Przypomnij, kiedy ochrona stąpacza zostanie zmniejszona.","Напомняне, когато съпротивлението на проходилката е намалено.","Нагадвае, калі супраціўленне воукера зніжаецца.",歩行者の抵抗力が低下したときに通知します。,워커 피해 저항 약화를 알립니다.,当步行者阻力减小时发出提醒。,Rappelez-le lorsque la résistance du marcheur est réduite.,,Walker'ların direnci azaldığında hatırlat.,Lembra-se quando a resistência do andarilho é reduzida.,Lembrar quando a resistência do andador é reduzida.,Recuerde cuando se reduzca la resistencia del andador.
Render image URLs as images.,Отображение URL-адресов изображений как изображений.,Виводити URL-адреси зображень як зображення.,Renderuj adresy URL obrazów jako obrazy.,Представете URL адресите на изображения като изображения.,Адлюстроўваць URL выяў як выявы.,画像 URL を画像としてレンダリングします。,채팅에 적은 이미지 URL을 이미지로 표시합니다.,将图像 URL 渲染为图像。,Afficher les URL des images sous forme d'images.,,Görsel URL'lerini resim olarak göster.,Renderize URLs de imagens como imagens.,Renderize URLs de imagens como imagens.,Representa las URL de imágenes como imágenes.
Replaces quickbuy with the Enhanced Quickbuy standalone layout and queue summaries.,Заменяет быструю покупку автономным макетом Enhanced Quickbuy и сводками очереди.,Замінює quickbuy окремим макетом Enhanced Quickbuy і підсумками черги.,Zastępuje opcję szybkiego zakupu osobnym stylem oraz podsumowaniami kolejek Enchanced Quickbuy.,Заменя quickbuy с Enhanced Quickbuy самостоятелно оформление и резюмета на опашка.,Замяняе хуткую куплю на аўтаномны макет Паляпшанай Хуткай Купліі і зводкі чэргаў.,Quickbuy を Enhanced Quickbuy スタンドアロン レイアウトとキューの概要に置き換えます。,빠른 구매 대기열을 개선된 빠른 구매 대기열과 대기열 요약 창으로 바꿉니다.,将 Quickbuy 替换为 Enhanced Quickbuy 独立布局和队列摘要。,Remplace quickbuy par la mise en page autonome et les résumés de file d'attente Enhanced Quickbuy.,,"Hızlı satın almayı, Gelişmiş Satın Alım tekil arayüzü ve kuyruk özetleriyle değiştirir.",Substitui o quickbuy pelo layout independente Enhanced Quickbuy e pelos resumos de fila.,Substitui o quickbuy pelo layout independente Enhanced Quickbuy e resumos de fila.,Reemplaza la compra rápida con el diseño independiente Enhanced Quickbuy y los resúmenes de cola.
Reposition,Переместить,Репозиція,Zmień Położenie,Преместване,Перамяшчэнне,位置を変更する,위치 조정,复位,Repositionner,,Yeniden konumlandır,Reposicionar,Reposicionar,Reposicionar
Request a community preset,Запросить пресет сообщества,Запит на налаштування спільноти,Zaproponuj preset społeczności,Поискайте предварително зададена общност,Запытаць прэсет супольнасці,コミュニティプリセットをリクエストする,커뮤니티 프리셋 요청,请求社区预设,Demander un préréglage communautaire,,Topluluk hazır ayarı talep et,Solicite uma predefinição da comunidade,Solicite uma predefinição da comunidade,Solicitar un preajuste comunitario
Request a custom feature or preset,Запросить пользовательскую функцию или предустановку,Запит на спеціальну функцію або стиль,Zaproponuj niestandardową funkcję lub preset,Поискайте персонализирана функция или предварителна настройка,Запытаць кастомную функцыю або прэсет,カスタム機能またはプリセットをリクエストする,맞춤 설정 기능 또는 프리셋 요청,请求自定义功能或预设,Demander une fonctionnalité personnalisée ou un préréglage,,Özel bir özellik veya hazır ayar sipariş et,Solicite um recurso ou predefinição personalizada,Solicite um recurso ou predefinição personalizada,Solicite una función personalizada o un ajuste preestablecido
Reset row to defaults,Сбросить ряды до изначальных значений,Відновити рядок до значень за замовчуванням,Zresetuj wiersz do wartości domyślnych,Нулирайте реда до настройките по подразбиране,Скінуць радок да стандартных значэнняў,行をデフォルトにリセット,열을 기본으로 초기화,将此行重置为默认值,Réinitialiser la ligne aux valeurs par défaut,,Satırı varsayılanlara sıfırla,Redefinir linha para os padrões,Redefinir fileira para os padrões,Restablecer fila a los valores predeterminados
Reset section runtime options,Сбросить runtime-настройки секции,Скинути параметри виконання розділу,Zresetuj opcje sekcji w runtime,Нулирайте опциите за изпълнение на секцията,Скінуць параметры запуску секцыі,セクションの実行時オプションをリセット,섹션 런타임 옵션 초기화,重置部分运行时选项,Réinitialiser les options d'exécution de la section,,Bölüm çalışma zamanı seçeneklerini sıfırla,Redefinir opções de tempo de execução da seção,Redefinir opções de tempo de execução da seção,Restablecer opciones de tiempo de ejecución de sección
Reset section to defaults,Сбросить секцию к значениям по умолчанию,Відновити розділ до значень за замовчуванням,Zresetuj sekcję do ustawień domyślnych,Нулирайте секцията до настройките по подразбиране,Скінуць секцыю да стандартных значэнняў,セクションをデフォルトにリセット,해당 섹션을 초기화,将部分重置为默认值,Réinitialiser la section aux valeurs par défaut,,Bölümü varsayılanlara sıfırla,Redefinir seção para os padrões,Redefinir seção para os padrões,Restablecer sección a los valores predeterminados
Reset settings:,Сброшено настройки:,Зброшено параметрів:,Zresetuj ustawienia:,Сброшено настройки:,Скінуць налады:,概要:,설정 초기화:,重置设置：,Réinitialiser les paramètres :,,Ayarları sıfırla:,Repor definições:,Resetar configurações:,Restablecer ajustes:
Reset to default value,Вернуть значение к изначальному,Відновити значення за замовчуванням,Przywróć wartość domyślną,Възстановяване на стойността по подразбиране,Скінуць да значэння па змаўчанні,デフォルト値にリセット,기본값으로 초기화,重置为默认值,Réinitialiser à  la valeur par défaut,,Varsayılan değere sıfırla,Redefinir para o valor padrão,Redefinir para o valor padrão,Restablecer el valor predeterminado
Reset to default value.,Сброс до значения по умолчанию.,Відновити значення за замовчуванням.,Przywróć wartość domyślną.,Възстановяване на стойността по подразбиране.,Скінуць да значэння па змаўчанні.,デフォルト値にリセットします。,설정을 기본값으로 초기화합니다.,重置为默认值。,Réinitialiser à la valeur par défaut.,,Varsayılan değere sıfırla.,Repor para o valor padrão.,Redefinir para o valor padrão.,Restablecer el valor predeterminado.
Restores the legacy removed duration bars for abilities.,Восстанавливает старые полоски каста способностей,Відновлює старі видалені смуги тривалості здібностей.,Przywraca legacy paski czasu trwania dla umiejętności,Възстановява наследените премахнати ленти за продължителност за способности.,Аднаўляе ўстарэлыя выдаленыя паласы працягласці для уменняў.,従来の削除されたアビリティの持続時間バーを復元します。,능력 지속시간 표시를 개편 전 모습으로 변경합니다.,恢复已移除的旧版技能持续时间条。,Restaure les anciennes barres de durée supprimées pour les capacités.,,Yetenekler için eski (kaldırılmış) süre çubuklarını geri yükler.,Restaura as barras de duração removidas do legado para habilidades.,Restaura as barras de duração antigas removidas para habilidades.,Restaura las barras de duración heredadas eliminadas de las habilidades.
"Retheme the settings menu, modals, loader, and save menus with a shared aesthetic.","Измените тему меню настроек, модальных окон, загрузчика и меню сохранения с общей эстетикой.","Змініть меню налаштувань, режими, завантажувач і меню збереження зі спільною естетикою.","Zmień motyw menu ustawień, okienek, modułu ładującego i menu zapisywania na wspólną estetykę.","Преразгледайте менюто с настройки, модалите, менютата за зареждане и запазване със споделена естетика.","Змяняе тэму меню налад, мадальных вокнаў, загрузчыка і меню захавання ў адзіным стылі.",設定メニュー、モーダル、ローダー、保存メニューのテーマを共通の美学に合わせて変更します。,"설정 메뉴, 모듈, 로더, 세이브 메뉴를 공통된 테마로 설정합니다.",以共享的美感重新设置设置菜单、模式、加载器和保存菜单的主题。,"Rethèmez le menu des paramètres, les modaux, le chargeur et les menus de sauvegarde avec une esthétique partagée.",,"Ayarlar menüsünü, pencereleri (modallar), yükleme ekranını ve kayıt menülerini ortak bir görsel tarzla yeniden temalandır.","Altere o tema do menu de definições, modais, carregador e menus de guardar com uma estética partilhada.","Altere o tema do menu de configurações, modais, carregador e menus de salvamento com uma estética compartilhada.","Cambie el tema del menú de configuración, los modales, el cargador y los menús de guardado con una estética compartida."
Right,Справа,Праворуч,Prawa,Дясно,Справа,右,오른쪽,右,Droite,,Sağ,Direita,Direita,Derecha
Rose,Розово-красный,Трояндовий,Różany,Розе,Ружа,ローズ,장미색,玫瑰色,Rosé,,Gül Kırmızısı,Rosé,Rosé,Rosado
Rotate,Поворот,Обертати,Obróć,Завъртете,Павярнуць,回転,회전,旋转,Tourner,,Döndür,Girar,Girar,Girar
Rotate Magazine,Повернуть магазин,Обертати магазин,Obróć Magazynek,Завъртане на пълнителя,Павярнуць абойму,マガジンを回転,탄창 표시 회전,旋转弹匣,Pivoter le chargeur,,Şarjörü Döndür,Rodar carregador,Girar pente,Rotar cargador
Rotate the ammo magazine visualiser.,Поворачивает визуализацию магазина боеприпасов.,Обертає візуалізатор магазина з боєприпасами.,Obróć wizualizację magazynka amunicji.,Завърта визуализатора на пълнителя с амуниции.,Павярнуць візуалізатар абоймы боезапасу.,弾薬マガジンのビジュアライザーを回転させます。,탄창 표시를 회전합니다.,旋转弹匣可视化效果。,Fait pivoter le visualiseur du chargeur de munitions.,,Mermi şarjörü görselleştiricisini döndürür.,Rode o visualizador do carregador de munição.,Gira o visualizador do pente de municao.,Rota el visualizador del cargador de municion.
Rotate the stamina charge indicator.,Поверните индикатор заряда выносливости.,Поверніть індикатор заряду витривалості.,Obróć wskaźnik naładowania staminy.,Завъртете индикатора за заряд на издръжливост.,Павярнуць індыкатар зарада вынослівасці.,スタミナチャージインジケーターを回転させます。,활력 표시를 회전합니다.,旋转耐力充电指示器。,Faites pivoter l’indicateur de charge d’endurance.,,Stamina şarj göstergesini döndürür.,Rode o indicador de carga de resistência.,Gire o indicador de carga de resistência.,Gira el indicador de carga de resistencia.
Rotates the static minimap 180 degrees.,Поворачивает статическую мини-карту на 180 градусов.,Повертає статичну міні-карту на 180 градусів.,Obraca statyczną minimapę o 180 stopni.,Завърта статичната миникарта на 180 градуса.,Павярочвае статычную міні-карту на 180 градусаў.,静的ミニマップを 180 度回転します。,정적인 미니맵을 180도 회전합니다.,将静态小地图旋转 180 度。,Fait pivoter la mini-carte statique de 180 degrés.,,Sabit mini haritayı 180 derece döndürür.,Gira o minimapa estático a 180 graus.,Gira o minimapa estático em 180 graus.,Gira el minimapa estático 180 grados.
Row already at defaults.,Ряды уже приведены к изначальным значениям,Рядок уже встановлено за замовчуванням.,Wiersz ma już wartości domyślne,Ред вече е по подразбиране.,Радок ужо на стандартных значэннях.,行はすでにデフォルトになっています。,열 설정이 이미 기본 상태입니다.,该行已是默认值。,Ligne déjà  aux valeurs par défaut.,,Satır zaten varsayılanlarda.,Linha já está nos padrões.,Linha já está nos padrões.,La fila ya está en los valores predeterminados.
Row reset (,Сброс строки (,Скидання рядка (,Resetowanie wiersza (,Нулиране на ред (,Скід радка (,行リセット (,열 설정 초기화 (,行重置（,Réinitialisation de la ligne (,,Satırı sıfırla (,Redefinição de linha (,Redefinição de linha (,Restablecer fila (
Run complete. Press New Run.,Бегите полностью. Нажмите «Новый запуск».,Запуск завершено. Натисніть New Run.,Run ukończony. Naciśnij Nowy Run.,Изпълнение завършено. Натиснете Ново изпълнение.,Запуск завершаны. Націсніце Новы запуск.,実行が完了しました。 「新規実行」を押します。,시도가 끝났습니다. 새 시도를 누르세요.,运行完成。按新运行。,Exécutez terminé. Appuyez sur Nouvelle exécution.,,Tur tamamlandı. Yeni Tur'a Basın.,Execute completo. Prima Nova execução.,Tentativa completa. Pressione Nova Tentativa.,Ejecución completa. Presione Nueva ejecución.
Rune + Fast Troopers,Руна + быстрые труперы,Бридж бафф + Швидкі Trooper'и,Wzmocnienia Mostowe + Szybkie Miniony,Руна + Бързи бойци,Руна + Хуткія труперы,ブリッジバフ + 高速トルーパー,룬 + 트루퍼 가속,符文 + 快速士兵,Rune + Soldats rapides,,Buff + Hızlı Askerler,Runa + Soldados rápidos,Runa + Tropas rápidas,Runa + Soldados rápidos
Rune + Gold Buffs,Руна + золотые баффы,Бридж бафф + Золоті бафи,Wzmocnienia Mostowe + Złote Posągi,Руна + Златни бъфове,Руна + Залатыя бафы,ブリッジバフ + ゴールドバフ,룬 + 황금상 강화,符文 + 金色增益,Rune + Buffs dorés,,Buff + Altın Heykeller,Runa + Buffs dourados,Runa + Buffs dourados,Runa + Mejoras doradas
Rune + Melee Troopers,Руна + труперы ближнего боя,Бридж бафф + Trooper'и ближнього бою,Wzmocnienia Mostowe + Miniony Wręcz,Руна + Меле бойци,Руна + Мілішныя труперы,ブリッジバフ + 近接トルーパー,룬 + 근접 트루퍼,符文 + 近战士兵,Rune + Soldats de mêlée,,Buff + Yakın Dövüş Askerleri,Runa + Soldados corpo a corpo,Runa + Tropas corpo a corpo,Runa + Soldados cuerpo a cuerpo
Rune + Troopers 20s HP,Руна + труперы +HP 20с,Бридж бафф + Trooper'и 20с HP,Wzmocnienia Mostowe + Miniony 20s HP,Руна + Бойци 20с HP,Руна + Труперы 20с HP,ブリッジバフ + トルーパー20秒HP,룬 + 트루퍼 20초 체력,符文 + 士兵20秒HP,Rune + Soldats 20s HP,,Buff + 20s Canlı Askerlerler,Runa + Soldados 20s HP,Runa + Tropas 20s HP,Runa + Soldados 20s HP
Russian,Русский,Російська,Rosyjski,Руски,Руская,ロシア語,러시아어,俄语,Russe,,Rusça,Russian,Russian,Ruso
Save completed.,Сохранение закончено.,Збереження завершено.,Zapisywanie zakończone.,Запазването е завършено.,Захаванне завершана.,保存が完了しました。,저장 완료.,保存完成,Sauvegarde terminée.,,Kaydetme tamamlandı.,Salvamento concluído.,Salvamento concluído.,Guardar completado.
Save failed.,Ошибка сохранения.,Не вдалося зберегти.,Zapisywanie nie powiodło się.,Запазването не бе успешно.,Не атрымалася захаваць.,保存に失敗しました。,저장 실패.,保存失败,L'enregistrement a échoué.,,Kaydetme başarısız.,Falha ao salvar.,Falha ao salvar.,Error al guardar.
Save in progress...,Сохранение в процессе...,Триває збереження...,Zapis w toku...,В процес на запазване...,Захаванне ў працэсе...,保存中...,저장 중...,保存进行中……,Sauvegarde en cours...,,Kaydetme işlemi sürüyor...,Salvar em andamento...,Salvamento em andamento...,Guardar en curso...
Save queued.,Сохранение поставлено в очередь.,Зберегти в черзі.,Zapis umieszczony w kolejce.,Запазване на опашка.,Захаванне ў чарзе.,保存がキューに入れられました。,저장 요청됨.,保存请求已加入队列,Enregistrement en file d'attente.,,Kaydetme sıraya alındı.,Salvar na fila.,Salvamento na fila.,Guardar en cola.
Save timed out. Try again.,Сохранение не вернуло ответ вовремя. Попробуйте ещё раз.,Час очікування збереження минув. Спробуйте знову.,Upłynął limit czasu zapisu. Spróbuj ponownie.,Времето за запазване изтече. Опитайте отново.,Захаванне перавысіла час чакання. Паспрабуй яшчэ раз.,保存がタイムアウトしました。もう一度やり直してください。,저장 시간이 초과되었습니다. 다시 시도해 주세요.,保存超时请重试,Le délai d'enregistrement a expiré. Essayer à  nouveau.,,Kaydetme zaman aşımına uğradı. Tekrar deneyin.,Salvar expirou. Tente novamente.,Salvamento expirou. Tente novamente.,Guardar tiempo de espera agotado. Intentar otra vez.
Save works only in hideout.,Сохранение работает только в убежище.,Збереження працює тільки в схованці.,Zapis działa tylko w kryjówce.,Save работи само в скривалище.,Захаванне працуе толькі ў хайдауце.,セーブは隠れ家でのみ機能します。,저장은 은신처에 있을 때만 가능합니다.,只能在藏身处（hideout）保存,La sauvegarde ne fonctionne que dans la cachette.,,Kaydetme sadece Hideout'ta çalışır.,Salvar funciona apenas no esconderijo.,Salvar funciona apenas no esconderijo.,Guardar funciona sólo en el escondite.
SAVED,СОХРАНЕНО,ЗБЕРЕЖЕНО,ZAPISANO,ЗАПАЗЕНО,ЗАХАВАНА,保存済み,저장됨,已保存,SAUVEGARDÉ,,KAYDEDİLDİ,SAVED,SALVO,SAVED
Scale,Масштаб,Масштаб,Skala,Мащаб,Маштаб,スケール,늘이기,规模,Échelle,,Boyut,Escala,Escala,Escala
Scales the element.,Изменяет размеры элемента.,Масштабує елемент.,Skaluje element.,Мащабира елемента.,Маштабуе элемент.,要素を拡大縮小します。,해당 요소를 늘입니다.,缩放该元素。,Met à  l'échelle l'élément.,,Öğeyi boyutlandırır.,Dimensiona o elemento.,Dimensiona o elemento.,Escala el elemento.
Score:,Счет:,Оцінка:,Wynik:,резултат:,Лік:,スコア：,점수:,分数：,Score:,,Skor:,Pontuação:,Pontuação:,Puntaje:
Scoreboard Open,Открыта таблица счёта,Відкрите табло,Tablica Wyników Otwarta,Отворено табло,Табліца вынікаў адкрыта,スコアボードオープン,점수표 열기,记分牌公开赛,Tableau de bord ouvert,,Skor Tablosu Açık,Placar aberto,Placar aberto,Marcador abierto
Search Results,Результаты поиска,Результати пошуку,Wyniki Wyszukiwania,Резултати от търсенето,Вынікі пошуку,検索結果,검색 결과,搜索结果,Résultats de la recherche,,Arama Sonuçları,Resultados da pesquisa,Resultados da pesquisa,Resultados de la búsqueda
Seconds Before Spawn,Секунд до появления,Секунди до появи,Sekundy Przed Odrodzeniem,Секунди преди Spawn,Секунды да адраджэння,スポーン前の秒数,초 후 생성,生成前几秒,Secondes avant l'apparition,,Doğuma kalan saniyeler,Segundos antes do nascimento,Segundos antes do nascimento,Segundos antes del desove
Seconds each notification stays visible.,"Секунды, когда каждое уведомление остается видимым.","Секунди, кожне сповіщення залишається видимим.",Ilość czasu w sekundach przez który powiadomienie jest widoczne,Секунди всяко известие остава видимо.,"Колькасць секунд, якое кожнае апавяшчэнне застаецца бачным.",各通知が表示されたままになる秒数。,각 알림이 남아 있는 지속시간을 조절합니다.,每个通知保持可见的秒数。,"Quelques secondes, chaque notification reste visible.",,Her bildirimin gösterim süresi (saniye cinsinden).,"Segundos, cada notificação permanece visível.","Segundos, cada notificação permanece visível.",Segundos en que cada notificación permanece visible.
Section already at defaults.,Секция уже имеет изначальные значения.,Розділ уже встановлено за замовчуванням.,Sekcja ma już ustawienia domyślne.,Разделът вече е по подразбиране.,Секцыя ужо на стандартных значэннях.,セクションはすでにデフォルトになっています。,섹션이 이미 초기 설정입니다.,该分区已是默认值。,Section déjà  par défaut.,,Bölüm zaten varsayılanlarda.,Seção já está nos padrões.,Seção já está nos padrões.,Sección ya en valores predeterminados.
Section reset (,Сброс раздела (,Скидання розділу (,Reset sekcji (,Раздел нулиране (,Скід секцыі (,セクションリセット (,섹션 초기화 (,部分重置（,Réinitialisation de la section (,,Bölümü sıfırla (,Redefinição de secção (,Redefinição de seção (,Restablecer sección (
See the recent purchases made in the game.,"Посмотрите недавние покупки, сделанные в игре.","Перегляньте останні покупки, зроблені в грі.",Zobacz ostatnie zakupy dokonane w grze.,"Вижте последните покупки, направени в играта.","Паказвае апошнія пакупкі, зробленыя ў гульні.",ゲーム内で最近行われた購入を確認します。,게임 중 가장 최근 구매한 아이템을 확인합니다.,查看最近在游戏中进行的购买。,Consultez les achats récents effectués dans le jeu.,,Oyunda yapılan son satın alımları görün.,Veja as compras recentes feitas no jogo.,Veja as compras recentes feitas no jogo.,Ver las compras recientes realizadas en el juego.
See your view angle and speed.,Показывает угол обзора и скорость.,Перегляньте свій кут огляду та швидкість.,Sprawdź swój kąt widzenia i prędkość.,Вижте своя зрителен ъгъл и скорост.,Паказвае вугал агляду і хуткасць.,視野角と速度を確認してください。,현재 속도와 각도를 표시합니다.,查看你的视角角度与速度,"Affiche l'angle de vue (N,S,E,O) et la vitesse.",,Bakış açınızı ve hızınızı görün.,Veja seu ângulo de visão e velocidade.,Veja seu ângulo de visão e velocidade.,Vea su ángulo de visión y velocidad.
See your view angle.,Показывает ваш угол обзора.,Перегляньте свій кут огляду.,Sprawdź swój kąt widzenia.,Вижте своя зрителен ъгъл.,Паказвае вугал агляду.,視野角を確認できます。,현재 카메라 시야의 각도를 표시합니다.,查看你的视角角度。,Affiche votre angle de vue.,,Görüş açınızı görün.,Veja o seu ângulo de visão.,Veja seu angulo de visao.,Ve tu angulo de vision.
Settings Changes,Изменения настроек,Зміни налаштувань,Zmiany Ustawień,Промени в настройките,Змены налад,設定の変更,설정 변경,设置更改,Modifications des paramètres,,Ayar Değişiklikleri,Alterações nas configurações,Alterações nas configurações,Cambios de configuración
Settings now load from your saved build string,Настройки теперь загружаются из вашей сохраненной строки билда,Налаштування тепер завантажуються зі збереженого рядка збірки,Ustawienia są teraz ładowne z twojego zapisanego ciągu ustawień,Настройките вече се зареждат от вашия запазен низ за изграждане,Налады зараз загружаюцца з захаванага радка білда,保存したビルド文字列から設定が読み込まれるようになりました,빌드 문자열을 통해 설정을 불러옵니다.,现在从您保存的构建字符串加载设置,Les paramètres sont désormais sauvegardés à  partir de votre chaîne de build enregistrée,,Ayarlar şu an kaydedilmiş build metin dizesinden yükleniyor.,As configurações agora são carregadas a partir da string de compilação salva,As configurações agora são carregadas a partir da string de compilação salva,La configuración ahora se carga desde tu cadena de configuración guardada.
Settings UI Language,Язык интерфейса,Мова інтерфейсу налаштувань,Język interfejsu ustawień,Език на интерфейса,Мова інтэрфейсу налад,設定画面の言語,설정 UI 언어,设置界面语言,Paramètres Langue de l'interface utilisateur,,Ayarlar Arayüzü Dili,Idioma da IU de configurações,Idioma da UI de configurações,Lenguaje de la interfaz
Share or save your settings configuration!,Поделитесь или сохраните свои настройки!,Поділіться або збережіть конфігурацію налаштувань!,Udostępnij lub zapisz swoją konfigurację ustawień!,Споделете или запазете конфигурацията на вашите настройки!,Падзяліся або захавай канфігурацыю сваіх налад!,設定構成を共有または保存してください。,현재 설정을 저장하고 공유할 수 있습니다!,分享或保存你的设置配置！,Partagez ou enregistrez la configuration de vos paramètres !,,Ayar yapılandırmanızı paylaşın veya kaydedin!,Compartilhe ou salve suas configurações!,Compartilhe ou salve suas configurações!,¡Comparte o guarda tu configuración de configuración!
Share your settings string,Поделиться строкой настроек,Поділіться своїм рядком налаштувань,Udostępnij ciąg ustawień,Споделете своя низ за настройки,Падзяліся радком сваіх налад,設定文字列を共有する,설정 문자열 공유,分享您的设置字符串,Partage ta chaîne de code,,Ayarlar metin dizenizi paylaşın,Compartilhe sua string de configurações,Compartilhe sua string de configurações,Comparte tu cadena de configuración
Shifts the HUD for better visual support for 16:10 resolutions.,Смещает HUD для лучшей поддержки разрешений 16:10.,Зміщує HUD для кращої візуальної підтримки роздільної здатності 16:10.,Przesuwa HUD zapewniajac lepsze wsparcie dla rozdzielczości 16:10.,Измества HUD за по-добра визуална поддръжка за резолюции 16:10.,Зрушвае HUD для лепшай візуальнай падтрымкі дазволу 16:10.,16:10 解像度の視覚サポートを改善するために HUD をシフトします。,16:10 화면비에 맞게 HUD 위치를 조절합니다.,为 16:10 分辨率提供更好的视觉支持，调整 HUD 位置,Adapte le HUD pour les gens en 16:10,,HUD’ı 16:10 çözünürlükler için daha iyi görsel destek sağlayacak şekilde kaydırır.,Muda o HUD para melhor suporte visual para resoluções 16:10.,Muda o HUD para melhor suporte visual para resoluções 16:10.,Cambia el HUD para un mejor soporte visual para resoluciones 16:10.
Shifts the HUD for better visual support for 4:3 resolutions.,Смещает HUD для лучшей поддержки разрешений 4:3.,Зміщує HUD для кращої візуальної підтримки роздільної здатності 4:3.,Przesuwa HUD zapewniając lepsze wsparcie dla rozdzielczości 4:3.,Измества HUD за по-добра визуална поддръжка за резолюции 4:3.,Зрушвае HUD для лепшай візуальнай падтрымкі дазволу 4:3.,4:3 解像度の視覚サポートを改善するために HUD をシフトします。,4:3 화면비에 맞게 HUD 위치를 조정합니다.,为 4:3 分辨率提供更好的视觉支持，调整 HUD 位置,Adapte le HUD pour les gens en 4:3,,HUD’ı 4:3 çözünürlükler için daha iyi görsel destek sağlayacak şekilde kaydırır.,Muda o HUD para melhor suporte visual para resoluções 4:3.,Muda o HUD para melhor suporte visual para resoluções 4:3.,Cambia el HUD para un mejor soporte visual para resoluciones 4:3.
Show a short caption when Deadlock For Dummies reminders play.,Показывать короткую подпись при воспроизведении напоминаний Deadlock For Dummies.,Показувати короткий підпис під час відтворення нагадувань Deadlock For Dummies.,Wyświetlaj krótki napis podczas odtwarzania przypomnień Deadlock For Dummies.,Показване на кратък надпис при възпроизвеждане на напомняния Deadlock For Dummies.,"Паказвае кароткі подпіс, калі прайграваюцца напаміны Deadlock For Dummies.",Deadlock For Dummies リマインダーの再生時に短いキャプションを表示します。,데드락 초심자 가이드 음성이 재생될 때 짧은 자막을 재생합니다.,播放 Deadlock For Dummies 提醒时显示简短的标题。,Afficher une courte légende lors de la lecture des rappels Deadlock For Dummies.,,Yeni Başlayanlar İçin Deadlock hatırlatmaları çalarken kısa bir açıklama gösterir.,Mostre uma legenda curta quando os lembretes Deadlock For Dummies forem reproduzidos.,Mostre uma legenda curta quando os lembretes Deadlock For Dummies forem reproduzidos.,Muestra un título breve cuando se reproducen los recordatorios Deadlock For Dummies.
"Show a visual indicator in the top bar of the current Guardians, Walkers, and Base.","Показывает индикатор текущих Гвардов, Шагоходов и Базы на верхней панели.","Показати візуальний індикатор у верхній панелі поточних Вартових, Ходиків і Бази.","Pokaż wskaźnik wizualny aktualnych Strażników, Stąpaczy i Bazy na górnym pasku.","Покажете визуален индикатор в горната лента на текущите пазители, пешеходци и база.","Паказвае візуальны індыкатар у верхняй панэлі бягучых Гвардыянаў, Воукераў і Базы.",現在のガーディアン、ウォーカー、ベースの上部バーに視覚的なインジケーターを表示します。,"현재 지도 상의 가디언, 워커, 기지 상황을 시각적으로 표시합니다.",在顶栏显示当前一塔、二塔和基地的视觉指示,"Affiche une minimap avec les Gardiens, Walkers et la Base actuelle",,"Mevcut Gardiyan'ların, Walker'ların ve Üs'lerin durumunu üst çubukta görsel bir gösterge olarak gösterir.","Mostra um indicador visual na barra superior dos Guardiões, Caminhantes e Base atuais.","Mostra um indicador visual na barra superior dos Guardiões, Caminhantes e Base atuais.","Muestra un indicador visual en la barra superior de los Guardianes, Caminantes y Base actuales."
"Show active buffs/debuffs (firerate, slow, antiheal...) vertically next to the crosshair","Показывает активные баффы/дебаффы (скорострельность, замедление, антихил...) вертикально рядом с прицелом","Показувати активні баффи/дебаффи (швидкострільність, сповільнення, антилікування...) вертикально біля прицілу","Pokaż aktywne wzmocnienia/osłabienia (szybkostrzelność, spowolnienie, antyleczenie...) pionowo obok celownika","Показва активните бафове/дебафове (скорострелност, забавяне, антилекуване...) вертикално до мерника","Паказвае актыўныя бафы/дэбафы (скарастрэльнасць, запаволенне, антыхіл...) вертыкальна каля прыцэла",アクティブなバフ/デバフ (発射速度、スロウ、回復阻害...) をクロスヘアの横に縦方向に表示します,"조준선 옆에 현재 적용되는 강화/약화 효과(연사 속도, 둔화, 치유 감소...)를 수직 배치",在十字线旁垂直显示当前增益/减益（射速、减速、反治疗……）,"Affiche les buffs/debuffs actifs (cadence de tir, ralentissement, antisoin...) verticalement à côté du réticule",,"Aktif buff/debuff’ları (ateş hızı, yavaşlatma, anti-heal vb.) nişangâhın yanında dikey şekilde gösterir.","Mostra os buffs/debuffs ativos (cadência de tiro, lentidão, anticura...) verticalmente junto à mira","Mostra os buffs/debuffs ativos (cadencia de tiro, lentidao, anticura...) verticalmente ao lado da mira","Muestra las mejoras/desventajas activas (cadencia de fuego, ralentizacion, anticuracion...) verticalmente junto a la mira"
Show an overlay of the underground tunnels.,Покажите наложение подземных туннелей.,Покажіть накладання підземних тунелів.,Pokaż nakładkę podziemnych tuneli.,Покажете наслагване на подземните тунели.,Паказвае налажэнне падземных тунэляў.,地下トンネルのオーバーレイを表示します。,지하 터널 오버레이를 표시합니다.,显示地下隧道的叠加层。,Afficher une superposition des tunnels souterrains.,,Yer altı tünellerini üst kaplama olarak göster.,Mostre uma sobreposição dos túneis subterrâneos.,Mostre uma sobreposição dos túneis subterrâneos.,Muestre una superposición de los túneles subterráneos.
Show Buffs,Показать баффы,Показати баффи,Pokaż Wzmocnienia,Показване на бафове,Паказаць бафы,バフを表示,강화 효과 표시,显示增益,Afficher les buffs,,Buff'ları Göster,Mostrar buffs,Mostrar buffs,Mostrar mejoras
Show Build ID,Показать ID сборки,Показати ID збірки,Pokaż ID Builda,Показване на ИД на компилация,Паказаць ID білда,ビルド ID を表示,빌드 ID 표시,显示构建 ID,Afficher l'ID de build,,Build ID'sini Göster,Mostrar ID da construção,Mostrar ID da build,Mostrar ID de compilacion
Show Compass,Показать компас,Показати компас,Pokaż Kompas,Покажи компас,Паказаць компас,コンパスを表示,나침반 보이기,显示指南针,Afficher la boussole,,Pusulayı Göster,Mostrar bússola,Mostrar Bússola,Mostrar brújula
Show current / max HP numbers over the Minecraft hearts.,Покажите текущие/максимальные числа HP над сердечками Minecraft.,Показати поточні/максимальні числа HP над серцями Minecraft.,Pokaż aktualne/maksymalne liczby HP nad sercami z Minecraft.,Показване на текущи / максимални HP числа върху сърцата на Minecraft.,Паказвае бягучыя / максімальныя лічбы HP над сэрцамі Minecraft.,Minecraft のハートの上に現在 / 最大の HP 数値を表示します。,현재/최대 체력를 마인크래프트 하트 위에 표시합니다.,显示 Minecraft 红心上的当前/最大 HP 数字。,Afficher les numéros HP actuels/maximaux sur les cœurs Minecraft.,,Minecraft kalplerinin üzerinde mevcut / maksimum HP sayılarını göster.,Mostrar os números HP atuais/máximos sobre os corações do Minecraft.,Mostre os números HP atuais / máximos sobre os corações do Minecraft.,Muestra los números HP actuales/máx. sobre los corazones de Minecraft.
Show Debuffs,Показать дебаффы,Показати дебаффи,Pokaż Osłabienia,Показване на дебафове,Паказаць дэбафы,デバフを表示,약화 효과 표시,显示减益,Afficher les debuffs,,Debuff'ları Göster,Mostrar debuffs,Mostrar debuffs,Mostrar desventajas
Show Filters,Показать фильтры,Показати фільтри,Pokaż Filtry,Показване на филтри,Паказаць фільтры,フィルターを表示,필터 보이기,显示过滤器,Afficher les filtres,,Filtreleri Göster,Mostrar filtros,Mostrar Filtros,Mostrar filtros
Show FPS,Показать FPS,Показати FPS,Pokaż FPSy,Показване на FPS,Паказаць FPS,FPS を表示,FPS 보이기,显示帧率,Afficher les FPS,,FPS'yi Göster,Mostrar FPS,Mostrar FPS,Mostrar FPS
Show Frame,Показать кадр,Показати кадр,Pokaż Klatkę,Покажи рамка,Паказаць рамку,フレームを表示,프레임 보이기,显示框架,Afficher les frames,,Anlık Kareyi Göster,Mostrar quadro,Mostrar Quadro,Mostrar marco
Show full feature breakdown in console every 5s.,Показывать полную разбивку по функциям в консоли каждые 5 с.,Показувати повний розклад функцій у консолі кожні 5 с.,Pokaż pełny rozkład funkcji w konsoli co 5s.,Показва пълна разбивка на функциите в конзолата на всеки 5 секунди.,Паказваць поўную разбіўку функцый у кансолі кожныя 5 с.,5 秒ごとにコンソールで機能の詳細な内訳を表示します。,5초마다 콘솔에 모든 기능 요약을 표시합니다.,每 5 秒在控制台显示完整的功能明细。,Affiche le détail complet des fonctionnalités dans la console toutes les 5 s.,,Her 5 saniyede bir konsolda tüm özelliklerin detaylı dökümünü göster.,Mostra a discriminação completa dos recursos na consola a cada 5s.,Mostra o detalhamento completo dos recursos no console a cada 5s.,Muestra el desglose completo de funciones en la consola cada 5s.
Show Icon,Показать иконку,Показати значок,Pokaż Ikonę,Показване на икона,Паказаць іконку,アイコンを表示,아이콘 보이기,显示图标,Afficher l'icône,,Simge Göster,Mostrar ícone,Mostrar Ícone,Mostrar icono
Show if you are in combat or not.,"Показывает, находитесь ли вы в бою.","Покажіть, берете участь у бою чи ні.","Pokaż, czy jesteś w stanie walki, czy nie.",Покажете дали сте в битка или не.,"Паказвае, знаходзішся ты ў баі ці не.",戦闘中かどうかを表示します。,현재 전투 중 여부를 보여줍니다.,显示你是否处于战斗中,Indique si vous êtes en combat ou non.,,Çatışma olup olmadığınızı gösterir.,Mostre se você está em combate ou não.,Mostre se você está em combate ou não.,Muestra si estás en combate o no.
Show level text on V2 enemy healthbars.,Показывать уровень около полосок здоровья v2,Показувати текст рівня на панелях здоров'я ворога V2.,Pokaż tekst poziomu na paskach zdrowia wroga V2.,Показване на текст на нивото на V2 лентите за здраве на врага.,Паказвае тэкст узроўню на HP-барах ворагаў V2.,V2 の敵のヘルスバーにレベル テキストを表示します。,V2 적 체력바 옆에 레벨 수치를 표시합니다.,在 V2 敌人生命条上显示等级文本。,Affiche le niveau sur les barres de vie ennemies V2.,,V2 düşman can çubuklarında seviye metnini göster.,Mostrar texto de nível nas barras de saúde inimigas V2.,Mostrar texto de nível nas barras de saúde inimigas V2.,Muestra texto de nivel en las barras de salud enemigas V2.
Show Memory,Показать память,Показати пам'ять,Pokaż Pamięć,Показване на паметта,Паказаць памяць,メモリの表示,메모리 사용량 보이기,显示内存,Afficher la mémoire,,Hafızayı Göster,Mostrar memória,Mostrar Memória,Mostrar memoria
"Show negative modifiers (slow, antiheal, fire rate reduction...) next to the crosshair.","Показывает отрицательные модификаторы (замедление, антихил, снижение скорострельности...) рядом с прицелом.","Показувати негативні модифікатори (сповільнення, антилікування, зниження швидкострільності...) біля прицілу.","Pokaż negatywne modyfikatory (spowolnienie, antyleczenie, redukcja szybkostrzelności...) obok celownika.","Показва отрицателните модификатори (забавяне, антилекуване, намалена скорострелност...) до мерника.","Паказвае адмоўныя мадыфікатары (запаволенне, антыхіл, зніжэнне скарастрэльнасці...) каля прыцэла.",マイナスの修正効果 (スロウ、回復阻害、発射速度低下...) をクロスヘアの横に表示します。,"조준선 옆에 해로운 효과(둔화, 치유 감소, 연사속도 감소 등....)를 표시합니다.",在十字线旁显示负面修正（减速、反治疗、射速降低……）。,"Affiche les modificateurs négatifs (ralentissement, antisoin, réduction de cadence de tir...) à côté du réticule.",,"Negatif durum etkilerini (yavaşlatma, anti-heal, ateş hızı düşüşü vb.) nişangâh yanında göster.","Mostra os modificadores negativos (lentidão, anticura, redução da cadência de tiro...) junto à mira.","Mostra modificadores negativos (lentidao, anticura, reducao de cadencia de tiro...) ao lado da mira.","Muestra los modificadores negativos (ralentizacion, anticuracion, reduccion de cadencia de fuego...) junto a la mira."
Show Overlay,Показать оверлей,Показати оверлей,Pokaż Nakładkę,Показване на овърлей,Паказаць налажэнне,オーバーレイを表示,오버레이 표시,显示覆盖层,Afficher l'overlay,,Üst Katman Olarak Göster,Mostrar sobreposição,Mostrar sobreposicao,Mostrar superposicion
Show Player Ranks,Показать ранги игроков,Показати ранги гравців,Pokaż Rangi Graczy,Показване на ранговете на играчите,Паказаць рангі гульцоў,プレイヤーのランクを表示,플레이어 랭크 표시,显示玩家段位,Afficher les rangs des joueurs,,Oyuncu Rütbelerini Göster,Mostrar classificações dos jogadores,Mostrar ranks dos jogadores,Mostrar rangos de jugadores
Show player ultimate indicators on V1 healthbars.,Показывает индикаторы ульты игроков на полосах здоровья V1.,Показувати найкращі індикатори гравців на панелях стану V1.,Pokaż wskaźniki superumiejętności gracza na paskach zdrowia V1.,Показвайте най-добрите индикатори на играча на ленти за здраве V1.,Паказвае індыкатары ультымейту гульца на V1 HP-барах.,V1 ヘルスバーにプレーヤーの究極のインジケーターを表示します。,V1 체력바 옆에 궁극기 여부를 표시합니다.,在 V1 血条上显示玩家大招指示器,Afficher les indicateurs d'ultimes du perso sur les barres de santé V1.,,Oyuncuların ulti göstergelerini V1 can çubuklarında göster.,Mostre os indicadores finais do jogador nas barras de saúde V1.,Mostre os indicadores de suprema do jogador nas barras de saúde V1.,Muestra los indicadores finales del jugador en las barras de salud V1.
Show Position,Показать позицию,Показати позицію,Pokaż Pozycję,Показване на позиция,Паказаць пазіцыю,位置を表示,위치 보이기,显示位置,Afficher la position,,Pozisyonu göster,Mostrar posição,Mostrar Posição,Mostrar posición
"Show positive modifiers (resistances, fire rate, lifesteal...) next to the crosshair.","Показывает положительные модификаторы (сопротивления, скорострельность, вампиризм...) рядом с прицелом.","Показувати позитивні модифікатори (опори, швидкострільність, вампіризм...) біля прицілу.","Pokaż pozytywne modyfikatory (odporności, szybkostrzelność, kradzież życia...) obok celownika.","Показва положителните модификатори (съпротиви, скорострелност, вампиризъм...) до мерника.","Паказвае станоўчыя мадыфікатары (супраціўленні, скарастрэльнасць, вампірызм...) каля прыцэла.",プラスの修正効果 (耐性、発射速度、ライフスティール...) をクロスヘアの横に表示します。,"조준선 옆에 이로운 효과(저항, 연사 속도, 흡혈...)를 표시합니다.",在十字线旁显示正面修正（抗性、射速、吸血……）。,"Affiche les modificateurs positifs (résistances, cadence de tir, vol de vie...) à côté du réticule.",,"Pozitif durum etkilerini (dirençler, ateş hızı, can çalma vb.) nişangâh yanında göster.","Mostra os modificadores positivos (resistências, cadência de tiro, roubo de vida...) junto à mira.","Mostra modificadores positivos (resistencias, cadencia de tiro, roubo de vida...) ao lado da mira.","Muestra los modificadores positivos (resistencias, cadencia de fuego, robo de vida...) junto a la mira."
Show purchase notifications under each hero's portrait instead of in the center.,Показывает уведомления о покупках под портретом каждого героя вместо центра.,Показувати сповіщення про покупки під портретом кожного героя замість центру.,Pokaż powiadomienia o zakupach pod portretem każdego bohatera zamiast na środku.,Показва известията за покупка под портрета на всеки герой вместо в центъра.,Паказвае апавяшчэнні аб куплі пад партрэтам кожнага героя замест цэнтра.,購入通知を中央ではなく各ヒーローのポートレートの下に表示します。,아이템 구매 알림을 중앙이 아닌 각 영웅 초상화 밑에 표시합니다.,在每位英雄头像下方而非中央显示购买通知。,Affiche les notifications d'achat sous le portrait de chaque héros plutôt qu'au centre.,,Satın alma bildirimlerini ekranın ortası yerine her kahramanın portresinin altında göster.,Mostra as notificações de compra sob o retrato de cada herói em vez de no centro.,Mostra as notificacoes de compra sob o retrato de cada heroi em vez de no centro.,Muestra las notificaciones de compra debajo del retrato de cada heroe en lugar de en el centro.
Show rank prediction badges on top bar and escape menu player list.,Показывает значки прогноза ранга на верхней панели и в списке игроков меню ESC.,Показувати значки прогнозу рангу у верхній панелі та у списку гравців меню ESC.,Pokaż odznaki przewidywanej rangi na górnym pasku oraz na liście graczy w menu Escape.,Показва значки за прогноза на ранга в горната лента и в списъка с играчи в менюто escape.,Паказвае значкі прагнозу рангу на верхняй панэлі і ў спісе гульцоў меню ESC.,トップバーとエスケープメニューのプレイヤーリストにランク予測バッジを表示します。,각 플레이어의 예상 랭크를 상단 바와 ESC 메뉴 플레이어 명단 옆에 표시합니다.,在顶栏和退出菜单的玩家列表上显示段位预测徽章。,Affiche les badges de prédiction de rang dans la barre supérieure et la liste des joueurs du menu échap.,,Üst çubukta ve çıkış menüsündeki oyuncu listesinde rütbe tahmini rozetlerini göster.,Mostra emblemas de previsão de classificação na barra superior e na lista de jogadores do menu de escape.,Mostra emblemas de previsao de rank na barra superior e na lista de jogadores do menu de pausa.,Muestra insignias de prediccion de rango en la barra superior y en la lista de jugadores del menu de escape.
Show rank prediction badges on top bar player panels (requires Show Player Ranks).,Показывает значки прогноза ранга на панелях игроков верхней панели (требуется «Показать ранги игроков»).,Показувати значки прогнозу рангу на панелях гравців у верхній панелі (потрібно Показати ранги гравців).,Pokaż odznaki przewidywanej rangi na panelach graczy na górnym pasku (wymaga Pokaż Rangi Graczy).,Показва значки за прогноза на ранга в панелите на играчите в горната лента (requires Show Player Ranks).,Паказвае значкі прагнозу рангу на панэлях гульцоў верхняй панэлі (патрабуе «Паказаць рангі гульцоў»).,トップバーのプレイヤーパネルにランク予測バッジを表示します (プレイヤーのランクを表示が必要)。,각 플레이어의 예상 랭크를 상단 바 플레이어 초상화에 배치합니다. (플레이어 랭크 표시 옵션 활성화 필요),在顶栏玩家面板上显示段位预测徽章（需要“显示玩家段位”）。,Affiche les badges de prédiction de rang sur les panneaux des joueurs de la barre supérieure (nécessite Afficher les rangs des joueurs).,,"Üst çubuktaki oyuncu panellerinde rütbe tahmini rozetlerini gösterir (""Oyuncu Rütbelerini Göster"" ayarının etkin olmasını gerektirir).",Mostra emblemas de previsão de classificação nos painéis de jogadores da barra superior (requer Mostrar classificações dos jogadores).,Mostra emblemas de previsao de rank nos paineis de jogadores da barra superior (requer Mostrar ranks dos jogadores).,Muestra insignias de prediccion de rango en los paneles de jugadores de la barra superior (requiere Mostrar rangos de jugadores).
Show Speed,Показывать скорость,Показати швидкість,Pokaż Prędkość,Показване на скоростта,Паказаць хуткасць,速度を表示,속도 보이기,显示速度,Afficher la vitesse,,Hızı Göster,Mostrar velocidade,Mostrar Velocidade,Mostrar velocidad
Show standalone movement speed.,Показывает отдельную скорость передвижения.,Показувати окрему швидкість руху.,Pokaż osobną prędkość ruchu.,Показва самостоятелна скорост на движение.,Паказвае асобную хуткасць перамяшчэння.,移動速度を単独で表示します。,자체 제작 이동 속도 표시기를 표시합니다.,单独显示移动速度。,Affiche la vitesse de déplacement de manière autonome.,,Bağımsız hareket hızını göster.,Mostra a velocidade de movimento autónoma.,Mostra a velocidade de movimento de forma independente.,Muestra la velocidad de movimiento por separado.
Show Support,Поддержать разработчика,Показати підтримку,Pokaż Wsparcie,Показване на поддръжка,Паказаць падтрымку,サポートを表示する,후원 보이기,显示支持,Afficher l'assistance,,Destek Göster,Mostrar suporte,Mostrar Suporte,Mostrar soporte
Show Testing Tools,Показывать инструменты,Показати інструменти тестування,Pokaż Narzędzia Testowe,Показване на инструменти за тестване,Паказаць інструменты тэставання,テストツールを表示する,테스트 도구 보이기,显示测试工具,Afficher les outils de test,,Test Araçlarını Göster,Mostrar ferramentas de teste,Mostrar Ferramentas de Teste,Mostrar herramientas de prueba
Show Text,Показать текст,Показати текст,Pokaż Tekst,Показване на текст,Паказаць тэкст,テキストを表示,글자 보이기,显示文字,Afficher le texte,,Metni Göster,Mostrar texto,Mostrar Texto,Mostrar texto
Show the estimated time for unsecured souls to dissapear.,Показывает примерное время до исчезновения ненадёжных душ.,Покажіть приблизний час для зникнення незахищених душ.,"Pokaż szacowany czas, po którym niezabezpieczone dusze zostaną zabezpieczone.",Покажете очакваното време за изчезване на незащитените души.,Паказвае прыблізны час да знікнення незабяспечаных душ.,安全を確保されていない魂が消滅するまでの推定時間を表示します。,미확보 영혼이 전부 확보되는 예상 시간을 표시합니다.,显示未稳获魂魄预计消失的时间,Affiche le temps estimé avant la disparition des âmes non sécurisées.,,Korunmasız ruhların bitmesine kalan tahmini süreti gösterir.,Mostre o tempo estimado para que as almas inseguras desapareçam.,Mostrar tempo estimado para que as almas inseguras desapareçam.,Muestra el tiempo estimado para que desaparezcan las almas inseguras.
Show the in-game chat panel.,Показывает игровой чат.,Показати панель чату в грі.,Pokaż panel czatu w grze.,Показване на панела за чат в играта.,Паказвае панэль чата ў гульні.,ゲーム内のチャットパネルを表示します。,인게임 채팅 패널을 표시합니다.,显示游戏内聊天面板。,Affiche le panneau de chat en jeu.,,Oyun içi sohbet panelini göster.,Mostre o painel de bate-papo do jogo.,Mostrar o painel de bate-papo do jogo.,Muestra el panel de chat del juego.
Show the performance overlay HUD in-game.,Показывает оверлей производительности в игре.,Показувати HUD оверлею продуктивності у грі.,Pokaż nakładkę HUD wydajności w grze.,Показва HUD овърлея за производителност в играта.,Паказвае HUD налажэння прадукцыйнасці ў гульні.,ゲーム内にパフォーマンスオーバーレイ HUD を表示します。,인게임 HUD에 성능 오버레이를 표시합니다.,在游戏中显示性能覆盖层 HUD。,Affiche le HUD de l'overlay de performances en jeu.,,Oyun içi performans HUD göstergesini göster.,Mostra o HUD de sobreposição de desempenho no jogo.,Mostra o HUD de sobreposicao de desempenho no jogo.,Muestra el HUD de superposicion de rendimiento en el juego.
Show the ultimate indicator for V1 healthbars.,Показывает индикатор ульты для V1-полосок здоровья.,Показати кінцевий індикатор для панелей здоров’я V1.,Pokaż wkaźnik superumiejętności na paskach zdrowia V1.,Показване на крайния индикатор за V1 ленти за здраве.,Паказвае індыкатар ультымейту на V1 HP-барах.,V1 ヘルスバーの究極のインジケーターを表示します。,V1 체력바에 궁극기 여부를 표시합니다.,为 V1 血条显示大招指示器,Affiche l'indicateur d'ultime pour les barres de vie V1,,V1 can çubuklarında ulti göstergesini gösterir.,Mostre o indicador final para barras de saúde V1.,Mostrar o indicador de suprema para barras de saúde V1.,Muestra el indicador definitivo para las barras de salud V1.
Show the underground tunnel overlay while Alt Zoom is active.,"Покажите наложение подземного туннеля, пока активен Alt Zoom.","Показати накладення підземного тунелю, коли активовано Alt Zoom.","Pokaż nakładkę podziemnych tunelów, gdy przybliżenie pod Alt jest aktywne.","Покажете наслагването на подземния тунел, докато Alt Zoom е активно.",Паказвае налажэнне падземных тунэляў пры актыўным Alt Zoom.,Alt Zoom がアクティブなときに、地下トンネルのオーバーレイを表示します。,Alt 확대 중에 지하 터널 오버레이를 표시합니다.,当 Alt Zoom 处于活动状态时显示地下隧道叠加层。,Afficher la superposition du tunnel souterrain pendant que Alt Zoom est actif.,,Alt Tuşuyla Yakınlaştırma etkinken yer altı tüneli göstergesini göster.,Mostre a sobreposição do túnel subterrâneo enquanto o Alt Zoom está ativo.,Mostrar a sobreposição dos túneis subterrâneos enquanto Alt Zoom está ativo.,Muestra la superposición del túnel subterráneo mientras Alt Zoom está activo.
Show the underground tunnel overlay while Tab Zoom is active.,"Покажите наложение подземного туннеля, пока активна Tab Zoom.","Показати накладення підземного тунелю, коли активовано масштабування вкладки.","Pokaż nakładkę podziemnych tunelów, gdy przybliżenie pod Tab jest aktywne.","Показване на наслагването на подземния тунел, докато Tab Zoom е активно.",Паказвае налажэнне падземных тунэляў пры актыўным Tab Zoom.,タブ ズームがアクティブな間、地下トンネルのオーバーレイを表示します。,Tab 확대 중에 지하 터널 오버레이를 표시합니다.,当选项卡缩放处于活动状态时显示地下隧道叠加层。,Afficher la superposition du tunnel souterrain lorsque l'onglet Zoom est actif.,,Tab Tuşuyla Yakınlaştırma etkinken yer altı tüneli göstergesini göster.,Mostre a sobreposição do túnel subterrâneo enquanto o Tab Zoom está ativo.,Mostrar a sobreposição do túneis subterrâneos enquanto o Tab Zoom está ativo.,Muestra la superposición del túnel subterráneo mientras Tab Zoom está activo.
Show the UnitInfo panel on V2 enemy healthbars.,Показывать панель UnitInfo с полосками здоровья v2,Показати панель UnitInfo на панелях стану ворога V2.,Pokaż panel UnitInfo na paskach zdrowia wrogów V2.,Покажете панела UnitInfo на V2 лентите за здраве на врага.,Паказвае панэль UnitInfo на V2 HP-барах ворагаў.,V2 の敵のヘルスバーに UnitInfo パネルを表示します。,V2 적 체력바에 유닛 정보 패널을 표시합니다.,在 V2 敌人生命条上显示单位信息面板。,Affiche le panneau UnitInfo sur les barres de vie ennemies V2.,,V2 düşman can çubuklarında UnitInfo panelini gösterir.,Mostre o painel UnitInfo nas barras de saúde inimigas V2.,Mostre o painel UnitInfo nas barras de saúde inimigas V2.,Muestra el panel UnitInfo en las barras de salud enemigas V2.
Show Tick,Показать тики,Показати Tick,Pokaż Tick,Показване на Tick,Паказаць тык,ティックを表示,틱 표시,显示Tick,Afficher les ticks,,Tick'i Göster,Mostrar marca,Mostrar Tick,Mostrar garrapata
Show Title,Показать заголовок,Показати назву,Pokaż Tytuł,Покажи заглавие,Паказаць загаловак,タイトルを表示,빌드 이름 표시,显示标题,Afficher le titre,,İsmi Göster,Mostrar título,Mostrar Título,Mostrar título
Showing:,Показаны:,Показано:,Pokazane:,Показани са:,Паказваецца:,表示中:,표시 중:,显示：,Montrant :,,Gösteriliyor:,Mostrando:,Mostrando:,Demostración:
Shown Items,Фильтр предметов,Показані предмети,Pokazane Przedmioty,Показани елементи,Адлюстраваныя прадметы,展示品,표시된 항목,显示的项目,Items visible,,Gösterilen Eşyalar,Itens mostrados,Itens mostrados,Items mostrados
Shows a countdown timer in the top bar for the next urn spawn or relocation.,Показывает на верхней панели таймер до следующего появления или перемещения урны.,Показує таймер зворотного відліку у верхній панелі до наступної появи або переміщення урни.,Pokazuje na górnym pasku timer odliczający do następnego pojawienia się lub przeniesienia urny.,Показва таймер за обратно броене в горната лента за следващото появяване или преместване на урната.,Паказвае зваротны адлік у верхняй панэлі да наступнага адраджэння або перамяшчэння урны.,次の壺の出現または移動までのカウントダウンタイマーをトップバーに表示します。,상단 바에 다음 단지의 생성 또는 이동 카운트다운을 표시합니다.,在顶栏显示下一次瓮生成或转移的倒计时定时器。,Affiche un compte à rebours dans la barre supérieure pour la prochaine apparition ou relocalisation de l'urne.,,Bir sonraki urn doğuşu veya yer değiştirmesi için üst çubukta geri sayım sayacı gösterir.,Mostra um temporizador de contagem decrescente na barra superior para o próximo surgimento ou realocação da urna.,Mostra um temporizador de contagem regressiva na barra superior para o proximo surgimento ou realocacao da urna.,Muestra un temporizador de cuenta regresiva en la barra superior para la siguiente aparicion o reubicacion de la urna.
Shows a visual indicator in the minimap of when Bridge Buffs will spawn.,"Показывает индикатор на миникарте, когда появятся руны.","Показує візуальний індикатор на міні-карті того, коли з’являться Bridge Buffs.","Pokazuje wizualny wskaźnik na minimapie, kiedy pojawią się Wzmocnienia Mostowe.",Показва визуален индикатор в миникартата кога ще се появят Bridge Buffs.,"Паказвае візуальны індыкатар на міні-карце, калі адродзяцца Руны.",ミニマップにブリッジバフがいつ出現するかを示す視覚的なインジケーターを表示します。,미니맵에 다리 버프가 생성될 시간을 시각적으로 표시합니다.,在小地图中显示桥梁 Buff 即将生成的视觉提示,Affiche un indicateur visuel sur la mini-carte pour l'apparition des Bridge Buff,,Bridge Buff'ların ne zaman ortaya çıkacağını haritada gösterir.,Mostra um indicador visual no minimapa de quando os Bridge Buffs irão aparecer.,Mostra um indicador visual no minimapa de quando os Buffs das pontes irão aparecer.,Muestra un indicador visual en el minimapa de cuándo se generarán Bridge Buffs.
Shows a visual indicator in the minimap of when Mid Boss will spawn.,"Показывает индикатор на миникарте, когда появится мид-босс.","Показує візуальний індикатор на міні-карті того, коли з’явиться середній бос.","Pokazuje wizualny wskaźnik na minimapie, kiedy pojawi się Mid Boss.",Показва визуален индикатор в миникартата кога ще се появи Mid Boss.,"Паказвае візуальны індыкатар на міні-карце, калі адродзіцца мід бос.",ミニマップに中ボスがいつスポーンするかを示す視覚的なインジケーターを表示します。,미니맵에 중앙 보스가 생성될 시각을 시각적으로 표시합니다.,在小地图中显示 Mid Boss 即将生成的视觉提示,Affiche un indicateur visuel sur la mini-carte pour l'apparition du Mid Boss,,Mid Boss'un ne zaman ortaya çıkacağını haritada gösterir.,Mostra um indicador visual no minimapa de quando Mid Boss irá aparecer.,Mostra um indicador visual no minimapa de quando Mid Boss irá aparecer.,Muestra un indicador visual en el minimapa de cuándo aparecerá Mid Boss.
Shows a visual indicator in the top bar of the percentage difference of souls between teams.,Показывает на верхней панели процентную разницу душ между командами.,Показує візуальний індикатор у верхній панелі відсоткової різниці душ між командами.,Pokazuje wizualny wskaźnik na górnym pasku procentowej różnicy dusz pomiędzy drużynami.,Показва визуален индикатор в горната лента за процентната разлика в душите между отборите.,Паказвае візуальны індыкатар у верхняй панэлі працэнтнай розніцы душ паміж камандамі.,チーム間のソウルの差のパーセンテージを示す視覚的なインジケーターが上部のバーに表示されます。,상단 바에 각 팀의 영혼 총수입의 격차를 표시합니다.,在顶栏显示两队魂魄差距百分比的视觉提示,Affiche un indicateur visuel dans la barre supérieure pour la différence en pourcentage d'âmes entre les équipes.,,Takımlar arasındaki ruh farkının yüzdesini üst çubukta görsel bir gösterge olarak gösterir.,Mostra um indicador visual na barra superior da diferença percentual de almas entre as equipes.,Mostra um indicador visual na barra superior sobre a diferença percentual de almas entre as equipes.,Muestra un indicador visual en la barra superior de la diferencia porcentual de almas entre equipos.
Shows a visual indicator in the top bar of when Bridge Buffs will spawn.,"Показывает индикатор на верхней панели, когда появятся руны.","Показує візуальний індикатор у верхній панелі, коли з’являться Bridge Buffs.","Pokazuje wizualny wskaźnik na górnym pasku, kiedy pojawią się Wzmocnienia Mostowe.",Показва визуален индикатор в горната лента кога ще се появят Bridge Buffs.,"Паказвае візуальны індыкатар у верхняй панэлі, калі адродзяцца Руны.",ブリッジバフがいつスポーンされるかを上部バーに視覚的なインジケーターで表示します。,상단 바에 다리 버프가 언제 생성되는지 표시합니다.,在顶栏显示桥梁 Buff 即将生成的视觉提示,Affiche un indicateur visuel dans la barre supérieure pour l'apparition des Bridge Buff,,Köprü Buff’larının ne zaman doğacağını üst çubukta görsel bir gösterge olarak gösterir.,Mostra um indicador visual na barra superior de quando os Bridge Buffs irão aparecer.,Mostra um indicador visual na barra superior de quando os Buffs das Pontes irão aparecer.,Muestra un indicador visual en la barra superior de cuándo se generarán Bridge Buffs.
Shows a visual indicator in the top bar of when Mid Boss will spawn.,"Показывает индикатор на верхней панели, когда появится мид-босс.","Показує візуальний індикатор у верхній панелі того, коли з’явиться середній бос.","Pokazuje wizualny wskaźnik na górnym pasku, kiedy pojawi się Mid Boss.",Показва визуален индикатор в горната лента кога ще се появи Mid Boss.,"Паказвае візуальны індыкатар у верхняй панэлі, калі адродзіцца мід бос.",中ボスがいつスポーンするかを上部バーに視覚的なインジケーターで表示します。,상단 바에 중앙 보스가 언제 생성되는지 표시합니다.,在顶栏显示 Mid Boss 即将生成的视觉提示,Affiche un indicateur visuel dans la barre supérieure pour l'apparition du Mid Boss,,Mid Boss’un ne zaman doğacağını üst çubukta görsel bir gösterge olarak gösterir.,Mostra um indicador visual na barra superior de quando Mid Boss irá aparecer.,Mostra um indicador visual na barra superior de quando Mid Boss irá aparecer.,Muestra un indicador visual en la barra superior de cuándo aparecerá Mid Boss.
Shows all of your keybinds.,Показывает все ваши бинды.,Показує всі ваші сполучення клавіш.,Pokazuje wszystkie skróty klawiszowe.,Показва всичките ви връзки на клавишите.,Паказвае ўсе твае кейбайнды.,すべてのキーバインドを表示します。,현재 키 설정을 전부 보여줍니다.,显示你的所有按键绑定,Affiche tous les raccourcis clavier.,,Tüm tuş atamalarınızı gösterir.,Mostra todos os seus atalhos de teclado.,Mostra todos as suas teclas.,Muestra todas sus combinaciones de teclas.
Shows all of your player stats within the shop menu.,Показывает все ваши характеристики игрока в меню магазина.,Показує всю статистику ваших гравців у меню магазину.,Pokazuje wszystkie statystyki gracza w menu sklepu.,Показва всичките ви статистики на играчите в менюто на магазина.,Паказвае ўсе паказчыкі гульца ў меню магазіна.,ショップメニュー内にプレイヤーの統計情報をすべて表示します。,상점 메뉴에서 현재 플레이어의 모든 능력치 정보를 보여줍니다.,在商店菜单中显示你的所有角色属性,Affiche toutes les statistiques du joueur dans le menu de la boutique.,,Mağaza menüsünde tüm oyuncu istatistiklerinizi gösterir.,Mostra todas as estatísticas do seu jogador no menu da loja.,Mostra todas as suas estatísticas de jogador no menu da loja.,Muestra todas las estadísticas de tu jugador dentro del menú de la tienda.
"Shows current frame count, mostly useless.","Показывает текущий номер кадра, в основном бесполезно.","Показує поточну кількість кадрів, здебільшого марно.","Pokazuje aktualną liczbę klatek, w większości bezużyteczne.","Показва текущия брой кадри, предимно безполезен.","Паказвае бягучы лічыльнік фрэймаў, у асноўным бескарысна.",現在のフレーム数を表示しますが、ほとんど役に立ちません。,현재 초당 프레임 수를 표시합니다. 거의 쓸모가 없습니다.,显示当前帧数（基本没用）,Affiche le nombre actuel de frames (pas utile),,Anlık kare sayısını gösterir. Genellikle gereksiz.,"Mostra a contagem de quadros atual, quase sempre inútil.","Mostra a contagem de quadros atual, quase sempre inútil.","Muestra el recuento de fotogramas actual, en su mayoría inútiles."
Shows item buy notifications from recent purchases.,Показывает уведомления о недавних покупках.,Показує сповіщення про останні покупки.,Pokazuje powiadomienia o przedmiotach zakupionych niedawno.,Показва известия за покупка на артикул от скорошни покупки.,Паказвае апавяшчэнні аб пакупках для апошніх прадметаў.,最近の購入からのアイテム購入通知を表示します。,최근 구매한 아이템에서 아이템 구매 알림을 표시합니다.,显示最近购买的商品购买通知。,Affiche les notifications d'achat d'articles provenant d'achats récents.,,Son satın alımlardan eşya satın alma bildirimlerini gösterir.,Mostra notificações de compra de artigos de compras recentes.,Mostra notificações das compras de itens recentes.,Muestra notificaciones de compra de artículos de compras recientes.
Shows item cooldowns near crosshair for easier readability.,Показывает кулдауны предметов рядом с прицелом для удобства.,Показує час відновлення предметів біля перехрестя для легшого читання.,"Pokazuje cooldowny itemów w pobliżu celownika, dla łatwiejszej czytelności.",Показва времето за охлаждане на артикула близо до мерника за по-лесна четливост.,Паказвае кулдауны прадметаў каля крыжыка для зручнасці чытання.,読みやすくするために十字線の近くにアイテムのクールダウンを表示します。,조준선 근처에 아이템 쿨다운을 표시해 시인성을 개선합니다.,在准星附近显示物品冷却，便于阅读,Affiche les temps de recharge des objets près du réticule pour une meilleure lisibilité.,,"Eşya bekleme sürelerini (cooldown) nişangâhın yanında, daha kolay okunacak şekilde gösterir.",Mostra o tempo de espera dos itens perto da mira para facilitar a leitura.,Mostra o tempo de espera dos itens perto do retículo para facilitar a leitura.,Muestra los tiempos de reutilización de los elementos cerca del punto de mira para facilitar la lectura.
Shows Midtown crate markers in the minimap.,Показывает маркеры ящиков Мидтауна на мини-карте.,Показує маркери ящиків Midtown на міні-карті.,Pokazuje znaczniki skrzyń w Midtown na minimapie.,Показва маркери за сандъци на Midtown в миникартата.,Паказвае маркеры скрынь Мідтауна на міні-карце.,ミニマップにミッドタウンの木箱マーカーを表示します。,미니맵에 지도 전체에 생성된 상자 위치를 표시합니다.,在小地图中显示市中心的板条箱标记。,Affiche les marqueurs de caisse Midtown sur la mini-carte.,,Mini haritada orta bölgedeki kutu işaretleri gösterilir.,Mostra marcadores de caixas no centro da cidade no minimapa.,Mostra marcadores de caixa da cidade no minimapa.,Muestra marcadores de cajas de Midtown en el minimapa.
Shows nicknames of all players in the game within the top bar.,Показывает никнеймы всех игроков на верхней панели.,Показує псевдоніми всіх гравців у грі у верхній панелі.,Pokazuje pseudonimy wszystkich graczy w grze na górnym pasku.,Показва псевдоними на всички играчи в играта в горната лента.,Паказвае нікнеймы ўсіх гульцоў у гульні ў верхняй панэлі.,ゲーム内のすべてのプレイヤーのニックネームが上部のバーに表示されます。,상단 바에 각 플레이어의 닉네임을 표시합니다.,在顶栏显示本局所有玩家的昵称,Affiche les pseudos de tous les joueurs dans la barre supérieure.,,Oyundaki tüm oyuncuların kullanıcı adlarını üst çubukta gösterir.,Mostra os apelidos de todos os jogadores do jogo na barra superior.,Mostra os apelidos de todos os jogadores na partida na barra superior.,Muestra apodos de todos los jugadores del juego en la barra superior.
Shows raw FPS count.,Показывает текущий FPS.,Показує необроблену кількість FPS.,Pokazuje liczbę klatek na sekunde (FPS),Показва необработен брой FPS.,Паказвае дакладны лічыльнік FPS.,生の FPS カウントを表示します。,순수 초당 프레임 수치를 표시합니다.,显示原始 FPS 数值,Affiche le nombre brut de FPS.,,Ham FPS sayısını gösterir.,Mostra a contagem bruta de FPS.,Mostra a contagem bruta de FPS.,Muestra el recuento de FPS sin procesar.
"Shows real time tick information, mostly useless.","Показывает информацию о тиках в реальном времени, в основном бесполезно.","Показує інформацію про тики в реальному часі, здебільшого марну.","Pokazuje informacje o tickach w czasie rzeczywistym, w większości bezużyteczne.","Показва информация в реално време, предимно безполезна.","Паказвае інфармацыю аб тыках у рэальным часе, у асноўным бескарысна.",リアルタイムのティック情報を表示しますが、ほとんど役に立ちません。,현재 틱레이트 정보를 표시합니다. 거의 쓸모가 없습니다.,显示实时 tick 信息（基本没用）,"Affiche les informations de tick en temps réel, globalement peu utile.",,Gerçek zamanlı tick bilgisini gösterir. Genellikle gereksiz.,"Mostra informações de ticks em tempo real, em sua maioria inúteis.","Mostra informações de ticks em tempo real, em sua maioria inúteis.","Muestra información de ticks en tiempo real, en su mayoría inútil."
Shows relative elevation difference between you and players.,Показывает относительную разницу высот между вами и игроками.,Показує відносну різницю у висоті між вами та гравцями.,Pokazuje względną różnicę wysokości między tobą a graczami.,Показва относителна разлика в надморската височина между вас и играчите.,Паказвае адносную розніцу вышыні паміж табой і гульцамі.,あなたとプレイヤーの間の相対的な標高差を示します。,자신과 다른 플레이어의 고도 차이를 표시합니다.,显示您和玩家之间的相对海拔差异。,Affiche la différence d'altitude relative entre vous et les joueurs.,,Sizinle diğer oyuncular arasındaki göreceli yükseklik farkını gösterir.,Mostra a diferença de elevação relativa entre si e os jogadores.,Mostra a diferença de elevação relativa entre você e os jogadores.,Muestra la diferencia de elevación relativa entre usted y los jugadores.
Shows the angle degrees and ticks.,Показывает градусы угла и тики.,Показує градуси кута та галочки.,Pokazuje stopnie i podziałkę na kompasie.,Показва градусите на ъгъла и отметките.,Паказвае градусы вугла і тыкі.,角度と目盛りを表示します。,각도와 틱을 표시합니다.,显示角度和刻度。,Affiche les degrés d'angle et les graduations.,,Açı derecelerini ve tick değerlerini gösterir.,Mostra os graus e as marcações do ângulo.,Mostra os graus e marcações do ângulo.,Muestra los grados y ticks del ángulo.
Shows the individual player souls per minute on scoreboard and the team in the top bar.,Показывает души в минуту для игроков на табло и для команды на верхней панели.,Показує кількість душ гравців за хвилину на табло та команду у верхній панелі.,Pokazuje liczbę dusz na minutę poszczególnych graczy oraz drużyny na tablicy wyników na górnym pasku.,Показва индивидуалните души на играчите в минута на таблото и отбора в горната лента.,Паказвае індывідуальныя душы гульца за хвіліну на табліцы вынікаў і каманду ў верхняй панэлі.,個々のプレーヤーの 1 分あたりのソウル数がスコアボードに表示され、チームが上部のバーに表示されます。,점수표와 상단 바에 각 플레이어의 분당 영혼 수치를 표시합니다.,在计分板显示每位玩家的每分钟魂魄数，并在顶栏显示团队数据,Affiche les âmes par minute de chaque joueur dans le tableau des scores et l'équipe dans la barre supérieure.,,"Skor tablosunda oyuncuların dakika başına ruh değerlerini, üst çubukta ise takımınkini gösterir.",Mostra as almas individuais dos jogadores por minuto no placar e o time na barra superior.,Mostra as almas individuais dos jogadores por minuto no placar e o time na barra superior.,Muestra las almas de los jugadores individuales por minuto en el marcador y el equipo en la barra superior.
Shows the individual player's objective damage in the top bar.,Показывает урон по объектам для каждого игрока на верхней панели.,Показує об’єктивну шкоду окремого гравця у верхній панелі.,Pokazuje obrażenia zadane celom poszczególnych graczy.,Показва обективните щети на отделния играч в горната лента.,Паказвае індывідуальны ўрон па аб'ектах гульца ў верхняй панэлі.,個々のプレイヤーの目標ダメージが上部のバーに表示されます。,상단 바에 각 플레이어가 가한 목표물 피해를 표시합니다.,在顶栏显示每位玩家的目标物伤害,Affiche les dégâts aux objectifs de chaque joueur dans la barre supérieure.,,Üst çubukta oyuncunun bireysel hedef yapı hasarını gösterir.,Mostra o dano objetivo do jogador individual na barra superior.,Mostra o dano em objetivo dos jogadores individualmente na barra superior.,Muestra el daño objetivo del jugador individual en la barra superior.
Shows the individual player's unspent souls in the top bar.,Показывает непотраченные души каждого игрока на верхней панели.,Показує невитрачені душі кожного гравця у верхній панелі.,Pokazuje niewydane dusze danego gracza na górnym pasku.,Показва неизразходваните души на отделния играч в горната лента.,Паказвае індывідуальныя нявыдаткаваныя душы гульца ў верхняй панэлі.,個々のプレイヤーの未使用のソウルが上部のバーに表示されます。,상단 바에 각 플레이어의 미확보 영혼을 표시합니다.,在顶栏显示每位玩家未花费的魂魄数,Affiche les âmes non dépensées de chaque joueur dans la barre supérieure.,,Üst çubukta her oyuncunun harcanmamış ruhlarını gösterir.,Mostra as almas não gastas de cada jogador na barra superior.,Mostra as almas não gastas de cada jogador na barra superior.,Muestra las almas no gastadas de cada jugador en la barra superior.
Shows your build information always for content creators,Всегда показывает информацию о вашей сборке для создателей контента.,Завжди показує інформацію про вашу збірку для творців вмісту,"Zawsze pokazuje informacje o twoim buildzie, przydatne dla twórców",Показва информация за вашата компилация винаги за създателите на съдържание,Заўсёды паказвае інфармацыю аб білдзе для кантэнт-крэйтараў,コンテンツ作成者向けにビルド情報を常に表示します,항상 현재 빌드 정보를 표시합니다. 컨텐츠 제작자에게 추천합니다.,始终为内容创建者显示您的构建信息,Affiche toujours vos informations de construction pour les créateurs de contenu,,İçerik üreticileri için Build bilgisini her zaman gösterir.,Mostra as suas informações de construção sempre aos criadores de conteúdo,Mostra suas informações de build sempre para criadores de conteúdo,Muestra la información de tu compilación siempre para los creadores de contenido.
Shows your character in the shop menu.,Показывает вашего героя в меню магазина.,Показує вашого персонажа в меню магазину.,Pokazuje twoją postać w menu sklepu.,Показва героя ви в менюто на магазина.,Паказвае твайго персанажа ў меню магазіна.,あなたのキャラクターをショップメニューに表示します。,상점 메뉴에서 캐릭터를 표시합니다.,在商店菜单中显示你的角色,Affiche le personnage dans le menu de la boutique.,,Mağaza menüsünde karakterinizi gösterir.,Mostra seu personagem no menu da loja.,Mostra seu personagem no menu da loja.,Muestra tu personaje en el menú de la tienda.
Shrink Distance,Дистанция сжатия,Відстань скорочення,Odległość Zmniejszania się Ikon,Свиване на разстоянието,Адлегласць памяншэння,縮小距離,줄어들기 거리,收缩距离,Distance de rétrécissement,,Küçülme Uzaklığı,Diminuir distância,Diminuir distância,Reducir la distancia
Side,Сторона,Сторона,Strona,Страна,Бок,サイド,측면,侧边,Côté,,Yan Taraf,Lado,Lado,Lado
Significantly improve visibility of target reticle and highlight for execute ranges (Shiv).,Сильно повышает видимость ромба-цели и подсветки порога добивания (Shiv).,Значно покращено видимість прицільної сітки цілі та підсвічування для стрільби (Shiv).,Znacząco popraw widoczność wskaźnika celu dla odległości egzekucji (Shiv).,Значително подобряване на видимостта на целевия прицел и осветяването за обхвати на изпълнение (Shiv).,Значна паляпшае бачнасць прыцэла і падсветкі для дыяпазонаў выкананання (Shiv).,ターゲット レティクルと実行範囲のハイライトの視認性が大幅に向上しました (Shiv)。,대상 지정 표지와 처형(쉬브) 거리를 강조하여 가시성을 대폭 개선합니다.,显著提升目标准星可见性，并高亮处决范围（西弗）,Améliore nettement la visibilité du réticule et la mise en évidence des portées d'exécution.,,Hedef nişangâhın görünürlüğünü ve Shiv için infaz menzili vurgusunu önemli ölçüde artır.,Melhora significativamente a visibilidade do retículo alvo e destaque para intervalos de execução (Shiv).,Melhora significativamente a visibilidade do retículo alvo e destaque para o alcance de execução (Shiv).,Mejore significativamente la visibilidad de la retícula del objetivo y resalte los rangos de ejecución (Shiv).
Silver,Серебряный,Срібний,Srebrny,Сребрист,Срэбны,シルバー,은색,银色,Argent,,Gümüş,Prateado,Prata,Plateado
Simplified Minimap,Упрощенная миникарта,Спрощена мінікарта,Uproszczona Minimapa,Опростена миникарта,Спрошчаная міні-карта,簡略化されたミニマップ,단순한 미니맵,简化的小地图,Mini-carte simplifiée,,Basitleştirilmiş Mini Harita,Minimapa simplificado,Minimapa simplificado,Minimapa simplificado
Simplifies the Compass overlay to its bare elements.,Упрощает оверлей компаса до базовых элементов.,Спрощує накладення компаса до його голих елементів.,Upraszcza nakładkę Kompasu do surowych elementów.,Опростява наслагването на Compass до неговите голи елементи.,Спрашчае налажэнне компаса да яго базавых элементаў.,コンパス オーバーレイを単純化して裸の要素にします。,나침반 오버레이를 단순화하여 최소한의 요소만 남깁니다.,将罗盘叠加层简化到最基本元素,Simplifie l'overlay de la boussole en mettant juste les essentiels,,Pusula arayüzünü en temel öğelerine indirger.,Simplifica a sobreposição da Bússola para seus elementos simples.,Simplifica a sobreposição da Bússola para seus elementos mínimos.,Simplifica la superposición de Compass a sus elementos básicos.
Simplify,Упрощение,Спростити,Uprość,Опростете,Спрасціць,簡素化する,단순화,简化,Simplifier,,Basitleştir,Simplificar,Simplificar,Simplificar
Simplify Ability Icons,Упростить иконки способностей,Спрощення значків здібностей,Uprość Ikony Umiejętności,Опростете иконите за способности,Спрасціць іконкі уменняў,能力アイコンを簡素化する,단순한 능력 아이콘,简化能力图标,Simplifier les icônes de capacité,,Yetenek Simgelerini Basitleştir,Simplifique os ícones de habilidade,Simplifique os ícones de habilidade,Simplificar iconos de habilidades
Simplify Items,Упростить интерфейс предметов,Спрощення предметів,Uprość Przedmioty,Опростете елементите,Спрасціць прадметы,項目を簡素化する,단순한 아이템,简化项目,Simplifier les items,,Eşyaları Basitleştir,Simplifique os itens,Simplifique os itens,Simplificar objetos
Simplify Shop,Упростить магазин,Спрощення магазину,Uprość Sklep,Опростете магазина,Спрасціць магазін,ショップを簡素化する,단순한 상점,简化商店,Simplifier la boutique,,Mağazayı Basitleştir,Simplifique a loja,Simplifique a loja,Tienda simplificada
Size of your current ammo.,Размер текущих патронов.,Розмір ваших поточних боєприпасів.,Rozmiar liczby aktualnej amunicji.,Размер на текущите ви амуниции.,Памер бягучага боезапасу.,現在の弾薬のサイズ。,탄창에 남은 총탄수를 표시합니다.,当前弹药显示的大小,La taille de l'affichage des munitions actuelles.,,Şu anki mermi sayısı.,Tamanho da sua munição atual.,Tamanho da sua munição atual.,Tamaño de tu munición actual.
Size of your total ammo.,Размер общего количества патронов.,Розмір ваших боєприпасів.,Rozmiar liczby całkowitej amunicji.,Размер на общите ви амуниции.,Памер агульнага боезапасу.,総弾薬のサイズ。,탄창의 총 총탄수를 표시합니다.,总弹药显示的大小,La taille de l'affichage des munitions totales.,,Toplam mermi sayısı.,Tamanho da sua munição total.,Tamanho da sua munição total.,Tamaño de tu munición total.
Sky,Небесный,Небесний,Błękitny,Небесен,Нябесны,スカイ,하늘색,天蓝色,Ciel,,Gök Mavisi,Céu,Céu,Cielo
Skyrunner switch sent.,Запрос на смену героя на Skyrunner,Перемикач Skyrunner надіслано.,Przełącznik Skyrunner wysłany.,Превключвателят Skyrunner е изпратен.,Запыт на змену героя на Skyrunner.,Skyrunner スイッチが送信されました。,Skyrunner 전환 요청 보냄.,已发送切换到 Skyrunner 的指令。,Changement de perso Skyrunner,,Skyrunner'a değişim isteği gönderildi.,Interruptor Skyrunner enviado.,Interruptor Skyrunner enviado.,Se envió el interruptor Skyrunner.
Slight adjustments to the HUD for better streaming output.,Небольшие сдвиги HUD для более удобного стрим-вывода.,Незначні коригування HUD для кращого потокового виведення.,Niewielkie poprawki HUD w celu lepszego przesyłania strumieniowego.,Леки корекции на HUD за по-добро поточно предаване.,Невялікія карэктывы HUD для лепшага выхаду трансляцыі.,ストリーミング出力を改善するために、HUD をわずかに調整しました。,스트리밍 출력을 개선하기 위해 HUD를 소폭 조정합니다.,轻微调整 HUD，使直播画面输出更清晰,Légers ajustements du HUD pour un meilleur de streaming.,,Daha iyi yayın çıktısı için HUD’da küçük düzenlemeler.,Pequenos ajustes no HUD para melhor saída de streaming.,Pequenos ajustes no HUD para melhor saída de streaming.,Ligeros ajustes al HUD para una mejor salida de transmisión.
Small Camps + Boxes,Малые лагеря + ящики,Малі табори + Ящики,Małe Potwory + Pudła,Малки лагери + Кутии,Малыя лагеры + Скрыні,小型キャンプ + ボックス,소형 캠프 + 박스,小型营地 + 盒子,Petits camps + Boîtes,,Küçük Kamplar + Kutular,Acampamentos pequenos + Caixas,Acampamentos pequenos + Caixas,Campamentos pequeños + Cajas
Small Numbers,Малые числа,Малі числа,Małe Liczby,Малки числа,Малыя лічбы,小さな数字,작은 수,小数字,Petits nombres,,Küçük Sayılar,Números Pequenos,Números Pequenos,Números pequeños
Snowball or Poster,Снежок или постер,Сніжок або плакат,Śnieżka lub Plakat,Снежна топка или плакат,Сняжок або постэр,スノーボールまたはポスター,눈덩이 또는 포스터,雪球或海报,Boule de neige ou Poster,,Kartopu ya da Poster,Bola de neve ou pôster,Bola de neve ou pôster,Bola de nieve o póster
Souls Per Minute,Души в минуту,Душ за хвилину,Dusze na Minutę,Души в минута,Душы за хвіліну,1分間のソウル数,분당 영혼,每分钟魂魄数,Souls par minute,,Dakika Başına Ruh,Almas por minuto,Almas por minuto,Almas por minuto
Souls Timer,Таймер душ,Таймер душ,Timer Dusz,Таймер за души,Таймер душ,ソウルズタイマー,영혼 타이머,灵魂计时器,Timer âmes,,Ruh Sayacı,Temporizador de almas,Temporizador de almas,Temporizador de almas
Spanish,Испанский,Іспанська,Hiszpański,Испански,Іспанская,スペイン語,스페인어,西班牙语,Espagnol,,İspanyolca,Espanhol,Espanhol,Español
Speed number tracker.,Трекер числового значения скорости.,Трекер швидкості.,Wartość Obecnej Prędkości,Проследяване на номера на скоростта.,Трэкер хуткасці.,スピードナンバートラッカー。,속도 수치를 표시합니다.,速度数值追踪器,Affiche un indicateur numérique de vitesse.,,Hız Sayacı,Rastreador de número de velocidade.,Rastreador de número de velocidade.,Rastreador de números de velocidad.
Spinny Map,Вращающаяся карта,Кругла карта,Kręcąca się Mapa,Въртяща се карта,Круцячаяся карта,スピニーマップ,회전 미니맵,斯宾尼地图,Carte rotative,,Dönen Harita,Mapa giratório,Mapa giratório,Mapa giratorio
Spinny Mode,Режим вращения,Режим Spinny,Tryb Kręcenia,Spinny режим,Рэжым кручэння,スピニーモード,회전 모드,旋转模式,Mode rotatif,,Dönen Harita Modu,Modo giratório,Modo giratório,Modo giratorio
Spirit Lifesteal,Вампиризм от духа,Вампіризм від духу,Kradzież życia ze spirytu,Вампиризъм от дух,Вампірызм ад духу,スピリットライフスティール,마법 흡혈,法术吸血,Vol de vie d'esprit,,Mistik Can Çalma,Roubo de vida de espírito,Roubo de vida de espírito,Robo de vida de espíritu
Spirit Power,Сила духа,Сила духу,Moc spirytu,Сила на духа,Сіла духу,スピリットパワー,마력,法术强度,Puissance d'esprit,,Mistik Güç,Poder de espírito,Poder de espírito,Poder de espíritu
Spirit Power: --,Спиритическая сила: --,Сила духу: --,Moc Spirytualna: --,Сила на духа: --,Спірытычная моц: --,精霊の力: --,마력: --,精神力：——,Pouvoir spirituel : --,,Mistik Güç: --,Poder Espiritual: -,Poder Espiritual: -,Poder espiritual: --
Spirit Resist,Сопротивление духу,Опір духу,Odporność na spiryt,Съпротива срещу дух,Супраціў духу,スピリット耐性,마법 저항,法术抗性,Résistance à l'esprit,,Mistik Direnci,Resistência a espírito,Resistência a espírito,Resistencia a espíritu
Stamina,Выносливость,Витривалість,Stamina,Издръжливост,Вынослівасць,スタミナ,활력,耐力,Endurance,,Stamina,Vigor,Vigor,Aguante
Stand,Stand,Стенд,Pas,Стойка,Стойка,立つ,스탠드,站立,Rester,,Pas,Suporte,Ficar,Pararse
Stat Bonuses,Бонусы к статистике,Статичні бонуси,Bonusy do Statystyk,Стат бонуси,Бонусы паказчыкаў,ステータスボーナス,보너스 능력치,统计奖金,Bonus de statistiques,,İstatistik Bonusları,Bónus de estatísticas,Bônus de estatísticas,Bonos de estadísticas
Statistics,Статистика,Статистика,Wydajność,Статистика,Статыстыка,統計,통계,统计数据,Statistiques,,İstatistikler,Estatísticas,Estatísticas,Estadística
Streak:,Полоса:,серія:,Seria:,Серия:,Серыя:,ストリーク:,연속:,条纹：,Traînée:,,Seri:,Risca:,Sequência:,Racha:
Stretch the compass horizontally.,Растягивает компас по горизонтали.,Розтягніть компас горизонтально.,Rozciągnij kompas w poziomie.,Разтегнете компаса хоризонтално.,Расцягнуць компас гарызантальна.,コンパスを水平に伸ばします。,나침반을 가로로 늘립니다.,水平拉伸罗盘,Étire la boussole horizontalement.,,Pusulayı yatay olarak uzat.,Estique a bússola horizontalmente.,Estique a bússola horizontalmente.,Estire la brújula horizontalmente.
Stretch the compass vertically.,Растягивает компас по вертикали.,Розтягніть компас вертикально.,Rozciągnij kompas w pionie.,Разтегнете компаса вертикално.,Расцягнуць компас вертыкальна.,コンパスを垂直に伸ばします。,나침반을 세로로 늘립니다.,垂直拉伸罗盘,Étire la boussole verticalement.,,Pusulayı dikey olarak uzat.,Estique a bússola verticalmente.,Estique a bússola verticalmente.,Estire la brújula verticalmente.
Strings may sometimes break between mod versions.,Строки настроек могут ломаться после обновлений.,Рядки іноді можуть порушуватися між версіями модів.,Ciągi mogą czasami nie działać między wersjami moda.,Низовете понякога може да се счупят между версиите на мода.,Радкі часам могуць ламацца паміж версіямі мода.,MOD のバージョン間で文字列が壊れることがあります。,문자열은 모드 버전에 따라 작동하지 않을 수 있습니다.,不同模组版本之间字符串有时可能会失效。,Les chaînes de code (pour la sauvegarde) peuvent parfois se corompre entre les versions du mod.,,Metin dizeleri mod sürümleri arasında bazen bozulabilir.,"Às vezes, as strings podem quebrar entre as versões do mod.","Às vezes, as strings podem quebrar entre as versões do mod.","A veces, las cadenas pueden romperse entre las versiones del mod."
success,Успех,успіх,sukces,успех,поспех,成功,성공,成功,succès,,başarılı,sucesso,sucesso,éxito
Support development,Поддержка разработки,Підтримка розвитку,Wspieraj rozwój,Подкрепете развитието,Падтрымаць распрацоўку,サポート開発,개발 지원하기,支持发展,Supporter le développement,,Geliştirmeyi destekleyin,Apoiar o desenvolvimento,Apoiar o desenvolvimento,Apoyar el desarrollo
Support development by commissioning features or presets.,"Поддержите разработку, заказав функции или пресеты.","Підтримуйте розробку, вводячи в експлуатацію функції або попередні налаштування.",Wspieraj rozwój poprzez zlecanie funkcji lub presetów.,Подкрепете разработката чрез въвеждане в експлоатация на функции или предварително зададени настройки.,"Падтрымай распрацоўку, заказваючы функцыі або прэсеты.",機能やプリセットをコミッショニングして開発をサポートします。,신규 기능 또는 프리셋을 의뢰하여 개발을 지원해 주세요.,通过调试功能或预设来支持开发。,Soutenez le développement en demandant des fonctionnalités ou des préréglages.,,Özellik veya hazır ayar siparişi vererek geliştirmeyi destekleyin.,Apoie o desenvolvimento comissionando recursos ou predefinições.,Apoie o desenvolvimento comissionando recursos ou predefinições.,Apoya el desarrollo con funciones o preajustes por encargo.
SUPPORT THE MOD,ПОДДЕРЖАТЬ МОД,ПІДТРИМАЙТЕ МОД,WSPIERAJ MOD,ПОДКРЕПЕТЕ МОД,ПАДТРЫМАЙ МОД,MODをサポートする,모드를 후원해주세요,支持该模组,SOUTENIR LE MOD,,MODU DESTEKLEYİN,SUPPORT THE MOD,APOIE O MOD,SUPPORT THE MOD
Support the mod - donate via Ko-fi (kofi) to help fund continued development,"Поддержите мод — сделайте пожертвование через Ko-fi (kofi), чтобы помочь финансировать дальнейшую разработку.","Підтримайте мод – зробіть пожертву через Ko-fi (kofi), щоб допомогти фінансувати продовження розробки","Wesprzyj moda - przekaż darowiznę za pośrednictwem Ko-fi (kofi), aby pomóc w finansowaniu dalszego rozwoju","Подкрепете мода - дарете чрез Ko-fi (kofi), за да помогнете за финансирането на продължаващото развитие","Падтрымай мод — задонать праз Ko-fi (kofi), каб дапамагчы фінансаваць далейшую распрацоўку",MOD をサポートします - 継続的な開発資金を支援するために Ko-fi (kofi) 経由で寄付してください,모드를 지원해주세요 - Ko-fi를 통해 후원하여 개발 금액 지원,支持模组 - 通过 Ko-fi (kofi) 捐赠以帮助资助持续发展,Soutenez le mod - faites un don via Ko-fi (kofi) pour aider à financer le développement continu,,Modu destekleyin – sürdürülebilir geliştirme için Ko-fi (kofi) üzerinden bağış yapın.,Apoie o mod - doe através de Ko-fi (kofi) para ajudar a financiar o desenvolvimento contínuo,Apoie o mod - doe via Ko-fi (kofi) para ajudar a financiar o desenvolvimento contínuo,Apoye el mod: haga una donación a través de Ko-fi (kofi) para ayudar a financiar el desarrollo continuo
Supporting and Feature Requests,Поддержка и запросы фич,Запити на підтримку та функції,Wspieranie oraz Prośby o Funkcje,Заявки за поддръжка и функции,Падтрымка і запыты функцый,サポートおよび機能リクエスト,지원 및 기능 요청,支持和功能请求,Support et demande de fonctionnalités,,Destek ve Özellik İstekleri,Solicitações de suporte e recursos,Solicitações de suporte e recursos,Soporte y solicitudes de funciones
Swap,Сменить,Обмін,Zmień,Размяна,Замяніць,スワップ,전환,交换,Échanger,,Değiştir,Permuta,Trocar,Intercambio
Switch to the advanced item cooldown mode with in-menu filters.,Переключитесь в расширенный режим восстановления предметов с помощью фильтров в меню.,Перейдіть у розширений режим відновлення предметів за допомогою фільтрів у меню.,Zmień na zaawansowany tryb cooldownów itemów z filtrami,Превключете към разширения режим на охлаждане на предмети с филтри в менюто.,Пераключыцца на прасунуты рэжым кулдаунаў прадметаў з фільтрамі ў меню.,メニュー内フィルターを使用して、高度なアイテムのクールダウン モードに切り替えます。,메뉴 필터와 함께 고급 아이템 쿨다운 모드로 전환합니다.,使用菜单内过滤器切换到高级物品冷却模式。,Passez au mode de recharge avancé des éléments avec les filtres dans le menu.,,Menü içi filtrelerle gelişmiş eşya bekleme süresi moduna geçiş yap.,Mude para o modo de arrefecimento de itens avançados com filtros no menu.,Mude para o modo de cooldown de itens avançados com filtros no menu.,Cambie al modo de recuperación de elementos avanzado con filtros en el menú.
Switching to Skyrunner...,Меняем героя на Skyrunner...,Перехід на Skyrunner...,Przełączanie na Skyrunner...,Превключване към Skyrunner...,Пераключэнне на Skyrunner...,Skyrunner に切り替えています...,Skyrunner로 전환 중...,正在切换到 Skyrunner……,Passer à  Skyrunner...,,Skyrunner'a geçiliyor...,Mudando para Skyrunner...,Mudando para Skyrunner...,Cambiando a Skyrunner...
Tab Zoom,Зум миникарты на TAB,Масштаб вкладки,Przybliżenie pod Tabem,Раздел Мащабиране,Tab Zoom,タブのズーム,Tab를 눌러 확대,Tab 缩放,Zoom TAB,,Tab Tuşuyla Yakınlaştırma,Zoom da guia,Tab Zoom,Zoom TAB
Teal,Бирюзовый,Бірюзовий,Morski,Тюркоазен,Бірузовы,ティール,청록색,蓝绿色,Sarcelle,,Turkuaz Yeşili,Verde-azulado,Verde-azulado,Verde azulado
Test,Тест,Тест,Test,Тест,Тэст,テスト,시험,测试,Test,,Test Et,Teste,Teste,Prueba
Test Announcer,Тест озвучки,Диктор тесту,Spiker Testowy,Говорител на теста,Тэставы дыктар,テストアナウンサー,아나운서 미리듣기,测试播音员,Teste de l'Annonceur,,Spikeri Test Et,Locutor de teste,Teste de Locutor,Probar locutor
Text,Текст,текст,Tekst,Текст,Тэкст,文章,텍스트,文本,Texte,,Metin,Texto,Texto,Texto
The circle countdown for when you are reloading.,Круговой таймер обратного отсчёта при перезарядке.,Зворотний відлік кола під час перезавантаження.,Okrąg pozostałego czasu przeładowania.,"Обратното броене на кръга, когато презареждате.",Кругавы адлік падчас перазарадкі.,リロード時のサークルカウントダウン。,재장전 중 원형 카운트다운을 표시합니다.,换弹时的圆形倒计时,Le compte à  rebours circulaire pendant le rechargement.,,Şarjör değiştirirkenki dairesel geri sayım.,A contagem regressiva do círculo para quando você estiver recarregando.,A contagem regressiva do círculo para quando você estiver recarregando.,La cuenta atrás del círculo para cuando estés recargando.
"The click hitbox of your pings or clicks, this can help make pings more accurate.",Радиус области клика для пингов и отметок; помогает делать их точнее.,"Хітбокс ваших пінгів або клацань, це може допомогти зробити пінг точнішим.",Hitbox twoich pingów lub kliknięć. Może to pomóc w zwiększeniu dokładności pingów.,"Поле за кликване на вашите пингове или щраквания, това може да помогне за по-точните пингове.","Хітбокс кліку тваіх пінгоў або клікаў, гэта можа дапамагчы зрабіць пінгі больш дакладнымі.",ping またはクリックのクリック ヒットボックス。これは、ping をより正確にするのに役立ちます。,핑 또는 클릭의 히트박스 크기를 조절합니다. 핑 신호를 더 정확히 보낼 때 사용합니다.,你的标记/点击的判定框（hitbox），可帮助提高标记准确性,La hitbox des pings ou des clicks afin d'être + précis,,"Ping’lerinizin veya tıklamalarınızın tıklama algılama alanı. Bu, ping’lerin daha isabetli olmasına yardımcı olabilir.",A hitbox de cliques de seus pings ou cliques pode ajudar a tornar os pings mais precisos.,A hitbox de cliques de seus pings ou cliques pode ajudar a tornar os pings mais precisos.,"El hitbox de clic de sus pings o clics, esto puede ayudar a que los pings sean más precisos."
"The cosmetic ability on your default 5 key, like posters and snowballs.","Косметическая способность на клавише 5 по умолчанию, например постеры и снежки.","Косметична здатність на вашій клавіші 5 за замовчуванням, наприклад плакати та сніжки.","Umiejętność kosmetyczna, domyślnie pod klawiszem 5, taka jak plakaty czy śnieżki.","Козметичната способност на вашия ключ 5 по подразбиране, като плакати и снежни топки.","Касметычнае уменне на тваёй стандартнай клавішы 5, як постэры і сняжкі.",デフォルトの 5 キーの装飾的な機能 (ポスターや雪玉など)。,숫자 5번에 배치된 포스터나 눈덩이 같은 꾸밈 효과 능력입니다.,默认 5 键上的外观类技能（如海报、雪球等）,La capacité cosmétique (genre les affiches et des boules de neige),,Varsayılan 5 tuşunuzdaki kozmetik yetenek; posterler ve kartopları gibi.,"A habilidade cosmética em sua tecla 5 padrão, como pôsteres e bolas de neve.","A habilidade cosmética em sua tecla 5 padrão, como pôsteres e bolas de neve.","La habilidad cosmética en tu tecla 5 predeterminada, como carteles y bolas de nieve."
The damage dealt to Trooper minions.,"Урон, нанесённый крипам-труперам.","Шкода, завдана міньйонам Trooper.",Obrażenia zadawane Minionom (Szturmowcom),"Щетите, нанесени на миньоните на Trooper.","Урон, нанесены мініёнам трупераў.",トルーパーミニオンに与えられるダメージ。,트루퍼에게 가한 피해입니다.,对小兵造成的伤害显示,Les dégâts infligés aux Trooper.,,Asker minyonlarına verilen hasar.,O dano causado aos lacaios Trooper.,O dano causado às tropas.,El daño causado a los súbditos de Trooper.
The displayed language of the settings menu.,Язык отображения меню настроек,Відображувана мова меню налаштувань.,Język menu ustawień.,Показаният език на менюто с настройки.,Адлюстроўваная мова меню налад.,設定メニューの表示言語。,설정 메뉴의 언어를 변경합니다.,设置菜单中显示的语言。,La langue affichée dans le menu des paramètres.,,Ayarlar menüsünde görüntülenen dil.,O idioma exibido no menu de configurações.,O idioma exibido no menu de configurações.,El idioma mostrado en el menú de configuración.
"The distance threshold in which icons will start shrinking. Lower is more accurate positions, higher is easier visibility.","Дистанция, при которой иконки начинают сжиматься. Меньше — точнее позиции, больше — лучше видимость.","Поріг відстані, за якого піктограми почнуть зменшуватися. Нижче точніші позиції, вище легша видимість.","Próg odległości, przy którym ikony zaczną się zmniejszać. Niższa oznacza dokładniejsze pozycje, wyższa oznacza lepszą widoczność.","Прагът на разстоянието, при което иконите ще започнат да се свиват. По-ниските са по-точни позиции, по-високите са по-лесна видимост.","Парог адлегласці, пры якім іконкі пачнуць памяншацца. Ніжэй — больш дакладныя пазіцыі, вышэй — лепшая бачнасць.",アイコンが縮小し始める距離のしきい値。低いほど位置が正確になり、高いほど視認しやすくなります。,"영웅 아이콘이 줄어드는 거리 기준을 설정합니다. 정확성을 위해선 낮게, 시인성을 위해선 높게 설정하세요.",图标开始缩小的距离阈值数值越低位置越准确，越高越易看清,"La distance à partir de laquelle les icônes commencent à rétrécir. Plus bas = positions plus précises, plus haut = meilleure visibilité",,"Simgelerin küçülmeye başlayacağı mesafe eşiği. Daha düşük değerler daha doğru pozisyon, daha yüksek değerler daha iyi görünürlük sağlar.","O limite de distância no qual os ícones começarão a diminuir. Quanto mais baixas são as posições mais precisas, mais altas são as visibilidades mais fáceis.","O limite de distância no qual os ícones começarão a diminuir. Mais baixas são posições precisas, mais altas são mais visíveis.","El umbral de distancia en el que los iconos comenzarán a reducirse. Más abajo son posiciones más precisas, más arriba es una visibilidad más fácil."
The hero you automatically switch to on launch or after saving..,"Герой, на которого автоматически переключает при запуске или после сохранения.","Герой, на якого ви автоматично переходите під час запуску або після збереження..",Domyślny ustawiany bohater po uruchomieniu lub po zapisaniu.,"Героят, към който автоматично превключвате при стартиране или след запазване..","Герой, на якога ты аўтаматычна пераключаешся пры запуску або пасля захавання.",起動時または保存後に自動的に切り替わるヒーロー。,게임 구동 또는 저장 시 해당 영웅으로 자동으로 교체합니다.,启动时或保存后自动切换到的英雄,Le perso avec lequel tu vas automatiquement charger après le lancement ou la sauvegarde,,Açılışta veya kaydettikten sonra otomatik seçilen kahraman.,O herói para o qual você muda automaticamente ao iniciar ou após salvar.,O herói para o qual você muda automaticamente ao iniciar ou após salvar.,El héroe al que cambias automáticamente al iniciar o después de guardar.
The icon that replaces your crosshair when reloading.,"Иконка, которая заменяет прицел во время перезарядки.","Піктограма, яка замінює ваш приціл під час перезавантаження.","Ikona, która zastępuje celownik podczas przeładowywania.","Иконата, която замества мерника ви при презареждане.","Іконка, якая замяняе твой крыжык падчас перазарадкі.",リロード時に十字線に代わるアイコン。,재장전 시 조준선을 대체하는 아이콘입니다.,换弹时替换准星的图标,L'icône qui remplace votre réticule pendant le rechargement.,,Şarjör doldururken nişangâh yerine görünen simge.,O ícone que substitui a mira ao recarregar.,O ícone que substitui a mira ao recarregar.,El ícono que reemplaza tu punto de mira al recargar.
The interval in which the sound plays in seconds.,Интервал воспроизведения звука в секундах.,Інтервал відтворення звуку в секундах.,Częstotliwość odtwarzania dźwięku w sekundach.,"Интервалът, в който се възпроизвежда звукът в секунди.","Інтэрвал, з якім гук прайграваецца, у секундах.",サウンドが再生される間隔 (秒単位)。,소리 알림이 재생되는 간격입니다. (초 단위),声音播放的间隔（秒）,"L'intervalle, en secondes, auquel le son est joué.",,Sesi çalma aralığı (saniye cinsinden).,O intervalo em que o som é reproduzido em segundos.,O intervalo em que o som é reproduzido em segundos.,El intervalo en el que se reproduce el sonido en segundos.
The item buying auto queue system in the shop menu.,Система автоочереди покупки предметов в меню магазина.,Автоматична система купівлі товарів у черзі в меню магазину.,System automatycznego dodawania przedmiotów do kolejki zakupu w menu sklepu.,Системата за автоматично закупуване на артикули в менюто на магазина.,Сістэма аўтаматычнай чэргі куплі прадметаў у меню магазіна.,ショップメニューのアイテム購入オートキューシステム。,상점 창에서 아이템을 자동으로 구매하는 대기열 시스템입니다.,商店菜单中的物品购买自动队列系统,Le système de file d'achat automatique dans le menu de la boutique.,,Mağaza menüsündeki otomatik eşya satın alma kuyruğu sistemi.,O sistema de fila automática de compra de itens no menu da loja.,O sistema de fila automática de compra de itens no menu da loja.,El sistema de cola automática de compra de artículos en el menú de la tienda.
The large cumulative damage number.,Большое суммарное число урона.,Велике кумулятивне число пошкоджень.,Duża skumulowana liczba obrażeń.,Голямото кумулативно число на щетите.,Вялікая кумулятыўная лічба ўрону.,累積ダメージ数が大きい。,가한 피해 총합을 표시하는 큰 숫자입니다.,累计伤害的大号数字显示,Le grand nombre de dégâts cumulés.,,Büyük kümülatif hasar sayısı.,O grande número de danos cumulativos.,O grande número de danos cumulativos.,El gran número de daños acumulados.
The line has been reset (,Сброшена строка (,Сброшена строка (,Wiersz został zresetowany (,Сброшена строка (,Радок быў скінуты (,ラインをリセットしました（,라인이 초기화됨 (,该行已重置（,La ligne a été réinitialisée (,,Satır sıfırlandı (,A linha foi reposta (,A linha foi resetada (,La línea se ha restablecido (
The majority of issues are caused by improper installation or conflicting mods.,Большинство проблем вызвано неправильной установкой или конфликтующими модами.,Більшість проблем спричинені неправильним встановленням або конфліктними модами.,Większość problemów jest spowodowana niewłaściwą instalacją lub sprzecznymi modami.,По-голямата част от проблемите са причинени от неправилна инсталация или конфликтни модификации.,Большасць праблем выкліканы няправільнай усталёўкай або канфліктуючымі модамі.,問題の大部分は、不適切なインストールまたは競合する MOD によって発生します。,대부분의 문제는 모드 충돌이나 설치 실수가 원인일 수 있습니다.,大多数问题是由安装不当或模组冲突引起的。,La majorité des problèmes sont causés par une mauvaise installation ou des mods conflictuels.,,Sorunların çoğu hatalı kurulum veya çakışan modlardan kaynaklanır.,A maioria dos problemas é causada por instalação inadequada ou mods conflituantes.,A maioria dos problemas é causada por instalação inadequada ou mods conflitantes.,La mayoría de los problemas se deben a una instalación incorrecta o modificaciones conflictivas.
"The mod is <font color=""#66cc99"">fully functional</font> and <font color=""#66cc99"">free</font> for all users.","Мод <font color=""#66cc99"">полностью функционален</font> и <font color=""#66cc99"">бесплатен</font> для всех пользователей.","Мод <font color=""#66cc99"">повнофункціональний</font> і <font color=""#66cc99"">безкоштовний</font> для всіх користувачів.","Mod jest <font color=""#66cc99"">w pełni funkcjonalny</font> i <font color=""#66cc99"">bezpłatny</font> dla wszystkich użytkowników.","Модът е <font color=""#66cc99"">напълно функционален</font> и <font color=""#66cc99"">безплатен</font> за всички потребители.","Мод з'яўляецца <font color=""#66cc99"">поўнасцю функцыянальным</font> і <font color=""#66cc99"">бясплатным</font> для ўсіх карыстальнікаў.","この MOD は<font color=""#66cc99"">完全に機能</font>し、 すべてのユーザーが<font color=""#66cc99"">無料</font>で利用できます。","이 모드는 <font color=""#66cc99"">모든 기능이 작동하며</font> 모든 사용자에게 <font color=""#66cc99"">무료</font>로 제공됩니다.","该 MOD 对所有用户均为 <font color=""#66cc99"">完整可用</font>，且 <font color=""#66cc99"">免费</font>。","Le mod est <font color=""#66cc99"">entièrement fonctionnel</font> et <font color=""#66cc99"">gratuit</font> pour tous les utilisateurs.",,"Mod <font color=""#66cc99"">tamamen fonksiyonel</font> ve tüm kullanıcılar için <font color=""#66cc99"">bedavadır</font>.","O mod é <font color=""#66cc99"">totalmente funcional</font> e <font color=""#66cc99"">gratuito</font> para todos os usuários.","O mod é <font color=""#66cc99"">totalmente funcional</font> e <font color=""#66cc99"">gratuito</font> para todos os usuários.","El mod es <font color=""#66cc99"">complementamente funcional</font> y <font color=""#66cc99"">gratuito</font> para todos los usuarios."
The popup signifying you are too low on stamina to cast another movement input.,"Всплывающее предупреждение, что у вас слишком мало выносливости для следующего мувмента.","Спливаюче вікно вказує на те, що у вас занадто мало витривалості, щоб застосувати інший рух.","Wyskakujące okienko informujące, że masz zbyt mało staminy, aby wykonać kolejny ruch specjalny.","Изскачащият прозорец, който показва, че имате твърде ниска издръжливост, за да направите друго въвеждане на движение.","Папап, які сігналізуе, што ў цябе занадта мала вынослівасці для яшчэ аднаго руху.",スタミナが低すぎて別の移動入力をキャストできないことを示すポップアップ。,활력이 부족하여 이동 관련 행동을 할 수 없을 때 표시되는 팝업입니다.,当体力过低无法再次施放移动输入时的弹窗提示,La fenêtre contextuelle indiquant que votre endurance est trop faible pour lancer une autre action de mouvement.,,Başka bir hareket girişi yapacak kadar staminanız kalmadığında görünen bildirim.,O pop-up significa que você está com pouca resistência para lançar outra entrada de movimento.,O pop-up significa que você está com pouco vigor para lançar outra entrada de movimento.,La ventana emergente indica que tienes muy poca resistencia para realizar otra entrada de movimiento.
The popups that appear when getting a kill or CCing an enemy or healing an ally,"Всплывающие окна, которые появляются при убийстве, наведении контроля над врагом или исцелении союзника.","Спливаючі вікна, які з’являються під час вбивства, CC ворога чи лікування союзника","Wyskakujące okienka pojawiające się podczas zabijania, stunowania wroga lub leczenia sojusznika","Изскачащите прозорци, които се появяват, когато получите убийство или CCing на враг или изцеление на съюзник","Папапы, якія з'яўляюцца пры забойстве, кантролі ворага або лячэнні саюзніка",キルを獲得したとき、敵をCCしたとき、または味方を回復したときに表示されるポップアップ,적을 처치하거나 군중 제어를 걸거나 아군을 치유할 때 나타나는 팝업입니다.,击杀或控制敌人或治愈盟友时出现的弹出窗口,"Les fenêtres contextuelles qui apparaissent lorsque vous tuez un ennemi, que vous le contrôlez ou que vous soignez un allié.",,"Bir düşman öldürdüğünüzde, CC uyguladığınızda veya takım arkadaşınızı iyileştirdiğinizde çıkan bildirimler.","Os pop-ups que aparecem ao matar, fazer CC a um inimigo ou curar um aliado","Os pop-ups que aparecem ao matar, fazer CC em um inimigo ou curar um aliado","Las ventanas emergentes que aparecen al matar, hacer CC a un enemigo o curar a un aliado."
The size of other players on the minimap.,Размер иконок других игроков на миникарте.,Розмір інших гравців на міні-карті.,Rozmiar innych graczy na minimapie.,Размерът на другите играчи на миникартата.,Памер іншых гульцоў на міні-карце.,ミニマップ上の他のプレイヤーのサイズ。,미니맵에서 다른 플레이어의 아이콘 크기를 조절합니다.,小地图上其他玩家图标的大小,La taille des autres joueurs sur la mini-carte.,,Diğer oyuncuların mini haritadaki boyutu.,O tamanho dos outros jogadores no minimapa.,O tamanho dos outros jogadores no minimapa.,El tamaño de otros jugadores en el minimapa.
The size of yourself on the minimap.,Размер вашей иконки на миникарте.,Ваш розмір на міні-карті.,Rozmiar twojej ikony na minimapie.,Размерът на себе си на миникартата.,Памер цябе самога на міні-карце.,ミニマップ上の自分のサイズ。,미니맵에서 자신의 아이콘 크기를 조절합니다.,小地图上自己图标的大小,La taille de ton icône sur la mini-carte.,,Kendinizin mini haritadaki boyutu.,O seu tamanho no minimapa.,O seu tamanho no minimapa.,El tamaño de ti mismo en el minimapa.
The small incremental damage numbers.,Малые инкрементальные числа урона.,Невеликі додаткові цифри пошкоджень.,Małe przyrostowe liczby obrażeń.,Малките допълнителни числа на щетите.,Малыя інкрэментальныя лічбы ўрону.,小さな増加ダメージの数値。,개별 피해를 표시하는 작은 숫자입니다.,小号的递增伤害数字,Les petits nombres de dégâts incrémentaux.,,Küçük artımlı hasar sayıları.,Os pequenos números de dano incremental.,Os pequenos números de dano incremental.,Las pequeñas cifras de daños incrementales.
The small visual icon.,Маленькая визуальная иконка.,Маленький візуальний значок.,Mała ikona dusz.,Малката визуална икона.,Малая візуальная іконка.,小さなビジュアルアイコン。,작은 시각 아이콘입니다.,小图标,La petite icône visuelle.,,Küçük görsel simge.,O pequeno ícone visual.,O pequeno ícone visual.,El pequeño icono visual.
The thickness of the Zipline lines across the map.,Толщина линий зиплайна на миникарте.,Товщина ліній Zipline на карті.,Grubość tyrolki na mapie.,Дебелината на линиите на Zipline на картата.,Таўшчыня ліній Зіплайна па ўсёй карце.,マップ上のジップライン ラインの太さ。,지도를 가로지르는 집라인의 굵기를 조절합니다.,地图上滑索（Zipline）线条的粗细,L'épaisseur de la tyrolienne sur la carte,,Zipline çizgilerinin harita boyunca olan kalınlığı.,A espessura das linhas Zipline no mapa.,A espessura das Ziplines no mapa.,El grosor de las líneas de Zipline a lo largo del mapa.
The unsecured text.,Текст ненадёжных душ.,Незахищений текст.,Tekst niezabezpieczonych dusz.,Незащитеният текст.,Незабяспечаны тэкст.,保護されていないテキスト。,미확보 영혼을 텍스트로 표시합니다.,未锁定文本,Le texte des âmes non sécurisées.,,Korunmasız metni.,O texto não seguro.,O texto não seguro.,El texto no seguro.
The world background blur effect behind the shop menu.,Эффект размытия мира на фоне меню магазина.,Ефект розмиття фону світу за меню магазину.,Efekt rozmycia tła za menu sklepu.,Световният ефект на замъгляване на фона зад менюто на магазина.,Эфект размыцця фону свету за меню магазіна.,ショップメニューの背後にあるワールド背景のぼかし効果。,상점 창에서 배경을 흐림 처리합니다.,商店菜单后方的世界背景模糊效果,L'effet de flou d'arrière-plan derrière le menu de la boutique.,,Mağaza menüsünün arkasındaki dünya arka plan bulanıklığı efekti.,O efeito de desfoque de fundo do mundo atrás do menu da loja.,O efeito de desfoque de fundo do mundo atrás do menu da loja.,El efecto de desenfoque del fondo mundial detrás del menú de la tienda.
The world blur and backing strip behind player names in the top bar.,Размытие мира и фоновая полоса позади имен игроков на верхней панели.,Розмиття світу та підкладка за іменами гравців у верхній панелі.,Rozmycie tła i pasek za nazwami graczy w górnym pasku.,Размазването на света и лентата за подкрепа зад имената на играчите в горната лента.,Размыццё свету і фонавая паласа за імёнамі гульцоў у верхняй панэлі.,トップバーのプレイヤー名の後ろにワールドブラーとバッキングストリップが表示されます。,상단 바에서 플레이어 이름 주변의 배경을 흐림 처리하고 시선 보강용 줄을 추가합니다.,顶部栏中玩家姓名后面的世界模糊和背景带。,Le monde est flou et la bande de support derrière les noms des joueurs dans la barre supérieure.,,Üst çubukta oyuncu isimlerinin arkasındaki dünya bulanıklığı ve arka plan şeridi.,O mundo desfocado e a faixa de fundo atrás dos nomes dos jogadores na barra superior.,O mundo desfocado e a faixa de fundo atrás dos nomes dos jogadores na barra superior.,El mundo se desenfoca y el respaldo aparece detrás de los nombres de los jugadores en la barra superior.
The world blur behind player names in the top bar.,Мир размывается за именами игроков на верхней панели.,Розмиття світу за іменами гравців у верхній панелі.,Rozmycie tła za nazwami graczy w górnym pasku.,Светът се размива зад имената на играчите в горната лента.,Размыццё свету за імёнамі гульцоў у верхняй панэлі.,トップバーのプレイヤー名の後ろに世界がぼやけています。,상단 바 플레이어 이름 뒤의 배경을 흐림 처리합니다.,顶部栏中玩家姓名后面的世界变得模糊。,Le monde se brouille derrière les noms des joueurs dans la barre supérieure.,,Üst çubukta oyuncu isimlerinin arkasındaki dünya bulanıklığı.,O mundo fica desfocado atrás dos nomes dos jogadores na barra superior.,O mundo fica borrado atrás dos nomes dos jogadores na barra superior.,El mundo se vuelve borroso detrás de los nombres de los jugadores en la barra superior.
Theme,Тема,Тема,Motyw,Тема,Тэма,テーマ,테마,主题,Thème,,Tema,Tema,Tema,Tema
These are easy access to common console commands and are not included in QOL settings.,"Это простой доступ к общим консольным командам, которые не включены в настройки QOL.","Це простий доступ до загальних команд консолі, і вони не включені в налаштування якості життя.",Szybki dostęp do przydatnych komend konsolowych. Nie są to opcje moda.,Това са лесен достъп до общи команди на конзолата и не са включени в настройките на QOL.,Гэта зручны доступ да агульных каманд кансолі і не ўваходзяць у QOL налады.,これらは一般的なコンソール コマンドに簡単にアクセスできるものであり、QOL 設定には含まれません。,자주 사용되는 콘솔 명령어를 호출합니다. (QOL 설정에 포함되어 있지는 않습니다.),这些可以轻松访问常见控制台命令，并且不包含在 QOL 设置中。,Il s'agit d'un accès facile aux commandes courantes de la console et ne sont pas incluses dans les paramètres QOL.,,"Bunlar, sık kullanılan konsol komutlarına kolay erişim sağlar ve QOL ayarlarına dahil değildir.",Oferecem acesso fácil a comandos comuns da consola e não estão incluídos nas definições de QV.,Esses são comandos de console de fácil acesso e não estão inclusos como configurações no QOL.,Estos son accesos rápidos a comandos comunes de la consola y no están incluidos en la configuración de CV
This is a lightweight version with significant FPS improvements but requires a seperate file for filters.,"Это лёгкая версия с заметно лучшим FPS, но требуется отдельный файл фильтров.","Це полегшена версія зі значними покращеннями FPS, але вимагає окремого файлу для фільтрів.","Jest to lekka wersja ze znaczną poprawą FPSów, ale wymaga osobnego pliku dla filtrów.","Това е олекотена версия със значителни подобрения на FPS, но изисква отделен файл за филтри.","Гэта лёгкая версія са значным паляпшэннем FPS, але патрабуе асобны файл для фільтраў.",これは FPS が大幅に向上した軽量バージョンですが、フィルター用に別のファイルが必要です。,초당 프레임을 대폭 개선하는 가벼운 설정입니다. 별도의 필터 파일이 필요합니다.,这是一个轻量版本，FPS 提升显著，但需要单独的滤镜文件,"Il s'agit d'une version légère avec un net gain de FPS, mais qui nécessite un fichier de filtres séparé.",,"Bu, önemli FPS iyileştirmeleri sunan hafif bir sürümdür ancak filtreler için ayrı bir dosya gerektirir.","Esta é uma versão leve com melhorias significativas de FPS, mas requer um arquivo separado para filtros.","Esta é uma versão leve com melhorias significativas de FPS, mas requer um arquivo separado para filtros.",Esta es una versión liviana con importantes mejoras en FPS pero requiere un archivo separado para los filtros.
This is a mod designed to give you complete freedom over your game.,"Этот мод создан, чтобы дать вам полную свободу в игре.","Цей мод розроблений, щоб дати вам повну свободу над грою.","Jest to mod zaprojektowany tak, aby dać Ci pełną kontrole nad grą.","Това е мод, предназначен да ви даде пълна свобода над вашата игра.","Гэта мод, распрацаваны, каб даць табе поўную свабоду над сваёй гульнёй.",これは、ゲームを完全に自由にするために設計された MOD です。,이 모드는 사용자에게 게임을 완전히 자유롭게 제어할 수 있도록 만들어졌습니다.,这是一个旨在让您完全自由地玩游戏的模组。,Il s'agit d'un mod conçu pour vous donner une totale liberté sur votre jeu.,,"Bu, oyununuz üzerinde tam özgürlük sağlamanız için tasarlanmış bir moddur.",Este é um mod concebido para lhe dar total liberdade no jogo.,Este é um mod projetado para lhe dar total liberdade no seu jogo.,Este es un mod diseñado para brindarte total libertad sobre tu juego.
This is a way for me to give something back to the supporters.,Это способ отблагодарить разработчика мода.,Це спосіб для мене повернути щось уболівальникам.,"To dla mnie sposób, aby dać coś od siebie wspierającym.",Това е начин за мен да върна нещо на привържениците.,Гэта спосаб аддзячыць прыхільнікам.,これは私がサポーターの皆様に何かをお返しする方法です。,후원자들에게 보상을 제공할 방법입니다.,这是我回馈支持者的一种方式。,C'est une façon pour moi de donner quelque chose aux supporters.,,"Bu, benim destekçilere bir şekilde karşılık verebilmemin bir yolu.",Esta é uma forma de retribuir algo aos apoiadores.,Esta é uma forma de retribuir algo aos apoiadores.,Esta es una forma de agradecer a quienes apoyan el proyecto.
"This is to switch to the Skyrunner hero (looks like Paradox), your settings are saved in the shop builds. To troubleshoot you can delete these and do a fresh save to fix any settings saving issues.","Кнопка для переключения на героя Skyrunner (похож на Lash), ваши настройки сохраняются в сборках магазина. Для устранения неполадок вы можете удалить их и выполнить новое сохранение, чтобы исправить любые проблемы с сохранением настроек.","Це для переходу на героя Skyrunner (схоже на Paradox), ваші налаштування зберігаються в збірках магазину. Щоб усунути неполадки, ви можете видалити їх і виконати нове збереження, щоб вирішити будь-які проблеми зі збереженням налаштувань.","Ma to na celu przejście na bohatera Skyrunner (wygląda jak Paradox), twoje ustawienia zostaną zapisane w buildach w sklepie. Aby rozwiązać problem, możesz je usunąć i zrobić świeży zapis, aby rozwiązać problemy z zapisywaniem ustawień.","Това е, за да превключите към героя Skyrunner (изглежда като Paradox), вашите настройки се запазват в компилациите на магазина. За да отстраните неизправности, можете да ги изтриете и да направите ново запазване, за да коригирате всички проблеми със запазването на настройките.","Гэта для пераключэння на героя Skyrunner (выглядае як Paradox), твае налады захаваны ў білдах магазіна. Для ліквідацыі непаладак ты можаш выдаліць іх і зрабіць новае захаванне, каб выправіць любыя праблемы з захаваннем налад.",これは Skyrunner ヒーロー (Paradox に似ています) に切り替えるためのもので、設定はショップ ビルドに保存されます。トラブルシューティングを行うには、これらを削除し、新しく保存して、設定保存の問題を修正します。,(패러독스와 동일하게 생긴) Skyrunner 영웅으로 전환합니다. 모든 설정은 해당 영웅의 아이템 빌드에 저장됩니다. 설정을 저장하는데 문제가 발생한 경우 Skyrunner로 전환해 아이템 빌드를 삭제하십시오.,这是切换到Skyrunner英雄（看起来像Paradox），你的设置保存在商店版本中。要排除故障，您可以删除这些内容并重新保存以解决任何设置保存问题。,"Il s'agit de passer au héros Skyrunner (ressemble à Paradox), vos paramètres sont enregistrés dans les builds de la boutique. Pour résoudre les problèmes, vous pouvez les supprimer et effectuer une nouvelle sauvegarde pour résoudre les problèmes de sauvegarde des paramètres.",,"Bu seçenek, Skyrunner kahramanına (Paradox'a benzer) geçiş yapmak içindir. Ayarlarınız mağazadaki build'lara kaydedilir. Ayarların kaydedilmesiyle ilgili bir sorun yaşıyorsanız bunları silip yeniden kaydederek sorunu gidermeyi deneyebilirsiniz.","Isto é para mudar para o herói Skyrunner (parece Paradox), as suas definições são guardadas nas construções da loja. Para solucionar problemas, pode eliminá-los e fazer um novo guardar para corrigir quaisquer problemas de guardar as definições.","Isso é para mudar para o herói Skyrunner (parece Paradox), suas configurações são salvas nas construções da loja. Para solucionar problemas, você pode excluí-los e fazer um novo salvamento para corrigir quaisquer problemas de salvamento de configurações.","Esto sirve para cambiar al héroe Skyrunner (parecido a Paradox). Tu configuración se guarda en las builds de la tienda. Para solucionar problemas, puedes eliminarlas y hacer un guardado nuevo para corregir cualquier problema al guardar la configuración."
This line is already on by default.,Строка уже по умолчанию.,Строка вже за умовчанням.,Ten wiersz jest już domyślnie włączony.,Строка вече по подразбиране.,Гэты радок ужо ўключаны па змаўчанні.,この項目はデフォルトで既に有効です。,이 줄은 이미 기본 설정입니다.,该行默认已开启。,Cette ligne est déjà activée par défaut.,,Bu satır zaten varsayılan olarak açık.,Esta linha já está ativada por predefinição.,Essa linha já está ligada por padrão.,Esta línea ya está activada por defecto.
This section is already on by default.,Секция уже по умолчанию.,Розділ уже за умовчанням.,Ta sekcja jest już domyślnie włączona.,Секцията вече е по подразбиране.,Гэта секцыя ўжо ўключана па змаўчанні.,このセクションはデフォルトで既に有効です。,이 섹션은 이미 기본 설정입니다.,该部分默认已开启。,Cette section est déjà activée par défaut.,,Bu kısım zaten varsayılan olarak açık.,Esta secção já está ativada por predefinição.,Essa seção já está ligada por padrão.,Esta sección ya está activada por defecto.
Tier 1,Тир 1,Рівень 1,Tier 1,Ниво 1,Узровень 1,ティア1,1단계,1 级,Niveau 1,,Seviye 1,Camada 1,Nível 1,Nivel 1
Tier 2,Тир 2,Рівень 2,Tier 2,Ниво 2,Узровень 2,階層 2,2단계,2 级,Niveau 2,,Seviye 2,Camada 2,Nível 2,Nivel 2
Tier 3,Тир 3,Рівень 3,Tier 3,Ниво 3,Узровень 3,ティア3,3단계,3 级,Niveau 3,,Seviye 3,Nível 3,Nível 3,Nivel 3
Time before the announcement happens in seconds.,Время до срабатывания уведомления в секундах.,Час до оголошення відбувається в секундах.,Ile czasu przed wydarzeniem ma zostać odtworzone przypomnienie.,Време преди съобщението да се случи в секунди.,Час да абвяшчэння ў секундах.,アナウンスが行われるまでの時間 (秒単位)。,이벤트 발생 전 아나운서가 미리 알려주는 시간을 조절합니다. (초 단위),公告触发前的时间（秒）,"Délai avant l'annonce, en secondes.",,Duyuru yapılmadan önceki süre (saniye cinsinden).,Tempo antes do anúncio acontecer em segundos.,Tempo antes do anúncio acontecer em segundos.,Tiempo antes de que ocurra el anuncio en segundos.
Time:,Время:,час:,Czas:,Време:,Час:,時間：,시간:,时间：,Temps:,,Zaman:,Hora:,Tempo:,Tiempo:
Timed audio reminders from Deadlock For Dummies.,Звуковые напоминания по времени от Deadlock For Dummies.,Аудіонагадування на час від Deadlock For Dummies.,Przypomnienia dźwiękowe z Deadlock For Dummies.,Времеви аудио напомняния от Deadlock For Dummies.,Часавыя гукавыя напаміны ад Deadlock For Dummies.,Deadlock For Dummies からの時間指定の音声リマインダー。,데드락 초심자 가이드 오디오 안내를 재생합니다.,来自 Deadlock For Dummies 的定时音频提醒。,Rappels audio chronométrés de Deadlock For Dummies.,,Yeni Başlayanlar İçin Deadlock'tan zamanlı sesli hatırlatmalar.,Lembretes áudio temporizados de Deadlock For Dummies.,Lembretes de áudio cronometrados de Deadlock For Dummies.,Recordatorios de audio temporizados de Deadlock For Dummies.
TIMEOUT,ТАЙМ-АУТ,ТАЙМ-АУТ,LIMIT CZASU,ИЗТЕЧИ ВРЕМЕ,ТАЙМ-АУТ,タイムアウト,시간초과,暂停,TEMPS MORT,,ZAMAN AŞIMI,TIMEOUT,TIMEOUT,TIMEOUT
Toggle the hitmarkers when attacking enemies.,Включает/выключает хитмаркеры при атаке врагов.,Перемикайте маркери влучень під час атаки ворогів.,Przełącz znaczniki trafień podczas atakowania wrogów.,"Превключвайте маркерите за попадение, когато атакувате врагове.",Уключыць/выключыць хітмаркеры пры атацы ворагаў.,敵を攻撃するときにヒットマーカーを切り替えます。,적을 공격할 때 표시되는 적중 마커를 표시합니다.,切换攻击敌人时的命中标记（hitmarkers）,Montre ou non les hitmarkers quand tu touche un ennemi,,Düşmanlara saldırdığınızda görünen isabet göstergesini açıp kapatır.,Alterne os marcadores de acerto ao atacar inimigos.,Alterne os marcadores de acerto ao atacar inimigos.,Alterna los marcadores de impacto al atacar a los enemigos.
Tools for showing and sharing item purchase notifications.,Инструменты для отображения и обмена уведомлениями о покупке предметов.,Інструменти для показу та обміну сповіщеннями про купівлю товарів.,Narzędzia do wyświetlania i udostępniania powiadomień o zakupie przedmiotów.,Инструменти за показване и споделяне на известия за покупка на артикул.,Інструменты для адлюстравання і абмену апавяшчэннямі аб куплі прадметаў.,アイテム購入通知を表示および共有するためのツール。,아이템 구매 알림을 표시하고 공유하는 도구입니다.,用于显示和共享商品购买通知的工具。,Outils pour afficher et partager les notifications d'achat d'articles.,,Eşya satın alma bildirimlerini gösterme ve paylaşma araçları.,Ferramentas para mostrar e partilhar notificações de compra de artigos.,Ferramentas para mostrar e compartilhar notificações de compra de itens.,Herramientas para mostrar y compartir notificaciones de compra de artículos.
Tools for tracking recent item purchases.,Инструменты для отслеживания недавних покупок товаров.,Інструменти для відстеження останніх покупок товарів.,Narzędzia do śledzenia ostatnio zakupionych przedmiotów.,Инструменти за проследяване на скорошни покупки на артикули.,Інструменты для адсочвання апошніх пакупак прадметаў.,最近の商品購入を追跡するツール。,최근 구매한 아이템을 기록하는 도구입니다.,用于跟踪最近购买的商品的工具。,Outils pour suivre les achats d’articles récents.,,Son yapılan eşya satın alımlarını takip etmek için araçlar.,Ferramentas para acompanhar as compras recentes de artigos.,Ferramentas para rastrear compras recentes de itens.,Herramientas para rastrear compras recientes de artículos.
Top Bar,Верхняя панель,Верхня панель,Górny Pasek,Горна лента,Верхняя панэль,トップバー,상단 바,顶栏,Barre supérieure,,Üst Çubuk,Barra superior,Barra Superior,Barra superior
Top Bar Background,Фон верхней панели,Верхня панель фону,Tło Górnego Paska,Фон на горната лента,Фон верхняй панэлі,トップバーの背景,상단 바 배경,顶部栏背景,Fond de la barre supérieure,,Üst Çubuk Arka Planı,Fundo da barra superior,Fundo da Barra Superior,Fondo de la barra superior
Top Bar Plus,Верхняя панель+,Top Bar Plus,Górny Pasek Plus,Горна лента плюс,Верхняя панэль Plus,トップバープラス,상단 바 플러스,顶栏加,Barre supérieure plus,,Üst Çubuk Plus,Barra superior mais,Top Bar Plus,Barra superior Plus
Total ammo amount.,Общее количество патронов.,Загальна кількість боєприпасів.,Całkowita ilość amunicji.,Общо количество амуниции.,Агульная колькасць боезапасу.,総弾薬数。,탄창의 최대 총탄 수입니다.,总弹药量,La quantité totale de munitions.,,Toplam mermi miktarı,Quantidade total de munição.,Quantidade total de munição.,Cantidad total de munición.
Total Size,Размер общего,Загальний розмір,Całkowity Rozmiar,Общ размер,Агульны памер,合計サイズ,최대 총탄 수,总大小,Taille totale,,Toplam Boyut,Tamanho total,Tamanho Total,Tamaño total
Total:,Общий:,Всього:,Suma:,Общо:,Агульнае:,合計：,총합:,全部的：,Total:,,Toplam:,Total:,Total:,Total:
Total: --,Общий: --,Всього: --,Całkowity: --,Общо: --,Агульнае: --,合計：  -,총합: --,全部的：  -,Total: --,,Toplam: --,Total: --,Total: -,Total: --
Tracked cooldowns near crosshair,Отслеживаемые кулдауны у прицела,Відстежено час відновлення біля перехрестя,Czasy odnowienia przy celowniku,Проследени охлаждания близо до мерника,Адсочваемыя кулдауны каля крыжыка,十字線付近でのクールダウンの追跡,조준선 주변에 쿨다운을 기록합니다.,追踪十字准线附近的冷却时间,Cooldowns près de la réticule,,Nişangâh yakınında takip edilen bekleme süreleri,Cooldowns rastreados perto da mira,Cooldowns perto da mira,Tiempo de recarga cerca de la mira
Translators,Переводчики,Перекладачі,Tłumacze,Преводачи,Перакладчыкі,翻訳者,번역자,译者,Traducteurs,,Tercümanlar,Tradutores,Tradutores,Traductores
Trooper Damage,Урон по крипам,Trooper Damage,Obrażenia Minionów,Trooper Damage,Урон трупера,トルーパーのダメージ,트루퍼 피해,士兵伤害,Dégâts aux troopers,,Asker Hasarı,Danos ao soldado,Danos às Tropas,Daño a los soldados
Troubleshoot,Решить неисправность,Усунення несправностей,Rozwiązywanie Problemów,Отстраняване на неизправности,Ліквідацыя непаладак,トラブルシューティング,문제 해결,故障排除,Résolution de problèmes,,Sorun Gider,Solucionar problemas,Solucionar problemas,Solucionar problemas
Type,Тип,Тип,Typ,Тип,Тып,タイプ,유형,类型,Type,,Tip,Tipo,Tipo,Tipo
UI Controls,Управление UI,UI Елементи керування,Sterowanie UI,UI Контроли,Кіраванне інтэрфейсам,UI コントロール,UI 제어,UI控制,Contrôles UI,,Arayüz Kontrolleri,Controles de IU,Controles de UI,Controles de interfaz de usuario
Ukrainian,Украинский,Українська,Ukraiński,Украински,Украінская,ウクライナ語,우크라이나어,乌克兰,ukrainien,,Ukraynaca,ucraniano,Ucraniano,Ucraniano
Ult Cooldowns,Кулдауны ультов,Остаточні перезарядки,Czasy Odnowienia Superumiejętności,Крайни изчаквания,Кулдауны ульта,ULTのクールダウン,궁극기 쿨다운,大招冷却时间,Cooldown Ulti,,Ulti Bekleme Süreleri,Tempos de Recarga Ult,Cooldowns da Suprema,Cooldown de definitiva
Ult Indicator,Индикатор ульты,Індикатор Ult,Wskaźnik Superumiejętności,Краен индикатор,Індыкатар ульта,ULTインジケーター,궁극기 여부 표시,大招指示器,Indicateur Ult,,Ulti Göstergesi,Indicador Ult,Indicador de Suprema,Indicador definitivo
Unsecured Plus,Улучшенные ненадежные души,Незабезпечений плюс,Niezabezpieczone Plus,Необезпечен плюс,Незабяспечаны Plus,無担保プラス,미확보 플러스,魂魄数量,Âmes non sécurisées+,,Korunmasız Plus,Mais inseguro,Unsecured Plus,Unsecured Plus
Unsecured Souls,Ненадежные души,Незахищені душі,Niezabezpieczone Dusze,Несигурни души,Незабяспечаныя душы,安全でない魂,미확보 영혼,没有保障的灵魂,Âmes non sécurisées,,Korunmasız Ruhlar,Almas Inseguras,Almas Inseguras,Almas inseguras
Unsecured Souls Timer,Таймер ненадежных душ,Таймер незахищених душ,Timer Niezabezpieczonych Dusz,Таймер за незащитени души,Таймер незабяспечаных душ,アンセキュア・ソウルズ・タイマー,미확보 영혼 타이머,不安全的灵魂计时器,Timer âmes non-sécurisées,,Korunmasız Ruhlar Sayacı,Temporizador de almas inseguras,Temporizador de almas inseguras,Temporizador de almas no aseguradas
Unsecured Timer,Таймер ненадежных душ,Незахищений таймер,Timer Niezabezpieczonych,Незащитен таймер,Незабяспечаны таймер,安全でないタイマー,미확보 타이머,魂魄计时器,Timer non-sécurisé,,Korunmasız Sayacı,Temporizador inseguro,Temporizador inseguro,Temporizador no seguro
Unspent Souls,Непотраченные души игроков,Невитрачені душі,Niewydane Dusze,Неизразходвани души,Нявыдаткаваныя душы,使われなかった魂,미사용 영혼,未使用的魂魄,Souls non dépensées,,Harcanmamış Ruhlar,Almas não gastas,Almas não gastas,Almas sin gastar
Urn + Gold Rune,Урна + золотая руна,Урна + Золота руна,Urna + Złote Posągi,Урна + Златна руна,Урна + Залатая руна,壺 + ゴールドルーン,단지 + 황금 룬,瓮 + 金色符文,Urne + Rune dorée,,Urn + Altın Rünü,Urna + Runa dourada,Urna + Runa dourada,Urna + Runa dorada
Urn Colors,Цвета урны,Кольори урн,Kolory Urny,Цветове на урната,Колеры урны,壺の色,단지 색상,瓮的颜色,Couleurs de l'urne,,Urn Renkleri,Cores da urna,Cores da Urna,Colores de urna
Urn Difference,Разница урны,Урна Різниця,Różnica Urny,Урна Разлика,Розніца урны,壺の違い,단지 영혼 차이,团队魂魄百分比差値,Différence d'urne,,Urn Farkı,Diferença de Urna,Diferença da Urna,Diferencia de urna
Urn Timer,Таймер урны,Таймер урни,Timer Urny,Таймер за урната,Таймер урны,壺タイマー,단지 타이머,瓮计时器,Minuteur de l'urne,,Urn Sayacı,Temporizador da urna,Temporizador da urna,Temporizador de urna
Use autoexec or other methods to load these automatically.,Используйте autoexec или другие методы для их автоматической загрузки.,"Використовуйте autoexec або інші методи, щоб завантажити їх автоматично.","Użyj autoexec lub innych sposobów, aby załadować je automatycznie.","Използвайте autoexec или други методи, за да ги заредите автоматично.",Выкарыстоўвай autoexec або іншыя метады для аўтаматычнай загрузкі.,これらを自動的にロードするには、autoexec またはその他のメソッドを使用します。,autoexec 또는 다른 방법을 사용해 자동으로 불러옵니다.,使用 autoexec 或其他方法自动加载它们。,Utilisez autoexec ou d’autres méthodes pour les charger automatiquement.,,Bunları yüklemek için autoexec veya diğer metodları kullan.,Utilize o autoexec ou outros métodos para os carregar automaticamente.,Use autoexec ou outros métodos para carregá-los automaticamente.,Utilice autoexec u otros métodos para cargarlos automáticamente.
Use the compact minimalistic pause screen instead of the default large one.,Использует компактный минималистичный экран паузы вместо большого по умолчанию.,Використовувати компактний мінімалістичний екран паузи замість стандартного великого.,"Użyj kompaktowego, minimalistycznego ekranu pauzy zamiast domyślnego dużego.",Използвайте компактния минималистичен екран за пауза вместо големия по подразбиране.,Выкарыстоўваць кампактны мінімалістычны экран паўзы замест стандартнага вялікага.,デフォルトの大きなポーズ画面の代わりに、コンパクトでミニマルなポーズ画面を使用します。,기존 커다란 일시정지 창을 작고 미니멀한 일시정지 창으로 대체합니다.,使用紧凑的极简暂停界面，而非默认的大型界面。,Utilise l'écran de pause minimaliste compact au lieu du grand écran par défaut.,,Varsayılan büyük duraklatma ekranı yerine kompakt minimalist olanı kullan.,Use o ecrã de pausa minimalista compacto em vez do grande predefinido.,Use a tela de pausa compacta e minimalista em vez da grande padrao.,Usa la pantalla de pausa compacta y minimalista en lugar de la grande predeterminada.
V2 enemy healthbar enhancements.,Улучшения полосок здоровья v2,Покращення панелі здоров'я противника V2.,Ulepszenia paska zdrowia wrogów V2.,V2 подобрения на лентата за здраве на врага.,V2 HP-бара ворага.,V2 敵のヘルスバーの強化。,V2 적 체력바를 보강합니다.,V2 敌人生命条增强功能。,Améliorations des barres de vie ennemies V2.,,V2 düşman can çubuğu iyileştirmesi,Melhorias na barra de saúde do inimigo V2.,Melhorias na barra de saúde do inimigo V2.,Mejoras en la barra de salud del enemigo V2.
Vertical Offset,Верт. положение,Вертикальний зсув,Przesunięcie Pionowe,Вертикално отместване,Вертыкальнае зрушэнне,縦方向オフセット,수직 위치,垂直偏移,Décalage vertical,,Dikey Kaydırma,Deslocamento vertical,Deslocamento vertical,Desplazamiento vertical
Vertical Stretch,Верт. Размер,Вертикальна розтяжка,Rozciągnięcie Pionowe,Вертикално разтягане,Вертыкальнае расцяжэнне,垂直方向のストレッチ,수직 늘이기,垂直拉伸,Étirement vertical,,Dikey Uzatma,Alongamento Vertical,Alongamento Vertical,Estiramiento vertical
View a cooldown timer for reloading time.,Показывает таймер кулдауна времени перезарядки.,Перегляньте таймер відновлення для часу перезавантаження.,Wyświetl licznik czasu przeładowania.,Вижте таймер за охлаждане за време за презареждане.,Паказвае таймер кулдауна для часу перазарадкі.,リロード時間のクールダウン タイマーを表示します。,재장전 시간을 쿨다운 타이머로 표시합니다.,查看换弹耗时的冷却计时器,Affiche un minuteur pour la durée de rechargement.,,Şarjör değiştirme zamanı için bekleme süreci sayacı görüntüle.,Veja um temporizador de resfriamento para recarregar o tempo.,Veja um temporizador pro tempo de recarga.,Vea un temporizador de recuperación para el tiempo de recarga.
View an enhanced minimap on opening ability menu.,Показывает расширенную миникарту при открытии меню способностей.,"Перегляньте розширену міні-карту, відкривши меню здібностей.",Zobacz ulepszoną minimapę w menu umiejętności.,Вижте подобрена миникарта при отваряне на менюто със способности.,Паказвае палепшаную міні-карту пры адкрыцці меню уменняў.,アビリティメニューを開くと、強化されたミニマップが表示されます。,능력 메뉴를 열 때 보강된 미니맵을 표시합니다.,打开技能菜单时查看增强版小地图,Affiche une mini-carte agrandie à  l'ouverture du menu des capacités.,,Yetenek menüsünü açınca geliştirilmiş mini harita görüntüle.,Veja um minimapa aprimorado ao abrir o menu de habilidades.,Veja um minimapa aprimorado ao abrir o menu de habilidades.,Vea un minimapa mejorado al abrir el menú de habilidades.
View an enhanced minimap on opening scoreboard menu.,Показывает расширенную миникарту при открытии табло.,"Перегляньте розширену міні-карту, відкривши меню табло.",Zobacz ulepszoną minimapę po otwarciu tablicy wyników.,Вижте подобрена миникарта при отваряне на менюто на таблото.,Паказвае палепшаную міні-карту пры адкрыцці меню табліцы вынікаў.,スコアボード メニューを開くと、強化されたミニマップが表示されます。,점수창을 열 때 보강된 미니맵을 표시합니다.,打开计分板菜单时查看增强版小地图,Affiche une mini-carte agrandie à  l'ouverture du tableau des scores.,,Skor tablosu menüsünü açınca geliştirilmiş mini harita görüntüle.,Veja um minimapa aprimorado ao abrir o menu do placar.,Veja um minimapa aprimorado ao abrir o menu do placar.,Vea un minimapa mejorado al abrir el menú del marcador.
View the cooldown time of player ultimates.,Показывает время кулдауна ультимейтов игроков.,Перегляньте час відновлення ультиматів гравця.,Zobacz czas odnowienia superumiejętności gracza.,Вижте времето за изчакване на крайните резултати на играча.,Паказвае час кулдауна ультымейтаў гульцоў.,プレイヤーのアルティメットのクールダウン時間を表示します。,각 플레이어의 궁극기 쿨다운을 숫자로 표시합니다.,查看玩家大招的冷却时间,Affiche le temps de recharge des ultimes des joueurs.,,Oyuncu ultilerinin bekleme sürelerini görüntüle.,Veja o tempo de espera dos ultimates do jogador.,Veja o tempo de espera das ultimates dos jogadores.,Ver el tiempo de recuperación de las definitivas del jugador.
View updates,Просмотр обновлений,Переглянути оновлення,Zobacz aktualizacje,Преглед на актуализациите,Прагляд абнаўленняў,更新情報を表示,업데이트 보기,查看更新,Afficher les mises à  jour,,Güncellemeleri görüntüle,Ver atualizações,Ver atualizações,Ver actualizaciones
Violet,Фиолетовый,Фіолетовий,Fioletowy,Виолетов,Фіялетавы,バイオレット,보라색,紫罗兰色,Violet,,Viyole,Violeta,Violeta,Violeta
Visible Stats,Видимые характеристики,Видимі характеристики,Widoczne statystyki,Видими характеристики,Бачныя характарыстыкі,表示するステータス,능력치 보기,显示的属性,Statistiques visibles,,Görünür İstatistikler,Estatísticas visíveis,Estatísticas visíveis,Estadísticas visibles
Visual indicator of your current ammo.,Визуальный индикатор текущих патронов.,Візуальний індикатор ваших поточних боєприпасів.,Wizualny wskaźnik aktualnej amunicji.,Визуален индикатор за текущите ви амуниции.,Візуальны індыкатар бягучага боезапасу.,現在の弾薬を視覚的に示すインジケーター。,현재 남은 총탄을 시각적으로 표시합니다.,当前弹药量的视觉指示器,Indicateur visuel de vos munitions actuelles.,,Mevcut mermi sayınızı gösteren görsel gösterge.,Indicador visual da sua munição atual.,Indicador visual da sua munição atual.,Indicador visual de tu munición actual.
Voice,Голос,Голос,Głos,глас,Голас,声,목소리,声音类型,Voix,,Ses,Voz,Voz,Voz
Voice Actor:,Актёр озвучки:,Актор озвучення:,Aktor Głosowy:,Гласов актьор:,Акцёр агучкі:,声優:,성우:,配音演员：,Acteur vocal :,,Ses Sanatçısı:,Ator de voz:,Ator de voz:,Actor de voz:
Void,Тёмный,Порожнеча,Otchłań,Празнота,Пустэча,ヴォイド,공허,虚空色,Néant,,Hiçlik Moru,Vazio,Vazio,Vacío
Volume,Громкость,Обсяг,Głośność,Обем,Гучнасць,音量,음량,音量,Volume,,Ses Düzeyi,Volume,Volume,Volumen
Volume for Deadlock For Dummies reminder audio.,Громкость звука напоминания Deadlock For Dummies.,Гучність звуку нагадування Deadlock For Dummies.,Głośność dźwięków przypomnień Deadlock For Dummies.,Сила на звука за аудио напомняне Deadlock For Dummies.,Гучнасць гукавых напамінаў Deadlock For Dummies.,Deadlock For Dummies リマインダー音声の音量。,데드락 초심자 가이드 오디오의 음량을 조절합니다.,Deadlock For Dummies 提醒音频的音量。,Volume du rappel audio Deadlock For Dummies.,,Deadlock For Dummies hatırlatma ses düzeyi.,Volume para áudio de lembrete Deadlock For Dummies.,Volume para áudio de lembrete Deadlock For Dummies.,Volumen para el audio de recordatorio Deadlock For Dummies.
Walker Weak,Шагоход ослаблен,Ходунок слабкий,Słaby Stąpacz,Проходилка отслабена,Воукер аслаблены,ウォーカー弱体,워커 약화,步行者弱化,Marcheur affaibli,,Walker Güçsüz,Andarilho enfraquecido,Andador enfraquecido,Andador debilitado
warning,предупреждение,УВАГА,ostrzeżenie,предупреждение,папярэджанне,警告,경고,警告,avertissement,,uyarı,aviso,aviso,advertencia
Weapon Damage %: --,Урон оружия %: --,% шкоди від зброї: --,% Obrażeń Broni: --,% щети на оръжието: --,Урон зброі %: --,武器ダメージ%: --,무기 피해 %: --,武器伤害%：--,% de dégâts de l'arme : --,,Silah Hasarı %: --,% de dano da arma: --,% de dano da arma: --,% de daño del arma: --
Weapon Power,Сила оружия,Сила зброї,Moc broni,Сила на оръжието,Сіла зброі,武器パワー,무기 강화,武器强度,Puissance d'arme,,Silah Gücü,Poder de arma,Poder de arma,Poder de arma
Welcome to QOL Lock,Добро пожаловать в QOL Lock,Ласкаво просимо до QOL Lock,Witamy w QOL Lock,Добре дошли в QOL Lock,Вітаем у QOL Lock,QOL Lockへようこそ,QOL Lock에 오신 것을 환영합니다.,欢迎使用 QOL Lock,Bienvenue sur QOL Lock,,QOL Lock'a Hoş Geldiniz,Bem-vindo ao QOL Lock,Bem-vindo ao QOL Lock,Bienvenido a QOL Lock
Whack a Rem,Whack a Rem,Whack a Rem,Pacnij Rema,Whack a Rem,Whack a Rem,ワックアレム,렘더지 잡기,打地鼠雷姆,Whack a Rem,,Whack a Rem,Whack a Rem,Whack a Rem,Whack a Rem
"Which events cause a sound to play. Camps are one time, Buff is every 5 minutes.","Какие события воспроизводят звук. Крипы — единожды, руны — каждые 5 минут.","Які події викликають відтворення звуку. Табори одноразові, бафф кожні 5 хвилин.","Które zdarzenia powodują odtworzenie dźwięku. Dla potworów dźwięki są jednorazowe, dla wzmocnień mostowych grają co 5 minut.","Кои събития предизвикват възпроизвеждане на звук. Лагерите са еднократни, Buff е на всеки 5 минути.","Якія падзеі выклікаюць прайграванне гуку. Лагеры — адзін раз, Руна — кожныя 5 хвілін.",どのイベントによってサウンドが再生されるのか。キャンプは1回、バフは5分ごとです。,레이스의 블랙잭,哪些事件会触发声音播放Camps 只播一次，Buff 每 5 分钟播放一次,"Définit quels événements déclenchent un son. Camps = une seule fois (spawn) , Buff = toutes les 5 minutes",,"Hangi olayların ses oynatacağını belirler. Kamplar bir kere, Buff'lar her 5 dakikada bir.","Quais eventos fazem com que um som seja reproduzido. Os acampamentos são únicos, o Buff é a cada 5 minutos.","Quais eventos fazem com que um som seja reproduzido. Os acampamentos são únicos, o Buff é a cada 5 minutos.","Qué eventos hacen que se reproduzca un sonido. Los campamentos son una vez, Buff es cada 5 minutos."
White,Белый,Білий,Biały,Бял,Белы,ホワイト,하얀색,白色,Blanc,,Beyaz,Branco,Branco,Blanco
Without them QOL Lock would not be possible.,Без них QOL Lock был бы невозможен.,Без них блокування QOL було б неможливим.,Bez nich QOL Lock nie byłby możliwy.,Без тях QOL Lock не би било възможно.,Без іх QOL Lock быў бы немагчымы.,これらがなければ、QOL ロックは不可能になります。,QOL Lock은 이 분들의 도움 없이는 불가능했습니다.,没有他们，QOL Lock 就不可能实现。,"Sans eux, QOL Lock ne serait pas possible.",,Onlar olmadan QOL Lock gerçek olamazdı.,Sem eles o QOL Lock não seria possível.,Sem eles o QOL Lock não seria possível.,"Sin ellos, QOL Lock no sería posible."
Wraithjack,Wraithjack,Wraithjack,WraithJack,Wraithjack,Wraithjack,レイスジャック,레이스의 블랙잭,二十一点,Wraithjack,,Wraithjack,Wraithjack,Wraithjack,Wraithjack
Writing settings string to build...,Записываем строку настроек в билд...,Запис рядка налаштувань для створення...,Zapisywanie ciągu ustawień do builda...,Записване на низ с настройки за изграждане...,Запіс радка налад у білд...,ビルドする設定文字列を書き込んでいます...,설정 문자열을 만드는 중...,正在写入构筑的设置字符串……,Écriture de la chaîne de code de paramètres à  construire...,,Ayarlar metin dizesi build'a yazılıyor...,Escrevendo string de configurações para construir...,Escrevendo string de configurações para build...,Escribiendo cadena de configuración para construir...
XQC,XQC,XQC,XQC,XQC,XQC,XQC,XQC,XQC,XQC,,XQC,XQC,XQC,XQC
Yellow,Жёлтый,Жовтий,Żółty,Жълт,Жоўты,イエロー,노란색,黄色,Jaune,,Sarı,Amarelo,Amarelo,Amarillo
yoshii pls hire me,"йоши, пж, найми меня","yoshii, будь ласка, найміть мене","yoshii zatrudnij mnie, proszę","йоши, моля, наемете ме",yoshii калі ласка вазьмі мяне на працу,吉井、私を雇ってください,요시님 저를 고용해줘요,吉井请雇用我,"Yoshii, s'il te plaît, engage-moi",,yoshii lütfen beni işe al,yoshii por favor contratem-me,yoshii pfv me contrata,yoshii por favor contratame
"You can download custom announcer packs, just download the correct one for the slot you want to replace.","Вы можете скачать кастомные наборы озвучки, просто скачайте правильный для того слота, который хотите заменить.","Ви можете завантажити спеціальні пакети дикторів, просто завантажте правильний для слота, який ви хочете замінити.","Możesz pobrać niestandardowe pakiety komentatorów, po prostu pobierz odpowiedni dla slotu, który chcesz zastąpić.","Можете да изтеглите персонализирани пакети за говорители, просто изтеглете правилния за слота, който искате да замените.","Ты можаш спампаваць кастомныя пакеты дыктара, проста спампуй патрэбны для слота, які хочаш замяніць.",カスタム アナウンサー パックをダウンロードできます。交換するスロットに適したものをダウンロードするだけです。,맞춤 설정된 아나운서 팩을 다운로드받을 수 있습니다. 원하는 슬롯에 원하는 아나운서 파일을 다운로드하세요.,你可以下载自定义提示音效包，只需下载对应你要替换的槽位版本,"Vous pouvez télécharger des packs d'annonceur personnalisés, il suffit de prendre celui du slot que vous voulez remplacer.",,Özel spiker paketleri indirebilirsiniz. Sadece değiştirmek istediğiniz,"Você pode baixar pacotes de locutores personalizados, basta baixar o correto para o slot que deseja substituir.","Você pode baixar pacotes de locutores personalizados, basta baixar o correto para o slot que deseja substituir.","Puede descargar paquetes de locutores personalizados, simplemente descargue el correcto para el espacio que desea reemplazar."
You can support development by commissioning features or presets.,"Вы можете поддержать разработку, заказав фичи или пресеты.","Ви можете підтримувати розробку, вводячи в експлуатацію функції або попередні налаштування.","Możesz wspierać rozwój, zlecając funkcje lub presety.",Можете да подпомогнете разработката чрез въвеждане в експлоатация на функции или предварително зададени настройки.,"Ты можаш падтрымаць распрацоўку, заказваючы функцыі або прэсеты.",機能やプリセットをコミッショニングすることで開発をサポートできます。,기능 또는 프리셋을 의뢰하여 개발을 후원할 수 있습니다.,您可以通过调试功能或预设来支持开发。,Vous pouvez supporter le développement en commissionnant des fonctionnalités ou des préréglages.,,Özellik veya hazır ayar sipariş ederek geliştirmeyi destekleyebilirsiniz.,Você pode apoiar o desenvolvimento comissionando recursos ou predefinições.,Você pode apoiar o desenvolvimento comissionando recursos ou predefinições.,Puedes apoyar el desarrollo encargando funciones o preajustes.
You win.,Вы выиграли.,Ви виграєте.,Wygrywasz.,Вие печелите.,Ты перамог.,あなたが勝ちます。,당신의 승리입니다.,你赢了。,Vous gagnez.,,Kazandın.,Você vence.,Você venceu.,Tú ganas.
Zerggy Mania,Zerggy Mania,Zerggy Mania,Zerggy Mania,Зерги мания,Zerggy Mania,ザーギーマニア,Zerggy 매니아,Zerggy 狂热,Zerggy Spam,,Zerggy Mania,Zerggy Mania,Zerggy Mania,Zerggy Mania
ZIP BOOST,Ускорение зиплайна,ZIP BOOST,WZMOCNIENIE TYROLKI,ZIP BOOST,ZIP BOOST,ジップブースト,집라인 부스트,拉链提升,ZIP BOOST,,ZIPLINE HIZLANDIRMASI,AUMENTO DE ZIP,ZIP BOOST,Boost de via rápida
Zip Boost,Ускорение зиплайна,Zip Boost,Wzmocnienie Tyrolki,Zip Boost,Zip Boost,ジップブースト,집라인 부스트,拉链提升,Zip Boost,,Zip Hızlandırması,Zip Boost,Zip Boost,Boost de via rápida
Zip Thickness,Толщина зиплайна,Товщина блискавки,Grubość Tyrolki,Дебелина на ципа,Zip Thickness,ジッパーの厚さ,집라인 굵기,滑索厚度,Épaisseur de la tyrolienne,,Zip Kalınlığı,Espessura do zíper,Espessura da Zipline,Grosor de la via rápida
Zipline Boost,Ускорение на зиплайне,Zipline Boost,Wzmocnienie Tyrolki,Zipline Boost,Zipline Boost,ジップラインブースト,집라인 부스트,滑索提升,Boost tyrolienne,,Zipline Hızlandırması,Impulso de tirolesa,Impulso da Zipline,Boost de via rápida
